ISO-10303-21;
HEADER;
FILE_DESCRIPTION((''),'1');
FILE_NAME('outfile.stp','2026-10-03T22:17:40',(''),(''),'','','');
FILE_SCHEMA(('CONFIG_CONTROL_DESIGN'));
ENDSEC;
DATA;
#1=CALENDAR_DATE(2000,1,1);
#2=COORDINATED_UNIVERSAL_TIME_OFFSET(0,0,.BEHIND.);
#3=LOCAL_TIME(12,0,0.,#2);
#4=DATE_AND_TIME(#1,#3);
#5=DIMENSIONAL_EXPONENTS(0.,0.,0.,0.,0.,0.,0.);
#6=(
LENGTH_UNIT()
NAMED_UNIT(*)
SI_UNIT(.MILLI.,.METRE.)
);
#7=LENGTH_MEASURE_WITH_UNIT(LENGTH_MEASURE(304.8),#6);
#8=DIMENSIONAL_EXPONENTS(1.,0.,0.,0.,0.,0.,0.);
#9=(
CONVERSION_BASED_UNIT('FOOT',#7)
LENGTH_UNIT()
NAMED_UNIT(#8)
);
#10=UNCERTAINTY_MEASURE_WITH_UNIT(LENGTH_MEASURE(1.E-06),#9,'closure','Threshold below which geometry imperfections (such as overlaps) are not considered errors.');
#11=(
NAMED_UNIT(*)
PLANE_ANGLE_UNIT()
SI_UNIT($,.RADIAN.)
);
#12=PLANE_ANGLE_MEASURE_WITH_UNIT(PLANE_ANGLE_MEASURE(0.0174532925199433),#11);
#13=(
CONVERSION_BASED_UNIT('DEGREES',#12)
NAMED_UNIT(#5)
PLANE_ANGLE_UNIT()
);
#14=(
NAMED_UNIT(*)
SI_UNIT($,.STERADIAN.)
SOLID_ANGLE_UNIT()
);
#15=(
GEOMETRIC_REPRESENTATION_CONTEXT(3)
GLOBAL_UNCERTAINTY_ASSIGNED_CONTEXT((#10))
GLOBAL_UNIT_ASSIGNED_CONTEXT((#9,#13,#14))
REPRESENTATION_CONTEXT('STANDARD','3D')
);
#16=CARTESIAN_POINT('',(0.,0.,0.));
#17=DIRECTION('',(0.,0.,1.));
#18=DIRECTION('',(1.,0.,0.));
#19=AXIS2_PLACEMENT_3D('',#16,#17,#18);
#20=APPLICATION_CONTEXT('configuration controlled 3d designs of mechanical parts and assemblies');
#21=MECHANICAL_CONTEXT('',#20,'mechanical');
#22=APPLICATION_PROTOCOL_DEFINITION('international standard','config_control_design',1994,#20);
#23=DESIGN_CONTEXT('',#20,'design');
#24=PRODUCT('','prodname','',(#21));
#25=PRODUCT_RELATED_PRODUCT_CATEGORY('assembly','',(#24));
#26=PRODUCT_DEFINITION_FORMATION_WITH_SPECIFIED_SOURCE('','',#24,.MADE.);
#27=PRODUCT_DEFINITION('','',#26,#23);
#28=PRODUCT_DEFINITION_SHAPE('','ProductShapeDescription',#27);
#29=SHAPE_REPRESENTATION('',(#19),#15);
#30=SHAPE_DEFINITION_REPRESENTATION(#28,#29);
#31=PERSON('','Doe','John',$,$,$);
#32=ORGANIZATION('','','');
#33=PERSON_AND_ORGANIZATION(#31,#32);
#34=PERSON_AND_ORGANIZATION_ROLE('creator');
#35=PERSON_AND_ORGANIZATION_ROLE('design_owner');
#36=PERSON_AND_ORGANIZATION_ROLE('design_supplier');
#37=APPROVAL_STATUS('approved');
#38=APPROVAL(#37,'');
#39=APPROVAL_DATE_TIME(#4,#38);
#40=APPROVAL_ROLE('approver');
#41=APPROVAL_PERSON_ORGANIZATION(#33,#38,#40);
#42=SECURITY_CLASSIFICATION_LEVEL('unclassified');
#43=SECURITY_CLASSIFICATION('','',#42);
#44=CC_DESIGN_SECURITY_CLASSIFICATION(#43,(#26));
#45=PERSON_AND_ORGANIZATION_ROLE('classification_officer');
#46=CC_DESIGN_PERSON_AND_ORGANIZATION_ASSIGNMENT(#33,#45,(#43));
#47=DATE_TIME_ROLE('classification_date');
#48=CC_DESIGN_DATE_AND_TIME_ASSIGNMENT(#4,#47,(#43));
#49=CC_DESIGN_APPROVAL(#38,(#27,#26,#43));
#50=CC_DESIGN_PERSON_AND_ORGANIZATION_ASSIGNMENT(#33,#34,(#27,#26));
#51=CC_DESIGN_PERSON_AND_ORGANIZATION_ASSIGNMENT(#33,#36,(#26));
#52=DATE_TIME_ROLE('creation_date');
#53=CC_DESIGN_DATE_AND_TIME_ASSIGNMENT(#4,#52,(#27));
#54=CC_DESIGN_PERSON_AND_ORGANIZATION_ASSIGNMENT(#33,#35,(#24));
#55=B_SPLINE_SURFACE_WITH_KNOTS('Surf_PSTMSIZYNV, FuselageGeom, 0, 0',3,3,((#56, #57, #58, #65, #66, #67, #68),(#59, #60, #61, #69, #70, #71, #72),(#62, #63, #64, #73, #74, #75, #76),(#77, #78, #79, #89, #90, #91, #92),(#80, #81, #82, #93, #94, #95, #96),(#83, #84, #85, #97, #98, #99, #100),(#86, #87, #88, #101, #102, #103, #104)),.UNSPECIFIED.,.F.,.F.,.F.,(4,3,4),(4,3,4),(0.,1.,2.),(0.,1.,2.),.PIECEWISE_BEZIER_KNOTS.);
#56=CARTESIAN_POINT('',(0.,0.,0.));
#57=CARTESIAN_POINT('',(0.,0.,0.));
#58=CARTESIAN_POINT('',(0.,0.,0.));
#59=CARTESIAN_POINT('',(0.461400720632294,-3.70074341541719E-17,-0.461400720632294));
#60=CARTESIAN_POINT('',(0.461400720632294,0.115350180158073,-0.461400720632294));
#61=CARTESIAN_POINT('',(0.461400720632294,0.230700360316147,-0.403725630553257));
#62=CARTESIAN_POINT('',(1.66666666666667,0.,-0.75));
#63=CARTESIAN_POINT('',(1.66666666666667,0.206968134185067,-0.75));
#64=CARTESIAN_POINT('',(1.66666666666667,0.394468134185066,-0.665984067092533));
#65=CARTESIAN_POINT('',(0.,0.,0.));
#66=CARTESIAN_POINT('',(0.,0.,3.70074341541719E-17));
#67=CARTESIAN_POINT('',(0.,0.,0.));
#68=CARTESIAN_POINT('',(0.,0.,0.));
#69=CARTESIAN_POINT('',(0.461400720632294,0.317212995434702,-0.317212995434702));
#70=CARTESIAN_POINT('',(0.461400720632294,0.403725630553257,-0.230700360316147));
#71=CARTESIAN_POINT('',(0.461400720632294,0.461400720632294,-0.115350180158073));
#72=CARTESIAN_POINT('',(0.461400720632294,0.461400720632294,0.));
#73=CARTESIAN_POINT('',(1.66666666666667,0.5302261006388,-0.5302261006388));
#74=CARTESIAN_POINT('',(1.66666666666667,0.665984067092533,-0.394468134185066));
#75=CARTESIAN_POINT('',(1.66666666666667,0.75,-0.206968134185067));
#76=CARTESIAN_POINT('',(1.66666666666667,0.75,0.));
#77=CARTESIAN_POINT('',(2.5,0.,-0.75));
#78=CARTESIAN_POINT('',(2.5,0.206968134185067,-0.75));
#79=CARTESIAN_POINT('',(2.5,0.394468134185066,-0.665984067092533));
#80=CARTESIAN_POINT('',(3.33333333333333,0.,-0.75));
#81=CARTESIAN_POINT('',(3.33333333333333,0.206968134185067,-0.75));
#82=CARTESIAN_POINT('',(3.33333333333333,0.394468134185066,-0.665984067092533));
#83=CARTESIAN_POINT('',(4.16666666666667,0.,-0.75));
#84=CARTESIAN_POINT('',(4.16666666666667,0.206968134185067,-0.75));
#85=CARTESIAN_POINT('',(4.16666666666667,0.394468134185066,-0.665984067092533));
#86=CARTESIAN_POINT('',(5.,0.,-0.75));
#87=CARTESIAN_POINT('',(5.,0.206968134185067,-0.75));
#88=CARTESIAN_POINT('',(5.,0.394468134185066,-0.665984067092533));
#89=CARTESIAN_POINT('',(2.5,0.5302261006388,-0.5302261006388));
#90=CARTESIAN_POINT('',(2.5,0.665984067092533,-0.394468134185066));
#91=CARTESIAN_POINT('',(2.5,0.75,-0.206968134185066));
#92=CARTESIAN_POINT('',(2.5,0.75,0.));
#93=CARTESIAN_POINT('',(3.33333333333333,0.5302261006388,-0.5302261006388));
#94=CARTESIAN_POINT('',(3.33333333333333,0.665984067092533,-0.394468134185066));
#95=CARTESIAN_POINT('',(3.33333333333333,0.75,-0.206968134185067));
#96=CARTESIAN_POINT('',(3.33333333333333,0.75,0.));
#97=CARTESIAN_POINT('',(4.16666666666667,0.5302261006388,-0.5302261006388));
#98=CARTESIAN_POINT('',(4.16666666666667,0.665984067092533,-0.394468134185066));
#99=CARTESIAN_POINT('',(4.16666666666667,0.75,-0.206968134185067));
#100=CARTESIAN_POINT('',(4.16666666666667,0.75,0.));
#101=CARTESIAN_POINT('',(5.,0.5302261006388,-0.5302261006388));
#102=CARTESIAN_POINT('',(5.,0.665984067092533,-0.394468134185066));
#103=CARTESIAN_POINT('',(5.,0.75,-0.206968134185067));
#104=CARTESIAN_POINT('',(5.,0.75,0.));
#105=B_SPLINE_SURFACE_WITH_KNOTS('Surf_PSTMSIZYNV, FuselageGeom, 0, 1',3,3,((#106, #107, #108, #115, #116, #117, #118),(#109, #110, #111, #119, #120, #121, #122),(#112, #113, #114, #123, #124, #125, #126),(#127, #128, #129, #139, #140, #141, #142),(#130, #131, #132, #143, #144, #145, #146),(#133, #134, #135, #147, #148, #149, #150),(#136, #137, #138, #151, #152, #153, #154)),.UNSPECIFIED.,.F.,.F.,.F.,(4,3,4),(4,3,4),(0.,1.,2.),(0.,1.,2.),.PIECEWISE_BEZIER_KNOTS.);
#106=CARTESIAN_POINT('',(0.,0.,0.));
#107=CARTESIAN_POINT('',(0.,0.,1.85037170770859E-17));
#108=CARTESIAN_POINT('',(0.,0.,0.));
#109=CARTESIAN_POINT('',(0.461400720632294,-0.461400720632294,-7.40148683083438E-17));
#110=CARTESIAN_POINT('',(0.461400720632294,-0.461400720632294,-0.115350180158073));
#111=CARTESIAN_POINT('',(0.461400720632294,-0.403725630553257,-0.230700360316147));
#112=CARTESIAN_POINT('',(1.66666666666667,-0.75,0.));
#113=CARTESIAN_POINT('',(1.66666666666667,-0.75,-0.206968134185067));
#114=CARTESIAN_POINT('',(1.66666666666667,-0.665984067092533,-0.394468134185066));
#115=CARTESIAN_POINT('',(0.,0.,0.));
#116=CARTESIAN_POINT('',(0.,0.,0.));
#117=CARTESIAN_POINT('',(0.,0.,0.));
#118=CARTESIAN_POINT('',(0.,0.,0.));
#119=CARTESIAN_POINT('',(0.461400720632294,-0.317212995434702,-0.317212995434702));
#120=CARTESIAN_POINT('',(0.461400720632294,-0.230700360316147,-0.403725630553257));
#121=CARTESIAN_POINT('',(0.461400720632294,-0.115350180158073,-0.461400720632294));
#122=CARTESIAN_POINT('',(0.461400720632294,-3.70074341541719E-17,-0.461400720632294));
#123=CARTESIAN_POINT('',(1.66666666666667,-0.5302261006388,-0.5302261006388));
#124=CARTESIAN_POINT('',(1.66666666666667,-0.394468134185067,-0.665984067092533));
#125=CARTESIAN_POINT('',(1.66666666666667,-0.206968134185067,-0.75));
#126=CARTESIAN_POINT('',(1.66666666666667,0.,-0.75));
#127=CARTESIAN_POINT('',(2.5,-0.75,0.));
#128=CARTESIAN_POINT('',(2.5,-0.75,-0.206968134185066));
#129=CARTESIAN_POINT('',(2.5,-0.665984067092533,-0.394468134185066));
#130=CARTESIAN_POINT('',(3.33333333333333,-0.75,0.));
#131=CARTESIAN_POINT('',(3.33333333333333,-0.75,-0.206968134185067));
#132=CARTESIAN_POINT('',(3.33333333333333,-0.665984067092533,-0.394468134185066));
#133=CARTESIAN_POINT('',(4.16666666666667,-0.75,0.));
#134=CARTESIAN_POINT('',(4.16666666666667,-0.75,-0.206968134185067));
#135=CARTESIAN_POINT('',(4.16666666666667,-0.665984067092533,-0.394468134185066));
#136=CARTESIAN_POINT('',(5.,-0.75,0.));
#137=CARTESIAN_POINT('',(5.,-0.75,-0.206968134185067));
#138=CARTESIAN_POINT('',(5.,-0.665984067092533,-0.394468134185066));
#139=CARTESIAN_POINT('',(2.5,-0.5302261006388,-0.5302261006388));
#140=CARTESIAN_POINT('',(2.5,-0.394468134185067,-0.665984067092533));
#141=CARTESIAN_POINT('',(2.5,-0.206968134185067,-0.75));
#142=CARTESIAN_POINT('',(2.5,0.,-0.75));
#143=CARTESIAN_POINT('',(3.33333333333333,-0.5302261006388,-0.5302261006388));
#144=CARTESIAN_POINT('',(3.33333333333333,-0.394468134185067,-0.665984067092533));
#145=CARTESIAN_POINT('',(3.33333333333333,-0.206968134185067,-0.75));
#146=CARTESIAN_POINT('',(3.33333333333333,0.,-0.75));
#147=CARTESIAN_POINT('',(4.16666666666667,-0.5302261006388,-0.5302261006388));
#148=CARTESIAN_POINT('',(4.16666666666667,-0.394468134185067,-0.665984067092533));
#149=CARTESIAN_POINT('',(4.16666666666667,-0.206968134185067,-0.75));
#150=CARTESIAN_POINT('',(4.16666666666667,0.,-0.75));
#151=CARTESIAN_POINT('',(5.,-0.5302261006388,-0.5302261006388));
#152=CARTESIAN_POINT('',(5.,-0.394468134185067,-0.665984067092533));
#153=CARTESIAN_POINT('',(5.,-0.206968134185067,-0.75));
#154=CARTESIAN_POINT('',(5.,0.,-0.75));
#155=B_SPLINE_SURFACE_WITH_KNOTS('Surf_PSTMSIZYNV, FuselageGeom, 0, 2',3,3,((#156, #157, #158, #165, #166, #167, #168),(#159, #160, #161, #169, #170, #171, #172),(#162, #163, #164, #173, #174, #175, #176),(#177, #178, #179, #189, #190, #191, #192),(#180, #181, #182, #193, #194, #195, #196),(#183, #184, #185, #197, #198, #199, #200),(#186, #187, #188, #201, #202, #203, #204)),.UNSPECIFIED.,.F.,.F.,.F.,(4,3,4),(4,3,4),(0.,1.,2.),(0.,1.,2.),.PIECEWISE_BEZIER_KNOTS.);
#156=CARTESIAN_POINT('',(0.,0.,0.));
#157=CARTESIAN_POINT('',(0.,0.,0.));
#158=CARTESIAN_POINT('',(0.,3.70074341541719E-17,0.));
#159=CARTESIAN_POINT('',(0.461400720632294,-1.45716771982052E-16,0.461400720632294));
#160=CARTESIAN_POINT('',(0.461400720632294,-0.115350180158074,0.461400720632294));
#161=CARTESIAN_POINT('',(0.461400720632294,-0.230700360316147,0.403725630553257));
#162=CARTESIAN_POINT('',(1.66666666666667,0.,0.75));
#163=CARTESIAN_POINT('',(1.66666666666667,-0.206968134185067,0.75));
#164=CARTESIAN_POINT('',(1.66666666666667,-0.394468134185067,0.665984067092533));
#165=CARTESIAN_POINT('',(0.,0.,0.));
#166=CARTESIAN_POINT('',(0.,0.,-3.70074341541719E-17));
#167=CARTESIAN_POINT('',(0.,0.,0.));
#168=CARTESIAN_POINT('',(0.,0.,0.));
#169=CARTESIAN_POINT('',(0.461400720632294,-0.317212995434702,0.317212995434702));
#170=CARTESIAN_POINT('',(0.461400720632294,-0.403725630553257,0.230700360316147));
#171=CARTESIAN_POINT('',(0.461400720632294,-0.461400720632294,0.115350180158073));
#172=CARTESIAN_POINT('',(0.461400720632294,-0.461400720632294,-7.40148683083438E-17));
#173=CARTESIAN_POINT('',(1.66666666666667,-0.5302261006388,0.5302261006388));
#174=CARTESIAN_POINT('',(1.66666666666667,-0.665984067092533,0.394468134185066));
#175=CARTESIAN_POINT('',(1.66666666666667,-0.75,0.206968134185067));
#176=CARTESIAN_POINT('',(1.66666666666667,-0.75,0.));
#177=CARTESIAN_POINT('',(2.5,0.,0.75));
#178=CARTESIAN_POINT('',(2.5,-0.206968134185067,0.75));
#179=CARTESIAN_POINT('',(2.5,-0.394468134185067,0.665984067092533));
#180=CARTESIAN_POINT('',(3.33333333333333,0.,0.75));
#181=CARTESIAN_POINT('',(3.33333333333333,-0.206968134185067,0.75));
#182=CARTESIAN_POINT('',(3.33333333333333,-0.394468134185067,0.665984067092533));
#183=CARTESIAN_POINT('',(4.16666666666667,0.,0.75));
#184=CARTESIAN_POINT('',(4.16666666666667,-0.206968134185067,0.75));
#185=CARTESIAN_POINT('',(4.16666666666667,-0.394468134185067,0.665984067092533));
#186=CARTESIAN_POINT('',(5.,0.,0.75));
#187=CARTESIAN_POINT('',(5.,-0.206968134185067,0.75));
#188=CARTESIAN_POINT('',(5.,-0.394468134185067,0.665984067092533));
#189=CARTESIAN_POINT('',(2.5,-0.5302261006388,0.5302261006388));
#190=CARTESIAN_POINT('',(2.5,-0.665984067092533,0.394468134185066));
#191=CARTESIAN_POINT('',(2.5,-0.75,0.206968134185066));
#192=CARTESIAN_POINT('',(2.5,-0.75,0.));
#193=CARTESIAN_POINT('',(3.33333333333333,-0.5302261006388,0.5302261006388));
#194=CARTESIAN_POINT('',(3.33333333333333,-0.665984067092533,0.394468134185066));
#195=CARTESIAN_POINT('',(3.33333333333333,-0.75,0.206968134185067));
#196=CARTESIAN_POINT('',(3.33333333333333,-0.75,0.));
#197=CARTESIAN_POINT('',(4.16666666666667,-0.5302261006388,0.5302261006388));
#198=CARTESIAN_POINT('',(4.16666666666667,-0.665984067092533,0.394468134185066));
#199=CARTESIAN_POINT('',(4.16666666666667,-0.75,0.206968134185067));
#200=CARTESIAN_POINT('',(4.16666666666667,-0.75,0.));
#201=CARTESIAN_POINT('',(5.,-0.5302261006388,0.5302261006388));
#202=CARTESIAN_POINT('',(5.,-0.665984067092533,0.394468134185066));
#203=CARTESIAN_POINT('',(5.,-0.75,0.206968134185067));
#204=CARTESIAN_POINT('',(5.,-0.75,0.));
#205=B_SPLINE_SURFACE_WITH_KNOTS('Surf_PSTMSIZYNV, FuselageGeom, 0, 3',3,3,((#206, #207, #208, #215, #216, #217, #218),(#209, #210, #211, #219, #220, #221, #222),(#212, #213, #214, #223, #224, #225, #226),(#227, #228, #229, #239, #240, #241, #242),(#230, #231, #232, #243, #244, #245, #246),(#233, #234, #235, #247, #248, #249, #250),(#236, #237, #238, #251, #252, #253, #254)),.UNSPECIFIED.,.F.,.F.,.F.,(4,3,4),(4,3,4),(0.,1.,2.),(0.,1.,2.),.PIECEWISE_BEZIER_KNOTS.);
#206=CARTESIAN_POINT('',(0.,0.,0.));
#207=CARTESIAN_POINT('',(0.,0.,0.));
#208=CARTESIAN_POINT('',(0.,0.,0.));
#209=CARTESIAN_POINT('',(0.461400720632294,0.461400720632294,0.));
#210=CARTESIAN_POINT('',(0.461400720632294,0.461400720632294,0.115350180158073));
#211=CARTESIAN_POINT('',(0.461400720632294,0.403725630553257,0.230700360316147));
#212=CARTESIAN_POINT('',(1.66666666666667,0.75,0.));
#213=CARTESIAN_POINT('',(1.66666666666667,0.75,0.206968134185067));
#214=CARTESIAN_POINT('',(1.66666666666667,0.665984067092533,0.394468134185066));
#215=CARTESIAN_POINT('',(0.,0.,-3.70074341541719E-17));
#216=CARTESIAN_POINT('',(0.,0.,0.));
#217=CARTESIAN_POINT('',(0.,0.,0.));
#218=CARTESIAN_POINT('',(0.,0.,0.));
#219=CARTESIAN_POINT('',(0.461400720632294,0.317212995434702,0.317212995434702));
#220=CARTESIAN_POINT('',(0.461400720632294,0.230700360316147,0.403725630553257));
#221=CARTESIAN_POINT('',(0.461400720632294,0.115350180158073,0.461400720632294));
#222=CARTESIAN_POINT('',(0.461400720632294,-1.45716771982052E-16,0.461400720632294));
#223=CARTESIAN_POINT('',(1.66666666666667,0.5302261006388,0.5302261006388));
#224=CARTESIAN_POINT('',(1.66666666666667,0.394468134185066,0.665984067092533));
#225=CARTESIAN_POINT('',(1.66666666666667,0.206968134185067,0.75));
#226=CARTESIAN_POINT('',(1.66666666666667,0.,0.75));
#227=CARTESIAN_POINT('',(2.5,0.75,0.));
#228=CARTESIAN_POINT('',(2.5,0.75,0.206968134185066));
#229=CARTESIAN_POINT('',(2.5,0.665984067092533,0.394468134185066));
#230=CARTESIAN_POINT('',(3.33333333333333,0.75,0.));
#231=CARTESIAN_POINT('',(3.33333333333333,0.75,0.206968134185067));
#232=CARTESIAN_POINT('',(3.33333333333333,0.665984067092533,0.394468134185066));
#233=CARTESIAN_POINT('',(4.16666666666667,0.75,0.));
#234=CARTESIAN_POINT('',(4.16666666666667,0.75,0.206968134185067));
#235=CARTESIAN_POINT('',(4.16666666666667,0.665984067092533,0.394468134185066));
#236=CARTESIAN_POINT('',(5.,0.75,0.));
#237=CARTESIAN_POINT('',(5.,0.75,0.206968134185067));
#238=CARTESIAN_POINT('',(5.,0.665984067092533,0.394468134185066));
#239=CARTESIAN_POINT('',(2.5,0.5302261006388,0.5302261006388));
#240=CARTESIAN_POINT('',(2.5,0.394468134185066,0.665984067092533));
#241=CARTESIAN_POINT('',(2.5,0.206968134185067,0.75));
#242=CARTESIAN_POINT('',(2.5,0.,0.75));
#243=CARTESIAN_POINT('',(3.33333333333333,0.5302261006388,0.5302261006388));
#244=CARTESIAN_POINT('',(3.33333333333333,0.394468134185066,0.665984067092533));
#245=CARTESIAN_POINT('',(3.33333333333333,0.206968134185067,0.75));
#246=CARTESIAN_POINT('',(3.33333333333333,0.,0.75));
#247=CARTESIAN_POINT('',(4.16666666666667,0.5302261006388,0.5302261006388));
#248=CARTESIAN_POINT('',(4.16666666666667,0.394468134185066,0.665984067092533));
#249=CARTESIAN_POINT('',(4.16666666666667,0.206968134185067,0.75));
#250=CARTESIAN_POINT('',(4.16666666666667,0.,0.75));
#251=CARTESIAN_POINT('',(5.,0.5302261006388,0.5302261006388));
#252=CARTESIAN_POINT('',(5.,0.394468134185066,0.665984067092533));
#253=CARTESIAN_POINT('',(5.,0.206968134185067,0.75));
#254=CARTESIAN_POINT('',(5.,0.,0.75));
#255=B_SPLINE_SURFACE_WITH_KNOTS('Surf_PSTMSIZYNV, FuselageGeom, 0, 4',3,3,((#256, #257, #258, #265, #266, #267, #268),(#259, #260, #261, #269, #270, #271, #272),(#262, #263, #264, #273, #274, #275, #276),(#277, #278, #279, #289, #290, #291, #292),(#280, #281, #282, #293, #294, #295, #296),(#283, #284, #285, #297, #298, #299, #300),(#286, #287, #288, #301, #302, #303, #304)),.UNSPECIFIED.,.F.,.F.,.F.,(4,3,4),(4,3,4),(0.,1.,2.),(0.,1.,2.),.PIECEWISE_BEZIER_KNOTS.);
#256=CARTESIAN_POINT('',(5.,0.,-0.75));
#257=CARTESIAN_POINT('',(5.,0.206968134185067,-0.75));
#258=CARTESIAN_POINT('',(5.,0.394468134185066,-0.665984067092533));
#259=CARTESIAN_POINT('',(5.83333333333333,0.,-0.75));
#260=CARTESIAN_POINT('',(5.83333333333333,0.206968134185067,-0.75));
#261=CARTESIAN_POINT('',(5.83333333333333,0.394468134185066,-0.665984067092533));
#262=CARTESIAN_POINT('',(6.66666666666667,0.,-0.75));
#263=CARTESIAN_POINT('',(6.66666666666667,0.206968134185067,-0.75));
#264=CARTESIAN_POINT('',(6.66666666666667,0.394468134185066,-0.665984067092533));
#265=CARTESIAN_POINT('',(5.,0.5302261006388,-0.5302261006388));
#266=CARTESIAN_POINT('',(5.,0.665984067092533,-0.394468134185066));
#267=CARTESIAN_POINT('',(5.,0.75,-0.206968134185066));
#268=CARTESIAN_POINT('',(5.,0.75,0.));
#269=CARTESIAN_POINT('',(5.83333333333333,0.5302261006388,-0.5302261006388));
#270=CARTESIAN_POINT('',(5.83333333333333,0.665984067092533,-0.394468134185066));
#271=CARTESIAN_POINT('',(5.83333333333333,0.75,-0.206968134185067));
#272=CARTESIAN_POINT('',(5.83333333333333,0.75,0.));
#273=CARTESIAN_POINT('',(6.66666666666667,0.5302261006388,-0.5302261006388));
#274=CARTESIAN_POINT('',(6.66666666666667,0.665984067092533,-0.394468134185066));
#275=CARTESIAN_POINT('',(6.66666666666667,0.75,-0.206968134185067));
#276=CARTESIAN_POINT('',(6.66666666666667,0.75,0.));
#277=CARTESIAN_POINT('',(7.5,0.,-0.75));
#278=CARTESIAN_POINT('',(7.5,0.206968134185067,-0.75));
#279=CARTESIAN_POINT('',(7.5,0.394468134185066,-0.665984067092533));
#280=CARTESIAN_POINT('',(8.33333333333333,0.,-0.75));
#281=CARTESIAN_POINT('',(8.33333333333333,0.206968134185067,-0.75));
#282=CARTESIAN_POINT('',(8.33333333333333,0.394468134185066,-0.665984067092533));
#283=CARTESIAN_POINT('',(9.53859927936771,-3.70074341541719E-17,-0.461400720632294));
#284=CARTESIAN_POINT('',(9.53859927936771,0.115350180158073,-0.461400720632294));
#285=CARTESIAN_POINT('',(9.53859927936771,0.230700360316147,-0.403725630553257));
#286=CARTESIAN_POINT('',(10.,0.,0.));
#287=CARTESIAN_POINT('',(10.,0.,0.));
#288=CARTESIAN_POINT('',(10.,0.,0.));
#289=CARTESIAN_POINT('',(7.5,0.5302261006388,-0.5302261006388));
#290=CARTESIAN_POINT('',(7.5,0.665984067092533,-0.394468134185066));
#291=CARTESIAN_POINT('',(7.5,0.75,-0.206968134185066));
#292=CARTESIAN_POINT('',(7.5,0.75,0.));
#293=CARTESIAN_POINT('',(8.33333333333333,0.5302261006388,-0.5302261006388));
#294=CARTESIAN_POINT('',(8.33333333333333,0.665984067092533,-0.394468134185066));
#295=CARTESIAN_POINT('',(8.33333333333333,0.75,-0.206968134185067));
#296=CARTESIAN_POINT('',(8.33333333333333,0.75,0.));
#297=CARTESIAN_POINT('',(9.53859927936771,0.317212995434702,-0.317212995434702));
#298=CARTESIAN_POINT('',(9.53859927936771,0.403725630553257,-0.230700360316147));
#299=CARTESIAN_POINT('',(9.53859927936771,0.461400720632294,-0.115350180158073));
#300=CARTESIAN_POINT('',(9.53859927936771,0.461400720632294,0.));
#301=CARTESIAN_POINT('',(10.,0.,0.));
#302=CARTESIAN_POINT('',(10.,0.,0.));
#303=CARTESIAN_POINT('',(10.,0.,0.));
#304=CARTESIAN_POINT('',(10.,0.,0.));
#305=B_SPLINE_SURFACE_WITH_KNOTS('Surf_PSTMSIZYNV, FuselageGeom, 0, 5',3,3,((#306, #307, #308, #315, #316, #317, #318),(#309, #310, #311, #319, #320, #321, #322),(#312, #313, #314, #323, #324, #325, #326),(#327, #328, #329, #339, #340, #341, #342),(#330, #331, #332, #343, #344, #345, #346),(#333, #334, #335, #347, #348, #349, #350),(#336, #337, #338, #351, #352, #353, #354)),.UNSPECIFIED.,.F.,.F.,.F.,(4,3,4),(4,3,4),(0.,1.,2.),(0.,1.,2.),.PIECEWISE_BEZIER_KNOTS.);
#306=CARTESIAN_POINT('',(5.,-0.75,0.));
#307=CARTESIAN_POINT('',(5.,-0.75,-0.206968134185066));
#308=CARTESIAN_POINT('',(5.,-0.665984067092533,-0.394468134185066));
#309=CARTESIAN_POINT('',(5.83333333333333,-0.75,0.));
#310=CARTESIAN_POINT('',(5.83333333333333,-0.75,-0.206968134185067));
#311=CARTESIAN_POINT('',(5.83333333333333,-0.665984067092533,-0.394468134185066));
#312=CARTESIAN_POINT('',(6.66666666666667,-0.75,0.));
#313=CARTESIAN_POINT('',(6.66666666666667,-0.75,-0.206968134185067));
#314=CARTESIAN_POINT('',(6.66666666666667,-0.665984067092533,-0.394468134185066));
#315=CARTESIAN_POINT('',(5.,-0.5302261006388,-0.5302261006388));
#316=CARTESIAN_POINT('',(5.,-0.394468134185067,-0.665984067092533));
#317=CARTESIAN_POINT('',(5.,-0.206968134185067,-0.75));
#318=CARTESIAN_POINT('',(5.,0.,-0.75));
#319=CARTESIAN_POINT('',(5.83333333333333,-0.5302261006388,-0.5302261006388));
#320=CARTESIAN_POINT('',(5.83333333333333,-0.394468134185067,-0.665984067092533));
#321=CARTESIAN_POINT('',(5.83333333333333,-0.206968134185067,-0.75));
#322=CARTESIAN_POINT('',(5.83333333333333,0.,-0.75));
#323=CARTESIAN_POINT('',(6.66666666666667,-0.5302261006388,-0.5302261006388));
#324=CARTESIAN_POINT('',(6.66666666666667,-0.394468134185067,-0.665984067092533));
#325=CARTESIAN_POINT('',(6.66666666666667,-0.206968134185067,-0.75));
#326=CARTESIAN_POINT('',(6.66666666666667,0.,-0.75));
#327=CARTESIAN_POINT('',(7.5,-0.75,0.));
#328=CARTESIAN_POINT('',(7.5,-0.75,-0.206968134185066));
#329=CARTESIAN_POINT('',(7.5,-0.665984067092533,-0.394468134185066));
#330=CARTESIAN_POINT('',(8.33333333333333,-0.75,0.));
#331=CARTESIAN_POINT('',(8.33333333333333,-0.75,-0.206968134185067));
#332=CARTESIAN_POINT('',(8.33333333333333,-0.665984067092533,-0.394468134185066));
#333=CARTESIAN_POINT('',(9.53859927936771,-0.461400720632294,-7.40148683083438E-17));
#334=CARTESIAN_POINT('',(9.53859927936771,-0.461400720632294,-0.115350180158074));
#335=CARTESIAN_POINT('',(9.53859927936771,-0.403725630553257,-0.230700360316147));
#336=CARTESIAN_POINT('',(10.,0.,0.));
#337=CARTESIAN_POINT('',(10.,0.,0.));
#338=CARTESIAN_POINT('',(10.,0.,0.));
#339=CARTESIAN_POINT('',(7.5,-0.5302261006388,-0.5302261006388));
#340=CARTESIAN_POINT('',(7.5,-0.394468134185067,-0.665984067092533));
#341=CARTESIAN_POINT('',(7.5,-0.206968134185067,-0.75));
#342=CARTESIAN_POINT('',(7.5,0.,-0.75));
#343=CARTESIAN_POINT('',(8.33333333333333,-0.5302261006388,-0.5302261006388));
#344=CARTESIAN_POINT('',(8.33333333333333,-0.394468134185067,-0.665984067092533));
#345=CARTESIAN_POINT('',(8.33333333333333,-0.206968134185067,-0.75));
#346=CARTESIAN_POINT('',(8.33333333333333,0.,-0.75));
#347=CARTESIAN_POINT('',(9.53859927936771,-0.317212995434702,-0.317212995434702));
#348=CARTESIAN_POINT('',(9.53859927936771,-0.230700360316147,-0.403725630553257));
#349=CARTESIAN_POINT('',(9.53859927936771,-0.115350180158073,-0.461400720632294));
#350=CARTESIAN_POINT('',(9.53859927936771,-3.70074341541719E-17,-0.461400720632294));
#351=CARTESIAN_POINT('',(10.,0.,0.));
#352=CARTESIAN_POINT('',(10.,0.,0.));
#353=CARTESIAN_POINT('',(10.,0.,0.));
#354=CARTESIAN_POINT('',(10.,0.,0.));
#355=B_SPLINE_SURFACE_WITH_KNOTS('Surf_PSTMSIZYNV, FuselageGeom, 0, 6',3,3,((#356, #357, #358, #365, #366, #367, #368),(#359, #360, #361, #369, #370, #371, #372),(#362, #363, #364, #373, #374, #375, #376),(#377, #378, #379, #389, #390, #391, #392),(#380, #381, #382, #393, #394, #395, #396),(#383, #384, #385, #397, #398, #399, #400),(#386, #387, #388, #401, #402, #403, #404)),.UNSPECIFIED.,.F.,.F.,.F.,(4,3,4),(4,3,4),(0.,1.,2.),(0.,1.,2.),.PIECEWISE_BEZIER_KNOTS.);
#356=CARTESIAN_POINT('',(5.,0.,0.75));
#357=CARTESIAN_POINT('',(5.,-0.206968134185067,0.75));
#358=CARTESIAN_POINT('',(5.,-0.394468134185067,0.665984067092533));
#359=CARTESIAN_POINT('',(5.83333333333333,0.,0.75));
#360=CARTESIAN_POINT('',(5.83333333333333,-0.206968134185067,0.75));
#361=CARTESIAN_POINT('',(5.83333333333333,-0.394468134185067,0.665984067092533));
#362=CARTESIAN_POINT('',(6.66666666666667,0.,0.75));
#363=CARTESIAN_POINT('',(6.66666666666667,-0.206968134185067,0.75));
#364=CARTESIAN_POINT('',(6.66666666666667,-0.394468134185067,0.665984067092533));
#365=CARTESIAN_POINT('',(5.,-0.5302261006388,0.5302261006388));
#366=CARTESIAN_POINT('',(5.,-0.665984067092533,0.394468134185066));
#367=CARTESIAN_POINT('',(5.,-0.75,0.206968134185066));
#368=CARTESIAN_POINT('',(5.,-0.75,0.));
#369=CARTESIAN_POINT('',(5.83333333333333,-0.5302261006388,0.5302261006388));
#370=CARTESIAN_POINT('',(5.83333333333333,-0.665984067092533,0.394468134185066));
#371=CARTESIAN_POINT('',(5.83333333333333,-0.75,0.206968134185067));
#372=CARTESIAN_POINT('',(5.83333333333333,-0.75,0.));
#373=CARTESIAN_POINT('',(6.66666666666667,-0.5302261006388,0.5302261006388));
#374=CARTESIAN_POINT('',(6.66666666666667,-0.665984067092533,0.394468134185066));
#375=CARTESIAN_POINT('',(6.66666666666667,-0.75,0.206968134185067));
#376=CARTESIAN_POINT('',(6.66666666666667,-0.75,0.));
#377=CARTESIAN_POINT('',(7.5,0.,0.75));
#378=CARTESIAN_POINT('',(7.5,-0.206968134185067,0.75));
#379=CARTESIAN_POINT('',(7.5,-0.394468134185067,0.665984067092533));
#380=CARTESIAN_POINT('',(8.33333333333333,0.,0.75));
#381=CARTESIAN_POINT('',(8.33333333333333,-0.206968134185067,0.75));
#382=CARTESIAN_POINT('',(8.33333333333333,-0.394468134185067,0.665984067092533));
#383=CARTESIAN_POINT('',(9.53859927936771,-1.45716771982052E-16,0.461400720632294));
#384=CARTESIAN_POINT('',(9.53859927936771,-0.115350180158074,0.461400720632294));
#385=CARTESIAN_POINT('',(9.53859927936771,-0.230700360316147,0.403725630553257));
#386=CARTESIAN_POINT('',(10.,0.,0.));
#387=CARTESIAN_POINT('',(10.,0.,0.));
#388=CARTESIAN_POINT('',(10.,0.,0.));
#389=CARTESIAN_POINT('',(7.5,-0.5302261006388,0.5302261006388));
#390=CARTESIAN_POINT('',(7.5,-0.665984067092533,0.394468134185066));
#391=CARTESIAN_POINT('',(7.5,-0.75,0.206968134185066));
#392=CARTESIAN_POINT('',(7.5,-0.75,0.));
#393=CARTESIAN_POINT('',(8.33333333333333,-0.5302261006388,0.5302261006388));
#394=CARTESIAN_POINT('',(8.33333333333333,-0.665984067092533,0.394468134185066));
#395=CARTESIAN_POINT('',(8.33333333333333,-0.75,0.206968134185067));
#396=CARTESIAN_POINT('',(8.33333333333333,-0.75,0.));
#397=CARTESIAN_POINT('',(9.53859927936771,-0.317212995434702,0.317212995434702));
#398=CARTESIAN_POINT('',(9.53859927936771,-0.403725630553257,0.230700360316147));
#399=CARTESIAN_POINT('',(9.53859927936771,-0.461400720632294,0.115350180158073));
#400=CARTESIAN_POINT('',(9.53859927936771,-0.461400720632294,-7.40148683083438E-17));
#401=CARTESIAN_POINT('',(10.,0.,0.));
#402=CARTESIAN_POINT('',(10.,0.,0.));
#403=CARTESIAN_POINT('',(10.,0.,0.));
#404=CARTESIAN_POINT('',(10.,0.,0.));
#405=B_SPLINE_SURFACE_WITH_KNOTS('Surf_PSTMSIZYNV, FuselageGeom, 0, 7',3,3,((#406, #407, #408, #415, #416, #417, #418),(#409, #410, #411, #419, #420, #421, #422),(#412, #413, #414, #423, #424, #425, #426),(#427, #428, #429, #439, #440, #441, #442),(#430, #431, #432, #443, #444, #445, #446),(#433, #434, #435, #447, #448, #449, #450),(#436, #437, #438, #451, #452, #453, #454)),.UNSPECIFIED.,.F.,.F.,.F.,(4,3,4),(4,3,4),(0.,1.,2.),(0.,1.,2.),.PIECEWISE_BEZIER_KNOTS.);
#406=CARTESIAN_POINT('',(5.,0.75,0.));
#407=CARTESIAN_POINT('',(5.,0.75,0.206968134185066));
#408=CARTESIAN_POINT('',(5.,0.665984067092533,0.394468134185066));
#409=CARTESIAN_POINT('',(5.83333333333333,0.75,0.));
#410=CARTESIAN_POINT('',(5.83333333333333,0.75,0.206968134185067));
#411=CARTESIAN_POINT('',(5.83333333333333,0.665984067092533,0.394468134185066));
#412=CARTESIAN_POINT('',(6.66666666666667,0.75,0.));
#413=CARTESIAN_POINT('',(6.66666666666667,0.75,0.206968134185067));
#414=CARTESIAN_POINT('',(6.66666666666667,0.665984067092533,0.394468134185066));
#415=CARTESIAN_POINT('',(5.,0.5302261006388,0.5302261006388));
#416=CARTESIAN_POINT('',(5.,0.394468134185066,0.665984067092533));
#417=CARTESIAN_POINT('',(5.,0.206968134185067,0.75));
#418=CARTESIAN_POINT('',(5.,0.,0.75));
#419=CARTESIAN_POINT('',(5.83333333333333,0.5302261006388,0.5302261006388));
#420=CARTESIAN_POINT('',(5.83333333333333,0.394468134185066,0.665984067092533));
#421=CARTESIAN_POINT('',(5.83333333333333,0.206968134185067,0.75));
#422=CARTESIAN_POINT('',(5.83333333333333,0.,0.75));
#423=CARTESIAN_POINT('',(6.66666666666667,0.5302261006388,0.5302261006388));
#424=CARTESIAN_POINT('',(6.66666666666667,0.394468134185066,0.665984067092533));
#425=CARTESIAN_POINT('',(6.66666666666667,0.206968134185067,0.75));
#426=CARTESIAN_POINT('',(6.66666666666667,0.,0.75));
#427=CARTESIAN_POINT('',(7.5,0.75,0.));
#428=CARTESIAN_POINT('',(7.5,0.75,0.206968134185066));
#429=CARTESIAN_POINT('',(7.5,0.665984067092533,0.394468134185066));
#430=CARTESIAN_POINT('',(8.33333333333333,0.75,0.));
#431=CARTESIAN_POINT('',(8.33333333333333,0.75,0.206968134185067));
#432=CARTESIAN_POINT('',(8.33333333333333,0.665984067092533,0.394468134185066));
#433=CARTESIAN_POINT('',(9.53859927936771,0.461400720632294,0.));
#434=CARTESIAN_POINT('',(9.53859927936771,0.461400720632294,0.115350180158073));
#435=CARTESIAN_POINT('',(9.53859927936771,0.403725630553257,0.230700360316147));
#436=CARTESIAN_POINT('',(10.,0.,0.));
#437=CARTESIAN_POINT('',(10.,0.,0.));
#438=CARTESIAN_POINT('',(10.,0.,0.));
#439=CARTESIAN_POINT('',(7.5,0.5302261006388,0.5302261006388));
#440=CARTESIAN_POINT('',(7.5,0.394468134185066,0.665984067092533));
#441=CARTESIAN_POINT('',(7.5,0.206968134185067,0.75));
#442=CARTESIAN_POINT('',(7.5,0.,0.75));
#443=CARTESIAN_POINT('',(8.33333333333333,0.5302261006388,0.5302261006388));
#444=CARTESIAN_POINT('',(8.33333333333333,0.394468134185066,0.665984067092533));
#445=CARTESIAN_POINT('',(8.33333333333333,0.206968134185067,0.75));
#446=CARTESIAN_POINT('',(8.33333333333333,0.,0.75));
#447=CARTESIAN_POINT('',(9.53859927936771,0.317212995434702,0.317212995434702));
#448=CARTESIAN_POINT('',(9.53859927936771,0.230700360316147,0.403725630553257));
#449=CARTESIAN_POINT('',(9.53859927936771,0.115350180158073,0.461400720632294));
#450=CARTESIAN_POINT('',(9.53859927936771,-1.45716771982052E-16,0.461400720632294));
#451=CARTESIAN_POINT('',(10.,0.,0.));
#452=CARTESIAN_POINT('',(10.,0.,0.));
#453=CARTESIAN_POINT('',(10.,0.,0.));
#454=CARTESIAN_POINT('',(10.,0.,0.));
#455=GEOMETRIC_SET('PSTMSIZYNV, FuselageGeom, 0',(#55,#105,#155,#205,#255,#305,#355,#405));
#456=GEOMETRICALLY_BOUNDED_SURFACE_SHAPE_REPRESENTATION('',(#455),#15);
#457=SHAPE_REPRESENTATION_RELATIONSHIP('','',#29,#456);
#458=B_SPLINE_SURFACE_WITH_KNOTS('Surf_FDVISKYFMZ, WingGeom, 0, 1, lower',1,3,((#459, #460, #461, #465, #466, #467, #471, #472, #473, #477, #478, #479, #483, #484, #485, #489, #490, #491, #495, #496, #497, #501, #502, #503, #507, #508, #509, #513, #514, #515, #519, #520, #521, #525, #526, #527, #531, #532, #533, #537, #538, #539, #543, #544, #545, #549, #550, #551, #555, #556, #557, #561, #562, #563, #567, #568, #569, #573, #574, #575, #579, #580, #581, #585, #586, #587, #591, #592, #593, #597, #598, #599, #603, #604, #605, #609, #610, #611, #615, #616, #617, #621, #622, #623, #627, #628, #629, #633, #634, #635, #639, #640, #641, #645, #646, #647, #651, #652, #653, #657, #658, #659, #660),(#462, #463, #464, #468, #469, #470, #474, #475, #476, #480, #481, #482, #486, #487, #488, #492, #493, #494, #498, #499, #500, #504, #505, #506, #510, #511, #512, #516, #517, #518, #522, #523, #524, #528, #529, #530, #534, #535, #536, #540, #541, #542, #546, #547, #548, #552, #553, #554, #558, #559, #560, #564, #565, #566, #570, #571, #572, #576, #577, #578, #582, #583, #584, #588, #589, #590, #594, #595, #596, #600, #601, #602, #606, #607, #608, #612, #613, #614, #618, #619, #620, #624, #625, #626, #630, #631, #632, #636, #637, #638, #642, #643, #644, #648, #649, #650, #654, #655, #656, #661, #662, #663, #664)),.UNSPECIFIED.,.F.,.F.,.F.,(2,2),(4,3,3,3,3,3,3,3,3,3,3,3,3,3,3,3,3,3,3,3,3,3,3,3,3,3,3,3,3,3,3,3,3,3,4),(0.,1.),(0.,1.,2.,3.,4.,5.,6.,7.,8.,9.,10.,11.,12.,13.,14.,15.,16.,17.,18.,19.,20.,21.,22.,23.,24.,25.,26.,27.,28.,29.,30.,31.,32.,33.,34.),.PIECEWISE_BEZIER_KNOTS.);
#459=CARTESIAN_POINT('',(6.,0.,0.));
#460=CARTESIAN_POINT('',(5.91584276867201,0.,1.23078630620554E-15));
#461=CARTESIAN_POINT('',(5.83157997882315,0.,3.46944695195361E-18));
#462=CARTESIAN_POINT('',(6.,0.,0.));
#463=CARTESIAN_POINT('',(5.91584276867203,0.,-0.0118080938435002));
#464=CARTESIAN_POINT('',(5.83157997882315,0.,-0.0228610861438871));
#465=CARTESIAN_POINT('',(5.74723523950546,0.,1.73472347597681E-17));
#466=CARTESIAN_POINT('',(5.66289050018778,0.,2.08166817117217E-17));
#467=CARTESIAN_POINT('',(5.578463526261,0.,-3.81639164714898E-17));
#468=CARTESIAN_POINT('',(5.74723523950546,0.,-0.0332457394125789));
#469=CARTESIAN_POINT('',(5.66289050018778,0.,-0.0436303926812708));
#470=CARTESIAN_POINT('',(5.578463526261,0.,-0.0533475111150197));
#471=CARTESIAN_POINT('',(5.49396164523441,0.,-6.24500451351651E-17));
#472=CARTESIAN_POINT('',(5.45171070472111,0.,-6.93889390390723E-17));
#473=CARTESIAN_POINT('',(5.40944083995452,0.,-1.11022302462516E-16));
#474=CARTESIAN_POINT('',(5.49396164523441,0.,-0.0623651323816277));
#475=CARTESIAN_POINT('',(5.45171070472111,0.,-0.0668739430149317));
#476=CARTESIAN_POINT('',(5.40944083995452,0.,-0.0712061057563292));
#477=CARTESIAN_POINT('',(5.3671519107372,0.,-9.71445146547012E-17));
#478=CARTESIAN_POINT('',(5.32486298151987,0.,-9.0205620750794E-17));
#479=CARTESIAN_POINT('',(5.28255501056866,0.,-4.16333634234434E-17));
#480=CARTESIAN_POINT('',(5.3671519107372,0.,-0.075342577610664));
#481=CARTESIAN_POINT('',(5.32486298151987,0.,-0.0794790494649987));
#482=CARTESIAN_POINT('',(5.28255501056866,0.,-0.08342236362139));
#483=CARTESIAN_POINT('',(5.24022753057162,0.,-4.85722573273506E-17));
#484=CARTESIAN_POINT('',(5.19790005057459,0.,-5.55111512312578E-17));
#485=CARTESIAN_POINT('',(5.15555301381266,0.,-5.55111512312578E-17));
#486=CARTESIAN_POINT('',(5.24022753057162,0.,-0.0871450696939536));
#487=CARTESIAN_POINT('',(5.19790005057459,0.,-0.0908677757665172));
#488=CARTESIAN_POINT('',(5.15555301381266,0.,-0.0943672067050849));
#489=CARTESIAN_POINT('',(5.1131860283651,0.,-5.55111512312578E-17));
#490=CARTESIAN_POINT('',(5.07081904291754,0.,-5.55111512312578E-17));
#491=CARTESIAN_POINT('',(5.02843204717719,0.,-3.46944695195361E-17));
#492=CARTESIAN_POINT('',(5.1131860283651,0.,-0.0976108446998179));
#493=CARTESIAN_POINT('',(5.07081904291754,0.,-0.100854482694551));
#494=CARTESIAN_POINT('',(5.02843204717719,0.,-0.103834205911955));
#495=CARTESIAN_POINT('',(4.98602521239778,0.,-5.55111512312578E-17));
#496=CARTESIAN_POINT('',(4.94361837761837,0.,-7.63278329429795E-17));
#497=CARTESIAN_POINT('',(4.90119167581602,0.,-2.77555756156289E-17));
#498=CARTESIAN_POINT('',(4.98602521239778,0.,-0.106507677728438));
#499=CARTESIAN_POINT('',(4.94361837761837,0.,-0.10918114954492));
#500=CARTESIAN_POINT('',(4.90119167581602,0.,-0.111539283125594));
#501=CARTESIAN_POINT('',(4.85874687291722,0.,-2.77555756156289E-17));
#502=CARTESIAN_POINT('',(4.83752447146782,0.,-2.77555756156289E-17));
#503=CARTESIAN_POINT('',(4.81629753323251,0.,-4.85722573273506E-17));
#504=CARTESIAN_POINT('',(4.85874687291722,0.,-0.113519375135794));
#505=CARTESIAN_POINT('',(4.83752447146782,0.,-0.114509421140894));
#506=CARTESIAN_POINT('',(4.81629753323251,0.,-0.115403703471463));
#507=CARTESIAN_POINT('',(4.79506670923303,0.,-4.16333634234434E-17));
#508=CARTESIAN_POINT('',(4.77383588523355,0.,-2.77555756156289E-17));
#509=CARTESIAN_POINT('',(4.75260080303406,0.,-2.77555756156289E-17));
#510=CARTESIAN_POINT('',(4.79506670923303,0.,-0.116190553629998));
#511=CARTESIAN_POINT('',(4.77383588523354,0.,-0.116977403788532));
#512=CARTESIAN_POINT('',(4.75260080303406,0.,-0.117661199883648));
#513=CARTESIAN_POINT('',(4.73136294522543,0.,-2.08166817117217E-17));
#514=CARTESIAN_POINT('',(4.7101250874168,0.,-1.38777878078145E-17));
#515=CARTESIAN_POINT('',(4.68888364087497,0.,6.93889390390723E-18));
#516=CARTESIAN_POINT('',(4.73136294522543,0.,-0.118219968511714));
#517=CARTESIAN_POINT('',(4.7101250874168,0.,-0.11877873713978));
#518=CARTESIAN_POINT('',(4.68888364087497,0.,-0.11922359659821));
#519=CARTESIAN_POINT('',(4.66764043879966,0.,6.93889390390723E-18));
#520=CARTESIAN_POINT('',(4.65701883776201,0.,1.38777878078145E-17));
#521=CARTESIAN_POINT('',(4.64639651299142,0.,-6.93889390390723E-18));
#522=CARTESIAN_POINT('',(4.66764043879966,0.,-0.119530320140608));
#523=CARTESIAN_POINT('',(4.65701883776201,0.,-0.119683681911807));
#524=CARTESIAN_POINT('',(4.64639651299142,0.,-0.119805909305384));
#525=CARTESIAN_POINT('',(4.63577408674957,0.,-6.93889390390723E-18));
#526=CARTESIAN_POINT('',(4.62515166050772,0.,-6.93889390390723E-18));
#527=CARTESIAN_POINT('',(4.6145292058003,0.,-2.77555756156289E-17));
#528=CARTESIAN_POINT('',(4.63577408674957,0.,-0.119890428999328));
#529=CARTESIAN_POINT('',(4.62515166050772,0.,-0.119974948693273));
#530=CARTESIAN_POINT('',(4.6145292058003,0.,-0.120020893585205));
#531=CARTESIAN_POINT('',(4.60390635134578,0.,-2.08166817117217E-17));
#532=CARTESIAN_POINT('',(4.58266064243675,0.,-2.08166817117217E-17));
#533=CARTESIAN_POINT('',(4.56141507968271,0.,0.));
#534=CARTESIAN_POINT('',(4.60390635134578,0.,-0.120032021787404));
#535=CARTESIAN_POINT('',(4.58266064243675,0.,-0.120054278191801));
#536=CARTESIAN_POINT('',(4.56141507968271,0.,-0.119920507336729));
#537=CARTESIAN_POINT('',(4.54017163423268,0.,6.93889390390723E-18));
#538=CARTESIAN_POINT('',(4.51892818878264,0.,1.38777878078145E-17));
#539=CARTESIAN_POINT('',(4.49768732043333,0.,6.93889390390723E-18));
#540=CARTESIAN_POINT('',(4.54017163423267,0.,-0.119614537779935));
#541=CARTESIAN_POINT('',(4.51892818878264,0.,-0.119308568223141));
#542=CARTESIAN_POINT('',(4.49768732043333,0.,-0.118825988910018));
#543=CARTESIAN_POINT('',(4.47645315211346,0.,6.93889390390723E-18));
#544=CARTESIAN_POINT('',(4.43398481547372,0.,2.08166817117217E-17));
#545=CARTESIAN_POINT('',(4.39153801537793,0.,-2.08166817117217E-17));
#546=CARTESIAN_POINT('',(4.47645315211346,0.,-0.118138552220841));
#547=CARTESIAN_POINT('',(4.43398481547372,0.,-0.116763678842489));
#548=CARTESIAN_POINT('',(4.39153801537793,0.,-0.114594887652931));
#549=CARTESIAN_POINT('',(4.34917517488226,0.,6.24500451351651E-17));
#550=CARTESIAN_POINT('',(4.32799375463443,0.,9.71445146547012E-17));
#551=CARTESIAN_POINT('',(4.30683623469528,0.,6.93889390390723E-17));
#552=CARTESIAN_POINT('',(4.34917517488226,0.,-0.111285458354419));
#553=CARTESIAN_POINT('',(4.32799375463443,0.,-0.109630743705163));
#554=CARTESIAN_POINT('',(4.30683623469528,0.,-0.107678911962725));
#555=CARTESIAN_POINT('',(4.28571587059651,0.,6.24500451351651E-17));
#556=CARTESIAN_POINT('',(4.27515568854712,0.,6.93889390390723E-17));
#557=CARTESIAN_POINT('',(4.26460648464736,0.,8.32667268468867E-17));
#558=CARTESIAN_POINT('',(4.28571587059651,0.,-0.105371407563852));
#559=CARTESIAN_POINT('',(4.27515568854712,0.,-0.104217655364416));
#560=CARTESIAN_POINT('',(4.26460648464736,0.,-0.102968497943306));
#561=CARTESIAN_POINT('',(4.25406948140808,0.,9.71445146547012E-17));
#562=CARTESIAN_POINT('',(4.2435324781688,0.,1.11022302462516E-16));
#563=CARTESIAN_POINT('',(4.23300949540044,0.,9.71445146547012E-17));
#564=CARTESIAN_POINT('',(4.25406948140808,0.,-0.101619033008509));
#565=CARTESIAN_POINT('',(4.2435324781688,0.,-0.100269568073711));
#566=CARTESIAN_POINT('',(4.23300949540044,0.,-0.0988128023004438));
#567=CARTESIAN_POINT('',(4.22250445414085,0.,7.63278329429795E-17));
#568=CARTESIAN_POINT('',(4.21199941288126,0.,4.85722573273506E-17));
#569=CARTESIAN_POINT('',(4.2015129389629,0.,1.04083408558608E-16));
#570=CARTESIAN_POINT('',(4.22250445414085,0.,-0.0972353788985487));
#571=CARTESIAN_POINT('',(4.21199941288126,0.,-0.0956579554966535));
#572=CARTESIAN_POINT('',(4.2015129389629,0.,-0.093957366869698));
#573=CARTESIAN_POINT('',(4.19105137677663,0.,1.04083408558608E-16));
#574=CARTESIAN_POINT('',(4.18058981459037,0.,1.17961196366423E-16));
#575=CARTESIAN_POINT('',(4.17015266009537,0.,9.71445146547012E-17));
#576=CARTESIAN_POINT('',(4.19105137677663,0.,-0.0921131576482679));
#577=CARTESIAN_POINT('',(4.18058981459036,0.,-0.0902689484268378));
#578=CARTESIAN_POINT('',(4.17015266009537,0.,-0.0882824115531366));
#579=CARTESIAN_POINT('',(4.15975360636113,0.,8.32667268468867E-17));
#580=CARTESIAN_POINT('',(4.1493545526269,0.,6.24500451351651E-17));
#581=CARTESIAN_POINT('',(4.13899118657657,0.,2.08166817117217E-16));
#582=CARTESIAN_POINT('',(4.15975360636113,0.,-0.0861141602383446));
#583=CARTESIAN_POINT('',(4.1493545526269,0.,-0.0839459089235526));
#584=CARTESIAN_POINT('',(4.13899118657657,0.,-0.081601688965911));
#585=CARTESIAN_POINT('',(4.12868493739563,0.,1.94289029309402E-16));
#586=CARTESIAN_POINT('',(4.11837868821469,0.,1.73472347597681E-16));
#587=CARTESIAN_POINT('',(4.10812829620355,0.,9.0205620750794E-17));
#588=CARTESIAN_POINT('',(4.12868493739563,0.,-0.0790275612271591));
#589=CARTESIAN_POINT('',(4.11837868821469,0.,-0.0764534334884072));
#590=CARTESIAN_POINT('',(4.10812829620355,0.,-0.0736510961080295));
#591=CARTESIAN_POINT('',(4.09797221008267,0.,1.2490009027033E-16));
#592=CARTESIAN_POINT('',(4.08781612396179,0.,1.87350135405495E-16));
#593=CARTESIAN_POINT('',(4.07775200643194,0.,6.93889390390723E-17));
#594=CARTESIAN_POINT('',(4.09797221008267,0.,-0.0705365646392558));
#595=CARTESIAN_POINT('',(4.08781612396179,0.,-0.067422033170482));
#596=CARTESIAN_POINT('',(4.07775200643194,0.,-0.0639980899083617));
#597=CARTESIAN_POINT('',(4.06786547249969,0.,1.70002900645727E-16));
#598=CARTESIAN_POINT('',(4.06292220553356,0.,2.0122792321331E-16));
#599=CARTESIAN_POINT('',(4.05802708728787,0.,1.56125112837913E-16));
#600=CARTESIAN_POINT('',(4.06786547249969,0.,-0.0601102387182953));
#601=CARTESIAN_POINT('',(4.06292220553356,0.,-0.0581663131232621));
#602=CARTESIAN_POINT('',(4.05802708728787,0.,-0.0561009701060518));
#603=CARTESIAN_POINT('',(4.05319904541733,0.,1.97758476261356E-16));
#604=CARTESIAN_POINT('',(4.05078502448206,0.,2.42861286636753E-16));
#605=CARTESIAN_POINT('',(4.04838969093174,0.,2.84494650060196E-16));
#606=CARTESIAN_POINT('',(4.05319904541733,0.,-0.0538860450260261));
#607=CARTESIAN_POINT('',(4.05078502448206,0.,-0.0527785824860133));
#608=CARTESIAN_POINT('',(4.04838969093174,0.,-0.0516312146132277));
#609=CARTESIAN_POINT('',(4.04601553027807,0.,3.12250225675825E-16));
#610=CARTESIAN_POINT('',(4.0436413696244,0.,3.22658566531686E-16));
#611=CARTESIAN_POINT('',(4.04128921597162,0.,2.32452945780892E-16));
#612=CARTESIAN_POINT('',(4.04601553027807,0.,-0.0504407645803782));
#613=CARTESIAN_POINT('',(4.0436413696244,0.,-0.0492503145475288));
#614=CARTESIAN_POINT('',(4.04128921597162,0.,-0.048015479311052));
#615=CARTESIAN_POINT('',(4.03896748101465,0.,1.73472347597681E-16));
#616=CARTESIAN_POINT('',(4.03432401110071,0.,5.55111512312578E-17));
#617=CARTESIAN_POINT('',(4.02978713044028,0.,5.51642065360625E-16));
#618=CARTESIAN_POINT('',(4.03896748101465,0.,-0.0467268504935424));
#619=CARTESIAN_POINT('',(4.03432401110071,0.,-0.044149592858523));
#620=CARTESIAN_POINT('',(4.02978713044028,0.,-0.0413711908427639));
#621=CARTESIAN_POINT('',(4.02545262010536,0.,3.40005801291454E-16));
#622=CARTESIAN_POINT('',(4.0232853649379,0.,1.90819582357449E-16));
#623=CARTESIAN_POINT('',(4.02117116309208,0.,5.55111512312578E-17));
#624=CARTESIAN_POINT('',(4.02545262010536,0.,-0.038300305553263));
#625=CARTESIAN_POINT('',(4.0232853649379,0.,-0.0367648629085126));
#626=CARTESIAN_POINT('',(4.02117116309208,0.,-0.035154619798467));
#627=CARTESIAN_POINT('',(4.01912929292548,0.,6.59194920871187E-17));
#628=CARTESIAN_POINT('',(4.01708742275888,0.,1.49186218934005E-16));
#629=CARTESIAN_POINT('',(4.01511966987624,0.,5.06539254985228E-16));
#630=CARTESIAN_POINT('',(4.01912929292548,0.,-0.033456265975985));
#631=CARTESIAN_POINT('',(4.01708742275888,0.,-0.031757912153503));
#632=CARTESIAN_POINT('',(4.01511966987624,0.,-0.0299698605891678));
#633=CARTESIAN_POINT('',(4.01325715454565,0.,2.67147415300428E-16));
#634=CARTESIAN_POINT('',(4.01139463921506,0.,2.77555756156289E-17));
#635=CARTESIAN_POINT('',(4.00963998741692,0.,-2.0643209364124E-16));
#636=CARTESIAN_POINT('',(4.01325715454565,0.,-0.0280762326996767));
#637=CARTESIAN_POINT('',(4.01139463921506,0.,-0.0261826048101856));
#638=CARTESIAN_POINT('',(4.00963998741692,0.,-0.0241814886537683));
#639=CARTESIAN_POINT('',(4.00804417323201,0.,1.49186218934005E-16));
#640=CARTESIAN_POINT('',(4.00644835904711,0.,4.73579508941668E-16));
#641=CARTESIAN_POINT('',(4.00501126087424,0.,6.10622663543836E-16));
#642=CARTESIAN_POINT('',(4.00804417323201,0.,-0.0220585981932146));
#643=CARTESIAN_POINT('',(4.00644835904711,0.,-0.0199357077326609));
#644=CARTESIAN_POINT('',(4.00501126087424,0.,-0.0176893982520646));
#645=CARTESIAN_POINT('',(4.00381006230294,0.,4.03323208164608E-16));
#646=CARTESIAN_POINT('',(4.00260886373164,0.,2.28983498828939E-16));
#647=CARTESIAN_POINT('',(4.00164289529876,0.,-2.94902990916057E-17));
#648=CARTESIAN_POINT('',(4.00381006230294,0.,-0.0153212955056526));
#649=CARTESIAN_POINT('',(4.00260886373164,0.,-0.0129531927592406));
#650=CARTESIAN_POINT('',(4.00164289529876,0.,-0.0104610734742978));
#651=CARTESIAN_POINT('',(4.00099019959599,0.,-1.12757025938492E-16));
#652=CARTESIAN_POINT('',(4.00066385174461,0.,-2.09467859724199E-16));
#653=CARTESIAN_POINT('',(4.00041493862507,0.,-1.74339709335669E-16));
#654=CARTESIAN_POINT('',(4.00099019959599,0.,-0.00788697489681121));
#655=CARTESIAN_POINT('',(4.00066385174461,0.,-0.00659992560806786));
#656=CARTESIAN_POINT('',(4.00041493862507,0.,-0.00529232241981786));
#657=CARTESIAN_POINT('',(4.00024902947482,0.,-1.36175792864179E-16));
#658=CARTESIAN_POINT('',(4.00008312032458,0.,-5.98479599211998E-17));
#659=CARTESIAN_POINT('',(4.,0.,0.));
#660=CARTESIAN_POINT('',(4.,0.,0.));
#661=CARTESIAN_POINT('',(4.00024902947482,0.,-0.00397503610511259));
#662=CARTESIAN_POINT('',(4.00008312032458,0.,-0.0026577497904074));
#663=CARTESIAN_POINT('',(4.,0.,-0.0013256229672388));
#664=CARTESIAN_POINT('',(4.,0.,0.));
#665=B_SPLINE_SURFACE_WITH_KNOTS('Surf_FDVISKYFMZ, WingGeom, 0, 4, upper',1,3,((#666, #667, #668, #672, #673, #674, #678, #679, #680, #684, #685, #686, #690, #691, #692, #696, #697, #698, #702, #703, #704, #708, #709, #710, #714, #715, #716, #720, #721, #722, #726, #727, #728, #732, #733, #734, #738, #739, #740, #744, #745, #746, #750, #751, #752, #756, #757, #758, #762, #763, #764, #768, #769, #770, #774, #775, #776, #780, #781, #782, #786, #787, #788, #792, #793, #794, #798, #799, #800, #804, #805, #806, #810, #811, #812, #816, #817, #818, #822, #823, #824, #828, #829, #830, #834, #835, #836, #840, #841, #842, #846, #847, #848, #852, #853, #854, #858, #859, #860, #864, #865, #866, #867),(#669, #670, #671, #675, #676, #677, #681, #682, #683, #687, #688, #689, #693, #694, #695, #699, #700, #701, #705, #706, #707, #711, #712, #713, #717, #718, #719, #723, #724, #725, #729, #730, #731, #735, #736, #737, #741, #742, #743, #747, #748, #749, #753, #754, #755, #759, #760, #761, #765, #766, #767, #771, #772, #773, #777, #778, #779, #783, #784, #785, #789, #790, #791, #795, #796, #797, #801, #802, #803, #807, #808, #809, #813, #814, #815, #819, #820, #821, #825, #826, #827, #831, #832, #833, #837, #838, #839, #843, #844, #845, #849, #850, #851, #855, #856, #857, #861, #862, #863, #868, #869, #870, #871)),.UNSPECIFIED.,.F.,.F.,.F.,(2,2),(4,3,3,3,3,3,3,3,3,3,3,3,3,3,3,3,3,3,3,3,3,3,3,3,3,3,3,3,3,3,3,3,3,3,4),(0.,1.),(0.,1.,2.,3.,4.,5.,6.,7.,8.,9.,10.,11.,12.,13.,14.,15.,16.,17.,18.,19.,20.,21.,22.,23.,24.,25.,26.,27.,28.,29.,30.,31.,32.,33.,34.),.PIECEWISE_BEZIER_KNOTS.);
#666=CARTESIAN_POINT('',(4.,0.,0.));
#667=CARTESIAN_POINT('',(4.,0.,0.));
#668=CARTESIAN_POINT('',(4.00008312032458,0.,-5.98479599211998E-17));
#669=CARTESIAN_POINT('',(4.,0.,0.));
#670=CARTESIAN_POINT('',(4.,0.,0.0013256229672388));
#671=CARTESIAN_POINT('',(4.00008312032458,0.,0.00265774979040728));
#672=CARTESIAN_POINT('',(4.00024902947482,0.,-1.36175792864179E-16));
#673=CARTESIAN_POINT('',(4.00041493862507,0.,-1.74339709335669E-16));
#674=CARTESIAN_POINT('',(4.00066385174461,0.,-2.09467859724199E-16));
#675=CARTESIAN_POINT('',(4.00024902947482,0.,0.00397503610511232));
#676=CARTESIAN_POINT('',(4.00041493862507,0.,0.00529232241981751));
#677=CARTESIAN_POINT('',(4.00066385174461,0.,0.00659992560806744));
#678=CARTESIAN_POINT('',(4.00099019959599,0.,-1.12757025938492E-16));
#679=CARTESIAN_POINT('',(4.00164289529876,0.,-2.94902990916057E-17));
#680=CARTESIAN_POINT('',(4.00260886373164,0.,2.28983498828939E-16));
#681=CARTESIAN_POINT('',(4.00099019959599,0.,0.00788697489681098));
#682=CARTESIAN_POINT('',(4.00164289529876,0.,0.0104610734742978));
#683=CARTESIAN_POINT('',(4.00260886373164,0.,0.012953192759241));
#684=CARTESIAN_POINT('',(4.00381006230294,0.,4.03323208164608E-16));
#685=CARTESIAN_POINT('',(4.00501126087424,0.,6.10622663543836E-16));
#686=CARTESIAN_POINT('',(4.00644835904711,0.,4.73579508941668E-16));
#687=CARTESIAN_POINT('',(4.00381006230294,0.,0.0153212955056534));
#688=CARTESIAN_POINT('',(4.00501126087424,0.,0.0176893982520659));
#689=CARTESIAN_POINT('',(4.00644835904711,0.,0.0199357077326619));
#690=CARTESIAN_POINT('',(4.00804417323201,0.,1.49186218934005E-16));
#691=CARTESIAN_POINT('',(4.00963998741692,0.,-2.0643209364124E-16));
#692=CARTESIAN_POINT('',(4.01139463921506,0.,2.77555756156289E-17));
#693=CARTESIAN_POINT('',(4.00804417323201,0.,0.0220585981932149));
#694=CARTESIAN_POINT('',(4.00963998741692,0.,0.0241814886537679));
#695=CARTESIAN_POINT('',(4.01139463921506,0.,0.0261826048101857));
#696=CARTESIAN_POINT('',(4.01325715454565,0.,2.67147415300428E-16));
#697=CARTESIAN_POINT('',(4.01511966987624,0.,5.06539254985228E-16));
#698=CARTESIAN_POINT('',(4.01708742275888,0.,1.49186218934005E-16));
#699=CARTESIAN_POINT('',(4.01325715454565,0.,0.0280762326996772));
#700=CARTESIAN_POINT('',(4.01511966987624,0.,0.0299698605891688));
#701=CARTESIAN_POINT('',(4.01708742275888,0.,0.0317579121535033));
#702=CARTESIAN_POINT('',(4.01912929292548,0.,6.59194920871187E-17));
#703=CARTESIAN_POINT('',(4.02117116309208,0.,5.55111512312578E-17));
#704=CARTESIAN_POINT('',(4.0232853649379,0.,1.90819582357449E-16));
#705=CARTESIAN_POINT('',(4.01912929292548,0.,0.0334562659759851));
#706=CARTESIAN_POINT('',(4.02117116309208,0.,0.0351546197984671));
#707=CARTESIAN_POINT('',(4.0232853649379,0.,0.036764862908513));
#708=CARTESIAN_POINT('',(4.02545262010536,0.,3.40005801291454E-16));
#709=CARTESIAN_POINT('',(4.02978713044028,0.,5.51642065360625E-16));
#710=CARTESIAN_POINT('',(4.03432401110071,0.,5.55111512312578E-17));
#711=CARTESIAN_POINT('',(4.02545262010536,0.,0.0383003055532637));
#712=CARTESIAN_POINT('',(4.02978713044028,0.,0.041371190842765));
#713=CARTESIAN_POINT('',(4.03432401110071,0.,0.0441495928585231));
#714=CARTESIAN_POINT('',(4.03896748101465,0.,1.73472347597681E-16));
#715=CARTESIAN_POINT('',(4.04128921597162,0.,2.32452945780892E-16));
#716=CARTESIAN_POINT('',(4.0436413696244,0.,3.22658566531686E-16));
#717=CARTESIAN_POINT('',(4.03896748101465,0.,0.0467268504935427));
#718=CARTESIAN_POINT('',(4.04128921597162,0.,0.0480154793110525));
#719=CARTESIAN_POINT('',(4.0436413696244,0.,0.0492503145475294));
#720=CARTESIAN_POINT('',(4.04601553027807,0.,3.12250225675825E-16));
#721=CARTESIAN_POINT('',(4.04838969093174,0.,2.84494650060196E-16));
#722=CARTESIAN_POINT('',(4.05078502448206,0.,2.42861286636753E-16));
#723=CARTESIAN_POINT('',(4.04601553027807,0.,0.0504407645803788));
#724=CARTESIAN_POINT('',(4.04838969093174,0.,0.0516312146132282));
#725=CARTESIAN_POINT('',(4.05078502448207,0.,0.0527785824860137));
#726=CARTESIAN_POINT('',(4.05319904541733,0.,1.97758476261356E-16));
#727=CARTESIAN_POINT('',(4.05802708728787,0.,1.56125112837913E-16));
#728=CARTESIAN_POINT('',(4.06292220553356,0.,2.0122792321331E-16));
#729=CARTESIAN_POINT('',(4.05319904541733,0.,0.0538860450260265));
#730=CARTESIAN_POINT('',(4.05802708728787,0.,0.0561009701060521));
#731=CARTESIAN_POINT('',(4.06292220553356,0.,0.0581663131232625));
#732=CARTESIAN_POINT('',(4.06786547249969,0.,1.70002900645727E-16));
#733=CARTESIAN_POINT('',(4.07775200643194,0.,6.93889390390723E-17));
#734=CARTESIAN_POINT('',(4.08781612396179,0.,1.87350135405495E-16));
#735=CARTESIAN_POINT('',(4.06786547249969,0.,0.0601102387182956));
#736=CARTESIAN_POINT('',(4.07775200643194,0.,0.0639980899083618));
#737=CARTESIAN_POINT('',(4.08781612396179,0.,0.0674220331704823));
#738=CARTESIAN_POINT('',(4.09797221008267,0.,1.2490009027033E-16));
#739=CARTESIAN_POINT('',(4.10812829620355,0.,9.0205620750794E-17));
#740=CARTESIAN_POINT('',(4.11837868821469,0.,1.73472347597681E-16));
#741=CARTESIAN_POINT('',(4.09797221008267,0.,0.070536564639256));
#742=CARTESIAN_POINT('',(4.10812829620355,0.,0.0736510961080297));
#743=CARTESIAN_POINT('',(4.11837868821469,0.,0.0764534334884076));
#744=CARTESIAN_POINT('',(4.12868493739563,0.,1.94289029309402E-16));
#745=CARTESIAN_POINT('',(4.13899118657657,0.,2.08166817117217E-16));
#746=CARTESIAN_POINT('',(4.1493545526269,0.,6.24500451351651E-17));
#747=CARTESIAN_POINT('',(4.12868493739563,0.,0.0790275612271595));
#748=CARTESIAN_POINT('',(4.13899118657657,0.,0.0816016889659114));
#749=CARTESIAN_POINT('',(4.1493545526269,0.,0.0839459089235527));
#750=CARTESIAN_POINT('',(4.15975360636113,0.,8.32667268468867E-17));
#751=CARTESIAN_POINT('',(4.17015266009537,0.,9.71445146547012E-17));
#752=CARTESIAN_POINT('',(4.18058981459037,0.,1.17961196366423E-16));
#753=CARTESIAN_POINT('',(4.15975360636113,0.,0.0861141602383448));
#754=CARTESIAN_POINT('',(4.17015266009537,0.,0.0882824115531368));
#755=CARTESIAN_POINT('',(4.18058981459037,0.,0.0902689484268381));
#756=CARTESIAN_POINT('',(4.19105137677663,0.,1.04083408558608E-16));
#757=CARTESIAN_POINT('',(4.2015129389629,0.,1.04083408558608E-16));
#758=CARTESIAN_POINT('',(4.21199941288126,0.,4.85722573273506E-17));
#759=CARTESIAN_POINT('',(4.19105137677663,0.,0.0921131576482681));
#760=CARTESIAN_POINT('',(4.2015129389629,0.,0.0939573668696982));
#761=CARTESIAN_POINT('',(4.21199941288126,0.,0.0956579554966536));
#762=CARTESIAN_POINT('',(4.22250445414085,0.,7.63278329429795E-17));
#763=CARTESIAN_POINT('',(4.23300949540044,0.,9.71445146547012E-17));
#764=CARTESIAN_POINT('',(4.2435324781688,0.,1.11022302462516E-16));
#765=CARTESIAN_POINT('',(4.22250445414085,0.,0.0972353788985488));
#766=CARTESIAN_POINT('',(4.23300949540044,0.,0.098812802300444));
#767=CARTESIAN_POINT('',(4.2435324781688,0.,0.100269568073712));
#768=CARTESIAN_POINT('',(4.25406948140808,0.,9.71445146547012E-17));
#769=CARTESIAN_POINT('',(4.26460648464736,0.,8.32667268468867E-17));
#770=CARTESIAN_POINT('',(4.27515568854712,0.,6.93889390390723E-17));
#771=CARTESIAN_POINT('',(4.25406948140808,0.,0.101619033008509));
#772=CARTESIAN_POINT('',(4.26460648464736,0.,0.102968497943306));
#773=CARTESIAN_POINT('',(4.27515568854712,0.,0.104217655364416));
#774=CARTESIAN_POINT('',(4.28571587059651,0.,6.24500451351651E-17));
#775=CARTESIAN_POINT('',(4.30683623469528,0.,6.93889390390723E-17));
#776=CARTESIAN_POINT('',(4.32799375463443,0.,9.71445146547012E-17));
#777=CARTESIAN_POINT('',(4.28571587059651,0.,0.105371407563853));
#778=CARTESIAN_POINT('',(4.30683623469528,0.,0.107678911962725));
#779=CARTESIAN_POINT('',(4.32799375463443,0.,0.109630743705163));
#780=CARTESIAN_POINT('',(4.34917517488226,0.,6.24500451351651E-17));
#781=CARTESIAN_POINT('',(4.39153801537793,0.,-2.08166817117217E-17));
#782=CARTESIAN_POINT('',(4.43398481547372,0.,2.08166817117217E-17));
#783=CARTESIAN_POINT('',(4.34917517488226,0.,0.111285458354419));
#784=CARTESIAN_POINT('',(4.39153801537793,0.,0.114594887652931));
#785=CARTESIAN_POINT('',(4.43398481547372,0.,0.116763678842489));
#786=CARTESIAN_POINT('',(4.47645315211346,0.,6.93889390390723E-18));
#787=CARTESIAN_POINT('',(4.49768732043333,0.,6.93889390390723E-18));
#788=CARTESIAN_POINT('',(4.51892818878264,0.,1.38777878078145E-17));
#789=CARTESIAN_POINT('',(4.47645315211346,0.,0.118138552220841));
#790=CARTESIAN_POINT('',(4.49768732043333,0.,0.118825988910018));
#791=CARTESIAN_POINT('',(4.51892818878264,0.,0.119308568223141));
#792=CARTESIAN_POINT('',(4.54017163423268,0.,6.93889390390723E-18));
#793=CARTESIAN_POINT('',(4.56141507968271,0.,0.));
#794=CARTESIAN_POINT('',(4.58266064243675,0.,-2.08166817117217E-17));
#795=CARTESIAN_POINT('',(4.54017163423268,0.,0.119614537779935));
#796=CARTESIAN_POINT('',(4.56141507968271,0.,0.119920507336729));
#797=CARTESIAN_POINT('',(4.58266064243675,0.,0.120054278191801));
#798=CARTESIAN_POINT('',(4.60390635134578,0.,-2.08166817117217E-17));
#799=CARTESIAN_POINT('',(4.6145292058003,0.,-2.77555756156289E-17));
#800=CARTESIAN_POINT('',(4.62515166050772,0.,-6.93889390390723E-18));
#801=CARTESIAN_POINT('',(4.60390635134579,0.,0.120032021787404));
#802=CARTESIAN_POINT('',(4.6145292058003,0.,0.120020893585205));
#803=CARTESIAN_POINT('',(4.62515166050772,0.,0.119974948693273));
#804=CARTESIAN_POINT('',(4.63577408674957,0.,-6.93889390390723E-18));
#805=CARTESIAN_POINT('',(4.64639651299142,0.,-6.93889390390723E-18));
#806=CARTESIAN_POINT('',(4.65701883776201,0.,1.38777878078145E-17));
#807=CARTESIAN_POINT('',(4.63577408674957,0.,0.119890428999328));
#808=CARTESIAN_POINT('',(4.64639651299142,0.,0.119805909305384));
#809=CARTESIAN_POINT('',(4.65701883776201,0.,0.119683681911808));
#810=CARTESIAN_POINT('',(4.66764043879966,0.,6.93889390390723E-18));
#811=CARTESIAN_POINT('',(4.68888364087497,0.,6.93889390390723E-18));
#812=CARTESIAN_POINT('',(4.7101250874168,0.,-1.38777878078145E-17));
#813=CARTESIAN_POINT('',(4.66764043879966,0.,0.119530320140608));
#814=CARTESIAN_POINT('',(4.68888364087497,0.,0.11922359659821));
#815=CARTESIAN_POINT('',(4.7101250874168,0.,0.11877873713978));
#816=CARTESIAN_POINT('',(4.73136294522543,0.,-2.08166817117217E-17));
#817=CARTESIAN_POINT('',(4.75260080303406,0.,-2.77555756156289E-17));
#818=CARTESIAN_POINT('',(4.77383588523355,0.,-2.77555756156289E-17));
#819=CARTESIAN_POINT('',(4.73136294522543,0.,0.118219968511714));
#820=CARTESIAN_POINT('',(4.75260080303406,0.,0.117661199883648));
#821=CARTESIAN_POINT('',(4.77383588523355,0.,0.116977403788532));
#822=CARTESIAN_POINT('',(4.79506670923303,0.,-4.16333634234434E-17));
#823=CARTESIAN_POINT('',(4.81629753323251,0.,-4.85722573273506E-17));
#824=CARTESIAN_POINT('',(4.83752447146782,0.,-2.77555756156289E-17));
#825=CARTESIAN_POINT('',(4.79506670923303,0.,0.116190553629997));
#826=CARTESIAN_POINT('',(4.81629753323251,0.,0.115403703471463));
#827=CARTESIAN_POINT('',(4.83752447146782,0.,0.114509421140894));
#828=CARTESIAN_POINT('',(4.85874687291722,0.,-2.77555756156289E-17));
#829=CARTESIAN_POINT('',(4.90119167581602,0.,-2.77555756156289E-17));
#830=CARTESIAN_POINT('',(4.94361837761837,0.,-7.63278329429795E-17));
#831=CARTESIAN_POINT('',(4.85874687291722,0.,0.113519375135794));
#832=CARTESIAN_POINT('',(4.90119167581602,0.,0.111539283125593));
#833=CARTESIAN_POINT('',(4.94361837761837,0.,0.10918114954492));
#834=CARTESIAN_POINT('',(4.98602521239778,0.,-5.55111512312578E-17));
#835=CARTESIAN_POINT('',(5.02843204717719,0.,-3.46944695195361E-17));
#836=CARTESIAN_POINT('',(5.07081904291754,0.,-5.55111512312578E-17));
#837=CARTESIAN_POINT('',(4.98602521239778,0.,0.106507677728438));
#838=CARTESIAN_POINT('',(5.0284320471772,0.,0.103834205911955));
#839=CARTESIAN_POINT('',(5.07081904291754,0.,0.100854482694551));
#840=CARTESIAN_POINT('',(5.1131860283651,0.,-5.55111512312578E-17));
#841=CARTESIAN_POINT('',(5.15555301381266,0.,-5.55111512312578E-17));
#842=CARTESIAN_POINT('',(5.19790005057459,0.,-5.55111512312578E-17));
#843=CARTESIAN_POINT('',(5.1131860283651,0.,0.0976108446998178));
#844=CARTESIAN_POINT('',(5.15555301381266,0.,0.0943672067050848));
#845=CARTESIAN_POINT('',(5.19790005057459,0.,0.0908677757665171));
#846=CARTESIAN_POINT('',(5.24022753057162,0.,-4.85722573273506E-17));
#847=CARTESIAN_POINT('',(5.28255501056866,0.,-4.16333634234434E-17));
#848=CARTESIAN_POINT('',(5.32486298151987,0.,-9.0205620750794E-17));
#849=CARTESIAN_POINT('',(5.24022753057163,0.,0.0871450696939535));
#850=CARTESIAN_POINT('',(5.28255501056866,0.,0.0834223636213899));
#851=CARTESIAN_POINT('',(5.32486298151987,0.,0.0794790494649985));
#852=CARTESIAN_POINT('',(5.3671519107372,0.,-9.71445146547012E-17));
#853=CARTESIAN_POINT('',(5.40944083995452,0.,-1.11022302462516E-16));
#854=CARTESIAN_POINT('',(5.45171070472111,0.,-6.93889390390723E-17));
#855=CARTESIAN_POINT('',(5.3671519107372,0.,0.0753425776106638));
#856=CARTESIAN_POINT('',(5.40944083995452,0.,0.071206105756329));
#857=CARTESIAN_POINT('',(5.45171070472111,0.,0.0668739430149315));
#858=CARTESIAN_POINT('',(5.49396164523441,0.,-6.24500451351651E-17));
#859=CARTESIAN_POINT('',(5.578463526261,0.,-3.81639164714898E-17));
#860=CARTESIAN_POINT('',(5.66289050018778,0.,2.08166817117217E-17));
#861=CARTESIAN_POINT('',(5.49396164523441,0.,0.0623651323816276));
#862=CARTESIAN_POINT('',(5.578463526261,0.,0.0533475111150196));
#863=CARTESIAN_POINT('',(5.66289050018778,0.,0.0436303926812708));
#864=CARTESIAN_POINT('',(5.74723523950546,0.,1.73472347597681E-17));
#865=CARTESIAN_POINT('',(5.83157997882315,0.,3.46944695195361E-18));
#866=CARTESIAN_POINT('',(5.91584276867201,0.,1.23078630620554E-15));
#867=CARTESIAN_POINT('',(6.,0.,0.));
#868=CARTESIAN_POINT('',(5.74723523950546,0.,0.033245739412579));
#869=CARTESIAN_POINT('',(5.83157997882315,0.,0.0228610861438871));
#870=CARTESIAN_POINT('',(5.91584276867199,0.,0.0118080938435027));
#871=CARTESIAN_POINT('',(6.,0.,0.));
#872=B_SPLINE_SURFACE_WITH_KNOTS('Surf_FDVISKYFMZ, WingGeom, 0, 7, lower',1,3,((#873, #874, #875, #879, #880, #881, #885, #886, #887, #891, #892, #893, #897, #898, #899, #903, #904, #905, #909, #910, #911, #915, #916, #917, #921, #922, #923, #927, #928, #929, #933, #934, #935, #939, #940, #941, #945, #946, #947, #951, #952, #953, #957, #958, #959, #963, #964, #965, #969, #970, #971, #975, #976, #977, #981, #982, #983, #987, #988, #989, #993, #994, #995, #999, #1000, #1001, #1005, #1006, #1007, #1011, #1012, #1013, #1017, #1018, #1019, #1023, #1024, #1025, #1029, #1030, #1031, #1035, #1036, #1037, #1041, #1042, #1043, #1047, #1048, #1049, #1053, #1054, #1055, #1059, #1060, #1061, #1065, #1066, #1067, #1071, #1072, #1073, #1074),(#876, #877, #878, #882, #883, #884, #888, #889, #890, #894, #895, #896, #900, #901, #902, #906, #907, #908, #912, #913, #914, #918, #919, #920, #924, #925, #926, #930, #931, #932, #936, #937, #938, #942, #943, #944, #948, #949, #950, #954, #955, #956, #960, #961, #962, #966, #967, #968, #972, #973, #974, #978, #979, #980, #984, #985, #986, #990, #991, #992, #996, #997, #998, #1002, #1003, #1004, #1008, #1009, #1010, #1014, #1015, #1016, #1020, #1021, #1022, #1026, #1027, #1028, #1032, #1033, #1034, #1038, #1039, #1040, #1044, #1045, #1046, #1050, #1051, #1052, #1056, #1057, #1058, #1062, #1063, #1064, #1068, #1069, #1070, #1075, #1076, #1077, #1078)),.UNSPECIFIED.,.F.,.F.,.F.,(2,2),(4,3,3,3,3,3,3,3,3,3,3,3,3,3,3,3,3,3,3,3,3,3,3,3,3,3,3,3,3,3,3,3,3,3,4),(0.,1.),(0.,1.,2.,3.,4.,5.,6.,7.,8.,9.,10.,11.,12.,13.,14.,15.,16.,17.,18.,19.,20.,21.,22.,23.,24.,25.,26.,27.,28.,29.,30.,31.,32.,33.,34.),.PIECEWISE_BEZIER_KNOTS.);
#873=CARTESIAN_POINT('',(6.,0.,0.));
#874=CARTESIAN_POINT('',(5.91584276867203,0.,-0.0118080938435002));
#875=CARTESIAN_POINT('',(5.83157997882315,0.,-0.0228610861438871));
#876=CARTESIAN_POINT('',(6.58974596215561,5.,0.));
#877=CARTESIAN_POINT('',(6.54766734649163,5.,-0.0059040469217501));
#878=CARTESIAN_POINT('',(6.50553595156719,5.,-0.0114305430719435));
#879=CARTESIAN_POINT('',(5.74723523950546,0.,-0.0332457394125789));
#880=CARTESIAN_POINT('',(5.66289050018778,0.,-0.0436303926812708));
#881=CARTESIAN_POINT('',(5.578463526261,0.,-0.0533475111150197));
#882=CARTESIAN_POINT('',(6.46336358190835,5.,-0.0166228697062895));
#883=CARTESIAN_POINT('',(6.4211912122495,5.,-0.0218151963406354));
#884=CARTESIAN_POINT('',(6.37897772528611,5.,-0.0266737555575099));
#885=CARTESIAN_POINT('',(5.49396164523441,0.,-0.0623651323816277));
#886=CARTESIAN_POINT('',(5.45171070472111,0.,-0.0668739430149317));
#887=CARTESIAN_POINT('',(5.40944083995452,0.,-0.0712061057563292));
#888=CARTESIAN_POINT('',(6.33672678477282,5.,-0.0311825661908138));
#889=CARTESIAN_POINT('',(6.31560131451617,5.,-0.0334369715074658));
#890=CARTESIAN_POINT('',(6.29446638213287,5.,-0.0356030528781646));
#891=CARTESIAN_POINT('',(5.3671519107372,0.,-0.075342577610664));
#892=CARTESIAN_POINT('',(5.32486298151987,0.,-0.0794790494649987));
#893=CARTESIAN_POINT('',(5.28255501056866,0.,-0.08342236362139));
#894=CARTESIAN_POINT('',(6.27332191752421,5.,-0.037671288805332));
#895=CARTESIAN_POINT('',(6.25217745291555,5.,-0.0397395247324994));
#896=CARTESIAN_POINT('',(6.23102346743994,5.,-0.041711181810695));
#897=CARTESIAN_POINT('',(5.24022753057162,0.,-0.0871450696939536));
#898=CARTESIAN_POINT('',(5.19790005057459,0.,-0.0908677757665172));
#899=CARTESIAN_POINT('',(5.15555301381266,0.,-0.0943672067050849));
#900=CARTESIAN_POINT('',(6.20985972744143,5.,-0.0435725348469768));
#901=CARTESIAN_POINT('',(6.18869598744291,5.,-0.0454338878832586));
#902=CARTESIAN_POINT('',(6.16752246906194,5.,-0.0471836033525425));
#903=CARTESIAN_POINT('',(5.1131860283651,0.,-0.0976108446998179));
#904=CARTESIAN_POINT('',(5.07081904291754,0.,-0.100854482694551));
#905=CARTESIAN_POINT('',(5.02843204717719,0.,-0.103834205911955));
#906=CARTESIAN_POINT('',(6.14633897633816,5.,-0.048805422349909));
#907=CARTESIAN_POINT('',(6.12515548361438,5.,-0.0504272413472754));
#908=CARTESIAN_POINT('',(6.10396198574421,5.,-0.0519171029559777));
#909=CARTESIAN_POINT('',(4.98602521239778,0.,-0.106507677728438));
#910=CARTESIAN_POINT('',(4.94361837761837,0.,-0.10918114954492));
#911=CARTESIAN_POINT('',(4.90119167581602,0.,-0.111539283125594));
#912=CARTESIAN_POINT('',(6.0827585683545,5.,-0.0532538388642189));
#913=CARTESIAN_POINT('',(6.0615551509648,5.,-0.0545905747724602));
#914=CARTESIAN_POINT('',(6.04034180006362,5.,-0.0557696415627968));
#915=CARTESIAN_POINT('',(4.85874687291722,0.,-0.113519375135794));
#916=CARTESIAN_POINT('',(4.83752447146782,0.,-0.114509421140894));
#917=CARTESIAN_POINT('',(4.81629753323251,0.,-0.115403703471463));
#918=CARTESIAN_POINT('',(6.01911939861422,5.,-0.056759687567897));
#919=CARTESIAN_POINT('',(6.00850819788952,5.,-0.0572547105704471));
#920=CARTESIAN_POINT('',(5.99789472877187,5.,-0.0577018517357314));
#921=CARTESIAN_POINT('',(4.79506670923303,0.,-0.116190553629998));
#922=CARTESIAN_POINT('',(4.77383588523354,0.,-0.116977403788532));
#923=CARTESIAN_POINT('',(4.75260080303406,0.,-0.117661199883648));
#924=CARTESIAN_POINT('',(5.98727931677213,5.,-0.0580952768149988));
#925=CARTESIAN_POINT('',(5.97666390477239,5.,-0.0584887018942662));
#926=CARTESIAN_POINT('',(5.96604636367264,5.,-0.0588305999418241));
#927=CARTESIAN_POINT('',(4.73136294522543,0.,-0.118219968511714));
#928=CARTESIAN_POINT('',(4.7101250874168,0.,-0.11877873713978));
#929=CARTESIAN_POINT('',(4.68888364087497,0.,-0.11922359659821));
#930=CARTESIAN_POINT('',(5.95542743476833,5.,-0.059109984255857));
#931=CARTESIAN_POINT('',(5.94480850586401,5.,-0.0593893685698899));
#932=CARTESIAN_POINT('',(5.9341877825931,5.,-0.0596117982991051));
#933=CARTESIAN_POINT('',(4.66764043879966,0.,-0.119530320140608));
#934=CARTESIAN_POINT('',(4.65701883776201,0.,-0.119683681911807));
#935=CARTESIAN_POINT('',(4.64639651299142,0.,-0.119805909305384));
#936=CARTESIAN_POINT('',(5.92356618155544,5.,-0.0597651600703042));
#937=CARTESIAN_POINT('',(5.91825538103662,5.,-0.0598418409559037));
#938=CARTESIAN_POINT('',(5.91294421865132,5.,-0.0599029546526919));
#939=CARTESIAN_POINT('',(4.63577408674957,0.,-0.119890428999328));
#940=CARTESIAN_POINT('',(4.62515166050772,0.,-0.119974948693273));
#941=CARTESIAN_POINT('',(4.6145292058003,0.,-0.120020893585205));
#942=CARTESIAN_POINT('',(5.9076330055304,5.,-0.0599452144996641));
#943=CARTESIAN_POINT('',(5.90232179240947,5.,-0.0599874743466363));
#944=CARTESIAN_POINT('',(5.89701056505576,5.,-0.0600104467926027));
#945=CARTESIAN_POINT('',(4.60390635134578,0.,-0.120032021787404));
#946=CARTESIAN_POINT('',(4.58266064243675,0.,-0.120054278191801));
#947=CARTESIAN_POINT('',(4.56141507968271,0.,-0.119920507336729));
#948=CARTESIAN_POINT('',(5.89169913782851,5.,-0.0600160108937019));
#949=CARTESIAN_POINT('',(5.88107628337399,5.,-0.0600271390959005));
#950=CARTESIAN_POINT('',(5.87045350199697,5.,-0.0599602536683647));
#951=CARTESIAN_POINT('',(4.54017163423267,0.,-0.119614537779935));
#952=CARTESIAN_POINT('',(4.51892818878264,0.,-0.119308568223141));
#953=CARTESIAN_POINT('',(4.49768732043333,0.,-0.118825988910018));
#954=CARTESIAN_POINT('',(5.85983177927195,5.,-0.0598072688899675));
#955=CARTESIAN_POINT('',(5.84921005654693,5.,-0.0596542841115704));
#956=CARTESIAN_POINT('',(5.83858962237228,5.,-0.0594129944550088));
#957=CARTESIAN_POINT('',(4.47645315211346,0.,-0.118138552220841));
#958=CARTESIAN_POINT('',(4.43398481547372,0.,-0.116763678842489));
#959=CARTESIAN_POINT('',(4.39153801537793,0.,-0.114594887652931));
#960=CARTESIAN_POINT('',(5.82797253821234,5.,-0.0590692761104207));
#961=CARTESIAN_POINT('',(5.80673836989247,5.,-0.0583818394212445));
#962=CARTESIAN_POINT('',(5.78551496984458,5.,-0.0572974438264657));
#963=CARTESIAN_POINT('',(4.34917517488226,0.,-0.111285458354419));
#964=CARTESIAN_POINT('',(4.32799375463443,0.,-0.109630743705163));
#965=CARTESIAN_POINT('',(4.30683623469528,0.,-0.107678911962725));
#966=CARTESIAN_POINT('',(5.76433354959674,5.,-0.0556427291772096));
#967=CARTESIAN_POINT('',(5.75374283947283,5.,-0.0548153718525815));
#968=CARTESIAN_POINT('',(5.74316407950325,5.,-0.0538394559813625));
#969=CARTESIAN_POINT('',(4.28571587059651,0.,-0.105371407563852));
#970=CARTESIAN_POINT('',(4.27515568854712,0.,-0.104217655364416));
#971=CARTESIAN_POINT('',(4.26460648464736,0.,-0.102968497943306));
#972=CARTESIAN_POINT('',(5.73260389745387,5.,-0.0526857037819262));
#973=CARTESIAN_POINT('',(5.72732380642917,5.,-0.0521088276822081));
#974=CARTESIAN_POINT('',(5.72204920447929,5.,-0.0514842489716531));
#975=CARTESIAN_POINT('',(4.25406948140808,0.,-0.101619033008509));
#976=CARTESIAN_POINT('',(4.2435324781688,0.,-0.100269568073711));
#977=CARTESIAN_POINT('',(4.23300949540044,0.,-0.0988128023004438));
#978=CARTESIAN_POINT('',(5.71678070285965,5.,-0.0508095165042544));
#979=CARTESIAN_POINT('',(5.71151220124001,5.,-0.0501347840368557));
#980=CARTESIAN_POINT('',(5.70625070985583,5.,-0.0494064011502219));
#981=CARTESIAN_POINT('',(4.22250445414085,0.,-0.0972353788985487));
#982=CARTESIAN_POINT('',(4.21199941288126,0.,-0.0956579554966535));
#983=CARTESIAN_POINT('',(4.2015129389629,0.,-0.093957366869698));
#984=CARTESIAN_POINT('',(5.70099818922604,5.,-0.0486176894492743));
#985=CARTESIAN_POINT('',(5.69574566859624,5.,-0.0478289777483268));
#986=CARTESIAN_POINT('',(5.69050243163707,5.,-0.046978683434849));
#987=CARTESIAN_POINT('',(4.19105137677663,0.,-0.0921131576482679));
#988=CARTESIAN_POINT('',(4.18058981459036,0.,-0.0902689484268378));
#989=CARTESIAN_POINT('',(4.17015266009537,0.,-0.0882824115531366));
#990=CARTESIAN_POINT('',(5.68527165054393,5.,-0.0460565788241339));
#991=CARTESIAN_POINT('',(5.6800408694508,5.,-0.0451344742134189));
#992=CARTESIAN_POINT('',(5.6748222922033,5.,-0.0441412057765683));
#993=CARTESIAN_POINT('',(4.15975360636113,0.,-0.0861141602383446));
#994=CARTESIAN_POINT('',(4.1493545526269,0.,-0.0839459089235526));
#995=CARTESIAN_POINT('',(4.13899118657657,0.,-0.081601688965911));
#996=CARTESIAN_POINT('',(5.66962276533618,5.,-0.0430570801191723));
#997=CARTESIAN_POINT('',(5.66442323846906,5.,-0.0419729544617763));
#998=CARTESIAN_POINT('',(5.6592415554439,5.,-0.0408008444829555));
#999=CARTESIAN_POINT('',(4.12868493739563,0.,-0.0790275612271591));
#1000=CARTESIAN_POINT('',(4.11837868821469,0.,-0.0764534334884072));
#1001=CARTESIAN_POINT('',(4.10812829620355,0.,-0.0736510961080295));
#1002=CARTESIAN_POINT('',(5.65408843085343,5.,-0.0395137806135796));
#1003=CARTESIAN_POINT('',(5.64893530626296,5.,-0.0382267167442036));
#1004=CARTESIAN_POINT('',(5.64381011025739,5.,-0.0368255480540148));
#1005=CARTESIAN_POINT('',(4.09797221008267,0.,-0.0705365646392558));
#1006=CARTESIAN_POINT('',(4.08781612396179,0.,-0.067422033170482));
#1007=CARTESIAN_POINT('',(4.07775200643194,0.,-0.0639980899083617));
#1008=CARTESIAN_POINT('',(5.63873206719695,5.,-0.0352682823196279));
#1009=CARTESIAN_POINT('',(5.63365402413651,5.,-0.033711016585241));
#1010=CARTESIAN_POINT('',(5.62862196537158,5.,-0.0319990449541808));
#1011=CARTESIAN_POINT('',(4.06786547249969,0.,-0.0601102387182953));
#1012=CARTESIAN_POINT('',(4.06292220553356,0.,-0.0581663131232621));
#1013=CARTESIAN_POINT('',(4.05802708728787,0.,-0.0561009701060518));
#1014=CARTESIAN_POINT('',(5.62367869840546,5.,-0.0300551193591476));
#1015=CARTESIAN_POINT('',(5.62120706492239,5.,-0.029083156561631));
#1016=CARTESIAN_POINT('',(5.61875950579955,5.,-0.0280504850530259));
#1017=CARTESIAN_POINT('',(4.05319904541733,0.,-0.0538860450260261));
#1018=CARTESIAN_POINT('',(4.05078502448206,0.,-0.0527785824860133));
#1019=CARTESIAN_POINT('',(4.04838969093174,0.,-0.0516312146132277));
#1020=CARTESIAN_POINT('',(5.61634548486428,5.,-0.0269430225130131));
#1021=CARTESIAN_POINT('',(5.61513847439665,5.,-0.0263892912430066));
#1022=CARTESIAN_POINT('',(5.61394080762148,5.,-0.0258156073066138));
#1023=CARTESIAN_POINT('',(4.04601553027807,0.,-0.0504407645803782));
#1024=CARTESIAN_POINT('',(4.0436413696244,0.,-0.0492503145475288));
#1025=CARTESIAN_POINT('',(4.04128921597162,0.,-0.048015479311052));
#1026=CARTESIAN_POINT('',(5.61275372729465,5.,-0.0252203822901891));
#1027=CARTESIAN_POINT('',(5.61156664696781,5.,-0.0246251572737644));
#1028=CARTESIAN_POINT('',(5.61039057014142,5.,-0.024007739655526));
#1029=CARTESIAN_POINT('',(4.03896748101465,0.,-0.0467268504935424));
#1030=CARTESIAN_POINT('',(4.03432401110071,0.,-0.044149592858523));
#1031=CARTESIAN_POINT('',(4.02978713044028,0.,-0.0413711908427639));
#1032=CARTESIAN_POINT('',(5.60922970266294,5.,-0.0233634252467712));
#1033=CARTESIAN_POINT('',(5.60690796770597,5.,-0.0220747964292615));
#1034=CARTESIAN_POINT('',(5.60463952737575,5.,-0.0206855954213819));
#1035=CARTESIAN_POINT('',(4.02545262010536,0.,-0.038300305553263));
#1036=CARTESIAN_POINT('',(4.0232853649379,0.,-0.0367648629085126));
#1037=CARTESIAN_POINT('',(4.02117116309208,0.,-0.035154619798467));
#1038=CARTESIAN_POINT('',(5.60247227220829,5.,-0.0191501527766315));
#1039=CARTESIAN_POINT('',(5.60138864462456,5.,-0.0183824314542563));
#1040=CARTESIAN_POINT('',(5.60033154370165,5.,-0.0175773098992335));
#1041=CARTESIAN_POINT('',(4.01912929292548,0.,-0.033456265975985));
#1042=CARTESIAN_POINT('',(4.01708742275888,0.,-0.031757912153503));
#1043=CARTESIAN_POINT('',(4.01511966987624,0.,-0.0299698605891678));
#1044=CARTESIAN_POINT('',(5.59931060861835,5.,-0.0167281329879925));
#1045=CARTESIAN_POINT('',(5.59828967353505,5.,-0.0158789560767515));
#1046=CARTESIAN_POINT('',(5.59730579709373,5.,-0.0149849302945839));
#1047=CARTESIAN_POINT('',(4.01325715454565,0.,-0.0280762326996767));
#1048=CARTESIAN_POINT('',(4.01139463921506,0.,-0.0261826048101856));
#1049=CARTESIAN_POINT('',(4.00963998741692,0.,-0.0241814886537683));
#1050=CARTESIAN_POINT('',(5.59637453942844,5.,-0.0140381163498384));
#1051=CARTESIAN_POINT('',(5.59544328176314,5.,-0.0130913024050928));
#1052=CARTESIAN_POINT('',(5.59456595586407,5.,-0.0120907443268842));
#1053=CARTESIAN_POINT('',(4.00804417323201,0.,-0.0220585981932146));
#1054=CARTESIAN_POINT('',(4.00644835904711,0.,-0.0199357077326609));
#1055=CARTESIAN_POINT('',(4.00501126087424,0.,-0.0176893982520646));
#1056=CARTESIAN_POINT('',(5.59376804877162,5.,-0.0110292990966073));
#1057=CARTESIAN_POINT('',(5.59297014167917,5.,-0.00996785386633045));
#1058=CARTESIAN_POINT('',(5.59225159259273,5.,-0.00884469912603232));
#1059=CARTESIAN_POINT('',(4.00381006230294,0.,-0.0153212955056526));
#1060=CARTESIAN_POINT('',(4.00260886373164,0.,-0.0129531927592406));
#1061=CARTESIAN_POINT('',(4.00164289529876,0.,-0.0104610734742978));
#1062=CARTESIAN_POINT('',(5.59165099330708,5.,-0.00766064775282632));
#1063=CARTESIAN_POINT('',(5.59105039402143,5.,-0.00647659637962028));
#1064=CARTESIAN_POINT('',(5.59056740980499,5.,-0.00523053673714892));
#1065=CARTESIAN_POINT('',(4.00099019959599,0.,-0.00788697489681121));
#1066=CARTESIAN_POINT('',(4.00066385174461,0.,-0.00659992560806786));
#1067=CARTESIAN_POINT('',(4.00041493862507,0.,-0.00529232241981786));
#1068=CARTESIAN_POINT('',(5.59024106195361,5.,-0.00394348744840561));
#1069=CARTESIAN_POINT('',(5.59007788802792,5.,-0.00329996280403393));
#1070=CARTESIAN_POINT('',(5.58995343146815,5.,-0.00264616120990893));
#1071=CARTESIAN_POINT('',(4.00024902947482,0.,-0.00397503610511259));
#1072=CARTESIAN_POINT('',(4.00008312032458,0.,-0.0026577497904074));
#1073=CARTESIAN_POINT('',(4.,0.,-0.0013256229672388));
#1074=CARTESIAN_POINT('',(4.,0.,0.));
#1075=CARTESIAN_POINT('',(5.58987047689302,5.,-0.0019875180525563));
#1076=CARTESIAN_POINT('',(5.5897875223179,5.,-0.0013288748952037));
#1077=CARTESIAN_POINT('',(5.58974596215561,5.,-0.000662811483619399));
#1078=CARTESIAN_POINT('',(5.58974596215561,5.,0.));
#1079=B_SPLINE_SURFACE_WITH_KNOTS('Surf_FDVISKYFMZ, WingGeom, 0, 10, upper',1,3,((#1080, #1081, #1082, #1086, #1087, #1088, #1092, #1093, #1094, #1098, #1099, #1100, #1104, #1105, #1106, #1110, #1111, #1112, #1116, #1117, #1118, #1122, #1123, #1124, #1128, #1129, #1130, #1134, #1135, #1136, #1140, #1141, #1142, #1146, #1147, #1148, #1152, #1153, #1154, #1158, #1159, #1160, #1164, #1165, #1166, #1170, #1171, #1172, #1176, #1177, #1178, #1182, #1183, #1184, #1188, #1189, #1190, #1194, #1195, #1196, #1200, #1201, #1202, #1206, #1207, #1208, #1212, #1213, #1214, #1218, #1219, #1220, #1224, #1225, #1226, #1230, #1231, #1232, #1236, #1237, #1238, #1242, #1243, #1244, #1248, #1249, #1250, #1254, #1255, #1256, #1260, #1261, #1262, #1266, #1267, #1268, #1272, #1273, #1274, #1278, #1279, #1280, #1281),(#1083, #1084, #1085, #1089, #1090, #1091, #1095, #1096, #1097, #1101, #1102, #1103, #1107, #1108, #1109, #1113, #1114, #1115, #1119, #1120, #1121, #1125, #1126, #1127, #1131, #1132, #1133, #1137, #1138, #1139, #1143, #1144, #1145, #1149, #1150, #1151, #1155, #1156, #1157, #1161, #1162, #1163, #1167, #1168, #1169, #1173, #1174, #1175, #1179, #1180, #1181, #1185, #1186, #1187, #1191, #1192, #1193, #1197, #1198, #1199, #1203, #1204, #1205, #1209, #1210, #1211, #1215, #1216, #1217, #1221, #1222, #1223, #1227, #1228, #1229, #1233, #1234, #1235, #1239, #1240, #1241, #1245, #1246, #1247, #1251, #1252, #1253, #1257, #1258, #1259, #1263, #1264, #1265, #1269, #1270, #1271, #1275, #1276, #1277, #1282, #1283, #1284, #1285)),.UNSPECIFIED.,.F.,.F.,.F.,(2,2),(4,3,3,3,3,3,3,3,3,3,3,3,3,3,3,3,3,3,3,3,3,3,3,3,3,3,3,3,3,3,3,3,3,3,4),(0.,1.),(0.,1.,2.,3.,4.,5.,6.,7.,8.,9.,10.,11.,12.,13.,14.,15.,16.,17.,18.,19.,20.,21.,22.,23.,24.,25.,26.,27.,28.,29.,30.,31.,32.,33.,34.),.PIECEWISE_BEZIER_KNOTS.);
#1080=CARTESIAN_POINT('',(4.,0.,0.));
#1081=CARTESIAN_POINT('',(4.,0.,0.0013256229672388));
#1082=CARTESIAN_POINT('',(4.00008312032458,0.,0.00265774979040728));
#1083=CARTESIAN_POINT('',(5.58974596215561,5.,0.));
#1084=CARTESIAN_POINT('',(5.58974596215561,5.,0.000662811483619399));
#1085=CARTESIAN_POINT('',(5.5897875223179,5.,0.00132887489520364));
#1086=CARTESIAN_POINT('',(4.00024902947482,0.,0.00397503610511232));
#1087=CARTESIAN_POINT('',(4.00041493862507,0.,0.00529232241981751));
#1088=CARTESIAN_POINT('',(4.00066385174461,0.,0.00659992560806744));
#1089=CARTESIAN_POINT('',(5.58987047689302,5.,0.00198751805255616));
#1090=CARTESIAN_POINT('',(5.58995343146815,5.,0.00264616120990875));
#1091=CARTESIAN_POINT('',(5.59007788802792,5.,0.00329996280403372));
#1092=CARTESIAN_POINT('',(4.00099019959599,0.,0.00788697489681098));
#1093=CARTESIAN_POINT('',(4.00164289529876,0.,0.0104610734742978));
#1094=CARTESIAN_POINT('',(4.00260886373164,0.,0.012953192759241));
#1095=CARTESIAN_POINT('',(5.59024106195361,5.,0.00394348744840549));
#1096=CARTESIAN_POINT('',(5.59056740980499,5.,0.00523053673714889));
#1097=CARTESIAN_POINT('',(5.59105039402143,5.,0.00647659637962051));
#1098=CARTESIAN_POINT('',(4.00381006230294,0.,0.0153212955056534));
#1099=CARTESIAN_POINT('',(4.00501126087424,0.,0.0176893982520659));
#1100=CARTESIAN_POINT('',(4.00644835904711,0.,0.0199357077326619));
#1101=CARTESIAN_POINT('',(5.59165099330708,5.,0.00766064775282672));
#1102=CARTESIAN_POINT('',(5.59225159259273,5.,0.00884469912603293));
#1103=CARTESIAN_POINT('',(5.59297014167917,5.,0.00996785386633093));
#1104=CARTESIAN_POINT('',(4.00804417323201,0.,0.0220585981932149));
#1105=CARTESIAN_POINT('',(4.00963998741692,0.,0.0241814886537679));
#1106=CARTESIAN_POINT('',(4.01139463921506,0.,0.0261826048101857));
#1107=CARTESIAN_POINT('',(5.59376804877162,5.,0.0110292990966074));
#1108=CARTESIAN_POINT('',(5.59456595586407,5.,0.012090744326884));
#1109=CARTESIAN_POINT('',(5.59544328176314,5.,0.0130913024050928));
#1110=CARTESIAN_POINT('',(4.01325715454565,0.,0.0280762326996772));
#1111=CARTESIAN_POINT('',(4.01511966987624,0.,0.0299698605891688));
#1112=CARTESIAN_POINT('',(4.01708742275888,0.,0.0317579121535033));
#1113=CARTESIAN_POINT('',(5.59637453942844,5.,0.0140381163498386));
#1114=CARTESIAN_POINT('',(5.59730579709373,5.,0.0149849302945844));
#1115=CARTESIAN_POINT('',(5.59828967353505,5.,0.0158789560767516));
#1116=CARTESIAN_POINT('',(4.01912929292548,0.,0.0334562659759851));
#1117=CARTESIAN_POINT('',(4.02117116309208,0.,0.0351546197984671));
#1118=CARTESIAN_POINT('',(4.0232853649379,0.,0.036764862908513));
#1119=CARTESIAN_POINT('',(5.59931060861835,5.,0.0167281329879926));
#1120=CARTESIAN_POINT('',(5.60033154370165,5.,0.0175773098992336));
#1121=CARTESIAN_POINT('',(5.60138864462456,5.,0.0183824314542565));
#1122=CARTESIAN_POINT('',(4.02545262010536,0.,0.0383003055532637));
#1123=CARTESIAN_POINT('',(4.02978713044028,0.,0.041371190842765));
#1124=CARTESIAN_POINT('',(4.03432401110071,0.,0.0441495928585231));
#1125=CARTESIAN_POINT('',(5.60247227220829,5.,0.0191501527766318));
#1126=CARTESIAN_POINT('',(5.60463952737575,5.,0.0206855954213825));
#1127=CARTESIAN_POINT('',(5.60690796770597,5.,0.0220747964292616));
#1128=CARTESIAN_POINT('',(4.03896748101465,0.,0.0467268504935427));
#1129=CARTESIAN_POINT('',(4.04128921597162,0.,0.0480154793110525));
#1130=CARTESIAN_POINT('',(4.0436413696244,0.,0.0492503145475294));
#1131=CARTESIAN_POINT('',(5.60922970266294,5.,0.0233634252467714));
#1132=CARTESIAN_POINT('',(5.61039057014143,5.,0.0240077396555263));
#1133=CARTESIAN_POINT('',(5.61156664696782,5.,0.0246251572737647));
#1134=CARTESIAN_POINT('',(4.04601553027807,0.,0.0504407645803788));
#1135=CARTESIAN_POINT('',(4.04838969093174,0.,0.0516312146132282));
#1136=CARTESIAN_POINT('',(4.05078502448207,0.,0.0527785824860137));
#1137=CARTESIAN_POINT('',(5.61275372729465,5.,0.0252203822901894));
#1138=CARTESIAN_POINT('',(5.61394080762148,5.,0.0258156073066141));
#1139=CARTESIAN_POINT('',(5.61513847439665,5.,0.0263892912430069));
#1140=CARTESIAN_POINT('',(4.05319904541733,0.,0.0538860450260265));
#1141=CARTESIAN_POINT('',(4.05802708728787,0.,0.0561009701060521));
#1142=CARTESIAN_POINT('',(4.06292220553356,0.,0.0581663131232625));
#1143=CARTESIAN_POINT('',(5.61634548486428,5.,0.0269430225130133));
#1144=CARTESIAN_POINT('',(5.61875950579955,5.,0.0280504850530261));
#1145=CARTESIAN_POINT('',(5.6212070649224,5.,0.0290831565616312));
#1146=CARTESIAN_POINT('',(4.06786547249969,0.,0.0601102387182956));
#1147=CARTESIAN_POINT('',(4.07775200643194,0.,0.0639980899083618));
#1148=CARTESIAN_POINT('',(4.08781612396179,0.,0.0674220331704823));
#1149=CARTESIAN_POINT('',(5.62367869840546,5.,0.0300551193591478));
#1150=CARTESIAN_POINT('',(5.62862196537158,5.,0.0319990449541809));
#1151=CARTESIAN_POINT('',(5.63365402413651,5.,0.0337110165852412));
#1152=CARTESIAN_POINT('',(4.09797221008267,0.,0.070536564639256));
#1153=CARTESIAN_POINT('',(4.10812829620355,0.,0.0736510961080297));
#1154=CARTESIAN_POINT('',(4.11837868821469,0.,0.0764534334884076));
#1155=CARTESIAN_POINT('',(5.63873206719695,5.,0.035268282319628));
#1156=CARTESIAN_POINT('',(5.64381011025739,5.,0.0368255480540149));
#1157=CARTESIAN_POINT('',(5.64893530626296,5.,0.0382267167442038));
#1158=CARTESIAN_POINT('',(4.12868493739563,0.,0.0790275612271595));
#1159=CARTESIAN_POINT('',(4.13899118657657,0.,0.0816016889659114));
#1160=CARTESIAN_POINT('',(4.1493545526269,0.,0.0839459089235527));
#1161=CARTESIAN_POINT('',(5.65408843085343,5.,0.0395137806135798));
#1162=CARTESIAN_POINT('',(5.6592415554439,5.,0.0408008444829557));
#1163=CARTESIAN_POINT('',(5.66442323846906,5.,0.0419729544617764));
#1164=CARTESIAN_POINT('',(4.15975360636113,0.,0.0861141602383448));
#1165=CARTESIAN_POINT('',(4.17015266009537,0.,0.0882824115531368));
#1166=CARTESIAN_POINT('',(4.18058981459037,0.,0.0902689484268381));
#1167=CARTESIAN_POINT('',(5.66962276533618,5.,0.0430570801191724));
#1168=CARTESIAN_POINT('',(5.6748222922033,5.,0.0441412057765684));
#1169=CARTESIAN_POINT('',(5.6800408694508,5.,0.045134474213419));
#1170=CARTESIAN_POINT('',(4.19105137677663,0.,0.0921131576482681));
#1171=CARTESIAN_POINT('',(4.2015129389629,0.,0.0939573668696982));
#1172=CARTESIAN_POINT('',(4.21199941288126,0.,0.0956579554966536));
#1173=CARTESIAN_POINT('',(5.68527165054393,5.,0.0460565788241341));
#1174=CARTESIAN_POINT('',(5.69050243163707,5.,0.0469786834348491));
#1175=CARTESIAN_POINT('',(5.69574566859625,5.,0.0478289777483268));
#1176=CARTESIAN_POINT('',(4.22250445414085,0.,0.0972353788985488));
#1177=CARTESIAN_POINT('',(4.23300949540044,0.,0.098812802300444));
#1178=CARTESIAN_POINT('',(4.2435324781688,0.,0.100269568073712));
#1179=CARTESIAN_POINT('',(5.70099818922604,5.,0.0486176894492744));
#1180=CARTESIAN_POINT('',(5.70625070985583,5.,0.049406401150222));
#1181=CARTESIAN_POINT('',(5.71151220124001,5.,0.0501347840368558));
#1182=CARTESIAN_POINT('',(4.25406948140808,0.,0.101619033008509));
#1183=CARTESIAN_POINT('',(4.26460648464736,0.,0.102968497943306));
#1184=CARTESIAN_POINT('',(4.27515568854712,0.,0.104217655364416));
#1185=CARTESIAN_POINT('',(5.71678070285965,5.,0.0508095165042545));
#1186=CARTESIAN_POINT('',(5.72204920447929,5.,0.0514842489716532));
#1187=CARTESIAN_POINT('',(5.72732380642917,5.,0.0521088276822082));
#1188=CARTESIAN_POINT('',(4.28571587059651,0.,0.105371407563853));
#1189=CARTESIAN_POINT('',(4.30683623469528,0.,0.107678911962725));
#1190=CARTESIAN_POINT('',(4.32799375463443,0.,0.109630743705163));
#1191=CARTESIAN_POINT('',(5.73260389745387,5.,0.0526857037819263));
#1192=CARTESIAN_POINT('',(5.74316407950325,5.,0.0538394559813626));
#1193=CARTESIAN_POINT('',(5.75374283947283,5.,0.0548153718525816));
#1194=CARTESIAN_POINT('',(4.34917517488226,0.,0.111285458354419));
#1195=CARTESIAN_POINT('',(4.39153801537793,0.,0.114594887652931));
#1196=CARTESIAN_POINT('',(4.43398481547372,0.,0.116763678842489));
#1197=CARTESIAN_POINT('',(5.76433354959674,5.,0.0556427291772096));
#1198=CARTESIAN_POINT('',(5.78551496984458,5.,0.0572974438264657));
#1199=CARTESIAN_POINT('',(5.80673836989247,5.,0.0583818394212445));
#1200=CARTESIAN_POINT('',(4.47645315211346,0.,0.118138552220841));
#1201=CARTESIAN_POINT('',(4.49768732043333,0.,0.118825988910018));
#1202=CARTESIAN_POINT('',(4.51892818878264,0.,0.119308568223141));
#1203=CARTESIAN_POINT('',(5.82797253821234,5.,0.0590692761104207));
#1204=CARTESIAN_POINT('',(5.83858962237228,5.,0.0594129944550088));
#1205=CARTESIAN_POINT('',(5.84921005654694,5.,0.0596542841115704));
#1206=CARTESIAN_POINT('',(4.54017163423268,0.,0.119614537779935));
#1207=CARTESIAN_POINT('',(4.56141507968271,0.,0.119920507336729));
#1208=CARTESIAN_POINT('',(4.58266064243675,0.,0.120054278191801));
#1209=CARTESIAN_POINT('',(5.85983177927195,5.,0.0598072688899675));
#1210=CARTESIAN_POINT('',(5.87045350199697,5.,0.0599602536683647));
#1211=CARTESIAN_POINT('',(5.88107628337399,5.,0.0600271390959005));
#1212=CARTESIAN_POINT('',(4.60390635134579,0.,0.120032021787404));
#1213=CARTESIAN_POINT('',(4.6145292058003,0.,0.120020893585205));
#1214=CARTESIAN_POINT('',(4.62515166050772,0.,0.119974948693273));
#1215=CARTESIAN_POINT('',(5.89169913782851,5.,0.0600160108937019));
#1216=CARTESIAN_POINT('',(5.89701056505577,5.,0.0600104467926027));
#1217=CARTESIAN_POINT('',(5.90232179240947,5.,0.0599874743466363));
#1218=CARTESIAN_POINT('',(4.63577408674957,0.,0.119890428999328));
#1219=CARTESIAN_POINT('',(4.64639651299142,0.,0.119805909305384));
#1220=CARTESIAN_POINT('',(4.65701883776201,0.,0.119683681911808));
#1221=CARTESIAN_POINT('',(5.9076330055304,5.,0.0599452144996641));
#1222=CARTESIAN_POINT('',(5.91294421865132,5.,0.0599029546526919));
#1223=CARTESIAN_POINT('',(5.91825538103662,5.,0.0598418409559038));
#1224=CARTESIAN_POINT('',(4.66764043879966,0.,0.119530320140608));
#1225=CARTESIAN_POINT('',(4.68888364087497,0.,0.11922359659821));
#1226=CARTESIAN_POINT('',(4.7101250874168,0.,0.11877873713978));
#1227=CARTESIAN_POINT('',(5.92356618155545,5.,0.0597651600703042));
#1228=CARTESIAN_POINT('',(5.9341877825931,5.,0.0596117982991051));
#1229=CARTESIAN_POINT('',(5.94480850586401,5.,0.0593893685698899));
#1230=CARTESIAN_POINT('',(4.73136294522543,0.,0.118219968511714));
#1231=CARTESIAN_POINT('',(4.75260080303406,0.,0.117661199883648));
#1232=CARTESIAN_POINT('',(4.77383588523355,0.,0.116977403788532));
#1233=CARTESIAN_POINT('',(5.95542743476833,5.,0.059109984255857));
#1234=CARTESIAN_POINT('',(5.96604636367264,5.,0.0588305999418241));
#1235=CARTESIAN_POINT('',(5.97666390477239,5.,0.0584887018942661));
#1236=CARTESIAN_POINT('',(4.79506670923303,0.,0.116190553629997));
#1237=CARTESIAN_POINT('',(4.81629753323251,0.,0.115403703471463));
#1238=CARTESIAN_POINT('',(4.83752447146782,0.,0.114509421140894));
#1239=CARTESIAN_POINT('',(5.98727931677213,5.,0.0580952768149987));
#1240=CARTESIAN_POINT('',(5.99789472877187,5.,0.0577018517357313));
#1241=CARTESIAN_POINT('',(6.00850819788953,5.,0.0572547105704471));
#1242=CARTESIAN_POINT('',(4.85874687291722,0.,0.113519375135794));
#1243=CARTESIAN_POINT('',(4.90119167581602,0.,0.111539283125593));
#1244=CARTESIAN_POINT('',(4.94361837761837,0.,0.10918114954492));
#1245=CARTESIAN_POINT('',(6.01911939861422,5.,0.056759687567897));
#1246=CARTESIAN_POINT('',(6.04034180006362,5.,0.0557696415627967));
#1247=CARTESIAN_POINT('',(6.0615551509648,5.,0.0545905747724601));
#1248=CARTESIAN_POINT('',(4.98602521239778,0.,0.106507677728438));
#1249=CARTESIAN_POINT('',(5.0284320471772,0.,0.103834205911955));
#1250=CARTESIAN_POINT('',(5.07081904291754,0.,0.100854482694551));
#1251=CARTESIAN_POINT('',(6.0827585683545,5.,0.0532538388642189));
#1252=CARTESIAN_POINT('',(6.10396198574421,5.,0.0519171029559776));
#1253=CARTESIAN_POINT('',(6.12515548361438,5.,0.0504272413472754));
#1254=CARTESIAN_POINT('',(5.1131860283651,0.,0.0976108446998178));
#1255=CARTESIAN_POINT('',(5.15555301381266,0.,0.0943672067050848));
#1256=CARTESIAN_POINT('',(5.19790005057459,0.,0.0908677757665171));
#1257=CARTESIAN_POINT('',(6.14633897633816,5.,0.0488054223499089));
#1258=CARTESIAN_POINT('',(6.16752246906194,5.,0.0471836033525424));
#1259=CARTESIAN_POINT('',(6.18869598744291,5.,0.0454338878832585));
#1260=CARTESIAN_POINT('',(5.24022753057163,0.,0.0871450696939535));
#1261=CARTESIAN_POINT('',(5.28255501056866,0.,0.0834223636213899));
#1262=CARTESIAN_POINT('',(5.32486298151987,0.,0.0794790494649985));
#1263=CARTESIAN_POINT('',(6.20985972744143,5.,0.0435725348469767));
#1264=CARTESIAN_POINT('',(6.23102346743994,5.,0.0417111818106949));
#1265=CARTESIAN_POINT('',(6.25217745291555,5.,0.0397395247324993));
#1266=CARTESIAN_POINT('',(5.3671519107372,0.,0.0753425776106638));
#1267=CARTESIAN_POINT('',(5.40944083995452,0.,0.071206105756329));
#1268=CARTESIAN_POINT('',(5.45171070472111,0.,0.0668739430149315));
#1269=CARTESIAN_POINT('',(6.27332191752421,5.,0.0376712888053319));
#1270=CARTESIAN_POINT('',(6.29446638213287,5.,0.0356030528781645));
#1271=CARTESIAN_POINT('',(6.31560131451617,5.,0.0334369715074658));
#1272=CARTESIAN_POINT('',(5.49396164523441,0.,0.0623651323816276));
#1273=CARTESIAN_POINT('',(5.578463526261,0.,0.0533475111150196));
#1274=CARTESIAN_POINT('',(5.66289050018778,0.,0.0436303926812708));
#1275=CARTESIAN_POINT('',(6.33672678477282,5.,0.0311825661908138));
#1276=CARTESIAN_POINT('',(6.37897772528611,5.,0.0266737555575098));
#1277=CARTESIAN_POINT('',(6.4211912122495,5.,0.0218151963406354));
#1278=CARTESIAN_POINT('',(5.74723523950546,0.,0.033245739412579));
#1279=CARTESIAN_POINT('',(5.83157997882315,0.,0.0228610861438871));
#1280=CARTESIAN_POINT('',(5.91584276867199,0.,0.0118080938435027));
#1281=CARTESIAN_POINT('',(6.,0.,0.));
#1282=CARTESIAN_POINT('',(6.46336358190835,5.,0.0166228697062895));
#1283=CARTESIAN_POINT('',(6.50553595156719,5.,0.0114305430719435));
#1284=CARTESIAN_POINT('',(6.54766734649161,5.,0.00590404692175133));
#1285=CARTESIAN_POINT('',(6.58974596215561,5.,0.));
#1286=B_SPLINE_SURFACE_WITH_KNOTS('Surf_FDVISKYFMZ, WingGeom, 0, 13, lower',1,3,((#1287, #1288, #1289, #1293, #1294, #1295, #1299, #1300, #1301, #1305, #1306, #1307, #1311, #1312, #1313, #1317, #1318, #1319, #1323, #1324, #1325, #1329, #1330, #1331, #1335, #1336, #1337, #1341, #1342, #1343, #1347, #1348, #1349, #1353, #1354, #1355, #1359, #1360, #1361, #1365, #1366, #1367, #1371, #1372, #1373, #1377, #1378, #1379, #1383, #1384, #1385, #1389, #1390, #1391, #1395, #1396, #1397, #1401, #1402, #1403, #1407, #1408, #1409, #1413, #1414, #1415, #1419, #1420, #1421, #1425, #1426, #1427, #1431, #1432, #1433, #1437, #1438, #1439, #1443, #1444, #1445, #1449, #1450, #1451, #1455, #1456, #1457, #1461, #1462, #1463, #1467, #1468, #1469, #1473, #1474, #1475, #1479, #1480, #1481, #1485, #1486, #1487, #1488),(#1290, #1291, #1292, #1296, #1297, #1298, #1302, #1303, #1304, #1308, #1309, #1310, #1314, #1315, #1316, #1320, #1321, #1322, #1326, #1327, #1328, #1332, #1333, #1334, #1338, #1339, #1340, #1344, #1345, #1346, #1350, #1351, #1352, #1356, #1357, #1358, #1362, #1363, #1364, #1368, #1369, #1370, #1374, #1375, #1376, #1380, #1381, #1382, #1386, #1387, #1388, #1392, #1393, #1394, #1398, #1399, #1400, #1404, #1405, #1406, #1410, #1411, #1412, #1416, #1417, #1418, #1422, #1423, #1424, #1428, #1429, #1430, #1434, #1435, #1436, #1440, #1441, #1442, #1446, #1447, #1448, #1452, #1453, #1454, #1458, #1459, #1460, #1464, #1465, #1466, #1470, #1471, #1472, #1476, #1477, #1478, #1482, #1483, #1484, #1489, #1490, #1491, #1492)),.UNSPECIFIED.,.F.,.F.,.F.,(2,2),(4,3,3,3,3,3,3,3,3,3,3,3,3,3,3,3,3,3,3,3,3,3,3,3,3,3,3,3,3,3,3,3,3,3,4),(0.,1.),(0.,1.,2.,3.,4.,5.,6.,7.,8.,9.,10.,11.,12.,13.,14.,15.,16.,17.,18.,19.,20.,21.,22.,23.,24.,25.,26.,27.,28.,29.,30.,31.,32.,33.,34.),.PIECEWISE_BEZIER_KNOTS.);
#1287=CARTESIAN_POINT('',(6.58974596215561,5.,0.));
#1288=CARTESIAN_POINT('',(6.54766734649163,5.,-0.0059040469217501));
#1289=CARTESIAN_POINT('',(6.50553595156719,5.,-0.0114305430719435));
#1290=CARTESIAN_POINT('',(6.58974596215561,5.,0.));
#1291=CARTESIAN_POINT('',(6.54766734649162,5.,6.15393153102772E-16));
#1292=CARTESIAN_POINT('',(6.50553595156719,5.,1.73472347597681E-18));
#1293=CARTESIAN_POINT('',(6.46336358190835,5.,-0.0166228697062895));
#1294=CARTESIAN_POINT('',(6.4211912122495,5.,-0.0218151963406354));
#1295=CARTESIAN_POINT('',(6.37897772528611,5.,-0.0266737555575099));
#1296=CARTESIAN_POINT('',(6.46336358190835,5.,8.67361737988404E-18));
#1297=CARTESIAN_POINT('',(6.4211912122495,5.,1.04083408558608E-17));
#1298=CARTESIAN_POINT('',(6.37897772528611,5.,-1.90819582357449E-17));
#1299=CARTESIAN_POINT('',(6.33672678477282,5.,-0.0311825661908138));
#1300=CARTESIAN_POINT('',(6.31560131451617,5.,-0.0334369715074658));
#1301=CARTESIAN_POINT('',(6.29446638213287,5.,-0.0356030528781646));
#1302=CARTESIAN_POINT('',(6.33672678477282,5.,-3.12250225675825E-17));
#1303=CARTESIAN_POINT('',(6.31560131451617,5.,-3.46944695195361E-17));
#1304=CARTESIAN_POINT('',(6.29446638213287,5.,-5.55111512312578E-17));
#1305=CARTESIAN_POINT('',(6.27332191752421,5.,-0.037671288805332));
#1306=CARTESIAN_POINT('',(6.25217745291555,5.,-0.0397395247324994));
#1307=CARTESIAN_POINT('',(6.23102346743994,5.,-0.041711181810695));
#1308=CARTESIAN_POINT('',(6.27332191752421,5.,-4.85722573273506E-17));
#1309=CARTESIAN_POINT('',(6.25217745291555,5.,-4.5102810375397E-17));
#1310=CARTESIAN_POINT('',(6.23102346743994,5.,-2.08166817117217E-17));
#1311=CARTESIAN_POINT('',(6.20985972744143,5.,-0.0435725348469768));
#1312=CARTESIAN_POINT('',(6.18869598744291,5.,-0.0454338878832586));
#1313=CARTESIAN_POINT('',(6.16752246906194,5.,-0.0471836033525425));
#1314=CARTESIAN_POINT('',(6.20985972744143,5.,-2.42861286636753E-17));
#1315=CARTESIAN_POINT('',(6.18869598744291,5.,-2.77555756156289E-17));
#1316=CARTESIAN_POINT('',(6.16752246906194,5.,-2.77555756156289E-17));
#1317=CARTESIAN_POINT('',(6.14633897633816,5.,-0.048805422349909));
#1318=CARTESIAN_POINT('',(6.12515548361438,5.,-0.0504272413472754));
#1319=CARTESIAN_POINT('',(6.10396198574421,5.,-0.0519171029559777));
#1320=CARTESIAN_POINT('',(6.14633897633816,5.,-2.77555756156289E-17));
#1321=CARTESIAN_POINT('',(6.12515548361438,5.,-2.77555756156289E-17));
#1322=CARTESIAN_POINT('',(6.10396198574421,5.,-1.73472347597681E-17));
#1323=CARTESIAN_POINT('',(6.0827585683545,5.,-0.0532538388642189));
#1324=CARTESIAN_POINT('',(6.0615551509648,5.,-0.0545905747724602));
#1325=CARTESIAN_POINT('',(6.04034180006362,5.,-0.0557696415627968));
#1326=CARTESIAN_POINT('',(6.0827585683545,5.,-2.77555756156289E-17));
#1327=CARTESIAN_POINT('',(6.0615551509648,5.,-3.81639164714898E-17));
#1328=CARTESIAN_POINT('',(6.04034180006362,5.,-1.38777878078145E-17));
#1329=CARTESIAN_POINT('',(6.01911939861422,5.,-0.056759687567897));
#1330=CARTESIAN_POINT('',(6.00850819788952,5.,-0.0572547105704471));
#1331=CARTESIAN_POINT('',(5.99789472877187,5.,-0.0577018517357314));
#1332=CARTESIAN_POINT('',(6.01911939861422,5.,-1.38777878078145E-17));
#1333=CARTESIAN_POINT('',(6.00850819788952,5.,-1.38777878078145E-17));
#1334=CARTESIAN_POINT('',(5.99789472877187,5.,-2.42861286636753E-17));
#1335=CARTESIAN_POINT('',(5.98727931677213,5.,-0.0580952768149988));
#1336=CARTESIAN_POINT('',(5.97666390477239,5.,-0.0584887018942662));
#1337=CARTESIAN_POINT('',(5.96604636367264,5.,-0.0588305999418241));
#1338=CARTESIAN_POINT('',(5.98727931677213,5.,-2.08166817117217E-17));
#1339=CARTESIAN_POINT('',(5.97666390477239,5.,-1.38777878078145E-17));
#1340=CARTESIAN_POINT('',(5.96604636367264,5.,-1.38777878078145E-17));
#1341=CARTESIAN_POINT('',(5.95542743476833,5.,-0.059109984255857));
#1342=CARTESIAN_POINT('',(5.94480850586401,5.,-0.0593893685698899));
#1343=CARTESIAN_POINT('',(5.9341877825931,5.,-0.0596117982991051));
#1344=CARTESIAN_POINT('',(5.95542743476833,5.,-1.04083408558608E-17));
#1345=CARTESIAN_POINT('',(5.94480850586401,5.,-6.93889390390723E-18));
#1346=CARTESIAN_POINT('',(5.9341877825931,5.,3.46944695195361E-18));
#1347=CARTESIAN_POINT('',(5.92356618155544,5.,-0.0597651600703042));
#1348=CARTESIAN_POINT('',(5.91825538103662,5.,-0.0598418409559037));
#1349=CARTESIAN_POINT('',(5.91294421865132,5.,-0.0599029546526919));
#1350=CARTESIAN_POINT('',(5.92356618155545,5.,3.46944695195361E-18));
#1351=CARTESIAN_POINT('',(5.91825538103662,5.,6.93889390390723E-18));
#1352=CARTESIAN_POINT('',(5.91294421865132,5.,-3.46944695195361E-18));
#1353=CARTESIAN_POINT('',(5.9076330055304,5.,-0.0599452144996641));
#1354=CARTESIAN_POINT('',(5.90232179240947,5.,-0.0599874743466363));
#1355=CARTESIAN_POINT('',(5.89701056505576,5.,-0.0600104467926027));
#1356=CARTESIAN_POINT('',(5.9076330055304,5.,-3.46944695195361E-18));
#1357=CARTESIAN_POINT('',(5.90232179240947,5.,-3.46944695195361E-18));
#1358=CARTESIAN_POINT('',(5.89701056505577,5.,-1.38777878078145E-17));
#1359=CARTESIAN_POINT('',(5.89169913782851,5.,-0.0600160108937019));
#1360=CARTESIAN_POINT('',(5.88107628337399,5.,-0.0600271390959005));
#1361=CARTESIAN_POINT('',(5.87045350199697,5.,-0.0599602536683647));
#1362=CARTESIAN_POINT('',(5.89169913782851,5.,-1.04083408558608E-17));
#1363=CARTESIAN_POINT('',(5.88107628337399,5.,-1.04083408558608E-17));
#1364=CARTESIAN_POINT('',(5.87045350199697,5.,0.));
#1365=CARTESIAN_POINT('',(5.85983177927195,5.,-0.0598072688899675));
#1366=CARTESIAN_POINT('',(5.84921005654693,5.,-0.0596542841115704));
#1367=CARTESIAN_POINT('',(5.83858962237228,5.,-0.0594129944550088));
#1368=CARTESIAN_POINT('',(5.85983177927195,5.,3.46944695195361E-18));
#1369=CARTESIAN_POINT('',(5.84921005654694,5.,6.93889390390723E-18));
#1370=CARTESIAN_POINT('',(5.83858962237228,5.,3.46944695195361E-18));
#1371=CARTESIAN_POINT('',(5.82797253821234,5.,-0.0590692761104207));
#1372=CARTESIAN_POINT('',(5.80673836989247,5.,-0.0583818394212445));
#1373=CARTESIAN_POINT('',(5.78551496984458,5.,-0.0572974438264657));
#1374=CARTESIAN_POINT('',(5.82797253821234,5.,3.46944695195361E-18));
#1375=CARTESIAN_POINT('',(5.80673836989247,5.,1.04083408558608E-17));
#1376=CARTESIAN_POINT('',(5.78551496984458,5.,-1.04083408558608E-17));
#1377=CARTESIAN_POINT('',(5.76433354959674,5.,-0.0556427291772096));
#1378=CARTESIAN_POINT('',(5.75374283947283,5.,-0.0548153718525815));
#1379=CARTESIAN_POINT('',(5.74316407950325,5.,-0.0538394559813625));
#1380=CARTESIAN_POINT('',(5.76433354959674,5.,3.12250225675825E-17));
#1381=CARTESIAN_POINT('',(5.75374283947283,5.,4.85722573273506E-17));
#1382=CARTESIAN_POINT('',(5.74316407950325,5.,3.46944695195361E-17));
#1383=CARTESIAN_POINT('',(5.73260389745387,5.,-0.0526857037819262));
#1384=CARTESIAN_POINT('',(5.72732380642917,5.,-0.0521088276822081));
#1385=CARTESIAN_POINT('',(5.72204920447929,5.,-0.0514842489716531));
#1386=CARTESIAN_POINT('',(5.73260389745387,5.,3.12250225675825E-17));
#1387=CARTESIAN_POINT('',(5.72732380642917,5.,3.46944695195361E-17));
#1388=CARTESIAN_POINT('',(5.72204920447929,5.,4.16333634234434E-17));
#1389=CARTESIAN_POINT('',(5.71678070285965,5.,-0.0508095165042544));
#1390=CARTESIAN_POINT('',(5.71151220124001,5.,-0.0501347840368557));
#1391=CARTESIAN_POINT('',(5.70625070985583,5.,-0.0494064011502219));
#1392=CARTESIAN_POINT('',(5.71678070285965,5.,4.85722573273506E-17));
#1393=CARTESIAN_POINT('',(5.71151220124001,5.,5.55111512312578E-17));
#1394=CARTESIAN_POINT('',(5.70625070985583,5.,4.85722573273506E-17));
#1395=CARTESIAN_POINT('',(5.70099818922604,5.,-0.0486176894492743));
#1396=CARTESIAN_POINT('',(5.69574566859624,5.,-0.0478289777483268));
#1397=CARTESIAN_POINT('',(5.69050243163707,5.,-0.046978683434849));
#1398=CARTESIAN_POINT('',(5.70099818922604,5.,3.81639164714898E-17));
#1399=CARTESIAN_POINT('',(5.69574566859625,5.,2.42861286636753E-17));
#1400=CARTESIAN_POINT('',(5.69050243163707,5.,5.20417042793042E-17));
#1401=CARTESIAN_POINT('',(5.68527165054393,5.,-0.0460565788241339));
#1402=CARTESIAN_POINT('',(5.6800408694508,5.,-0.0451344742134189));
#1403=CARTESIAN_POINT('',(5.6748222922033,5.,-0.0441412057765683));
#1404=CARTESIAN_POINT('',(5.68527165054393,5.,5.20417042793042E-17));
#1405=CARTESIAN_POINT('',(5.6800408694508,5.,5.89805981832114E-17));
#1406=CARTESIAN_POINT('',(5.6748222922033,5.,4.85722573273506E-17));
#1407=CARTESIAN_POINT('',(5.66962276533618,5.,-0.0430570801191723));
#1408=CARTESIAN_POINT('',(5.66442323846906,5.,-0.0419729544617763));
#1409=CARTESIAN_POINT('',(5.6592415554439,5.,-0.0408008444829555));
#1410=CARTESIAN_POINT('',(5.66962276533618,5.,4.16333634234434E-17));
#1411=CARTESIAN_POINT('',(5.66442323846906,5.,3.12250225675825E-17));
#1412=CARTESIAN_POINT('',(5.6592415554439,5.,1.04083408558608E-16));
#1413=CARTESIAN_POINT('',(5.65408843085343,5.,-0.0395137806135796));
#1414=CARTESIAN_POINT('',(5.64893530626296,5.,-0.0382267167442036));
#1415=CARTESIAN_POINT('',(5.64381011025739,5.,-0.0368255480540148));
#1416=CARTESIAN_POINT('',(5.65408843085343,5.,9.71445146547012E-17));
#1417=CARTESIAN_POINT('',(5.64893530626296,5.,8.67361737988404E-17));
#1418=CARTESIAN_POINT('',(5.64381011025739,5.,4.5102810375397E-17));
#1419=CARTESIAN_POINT('',(5.63873206719695,5.,-0.0352682823196279));
#1420=CARTESIAN_POINT('',(5.63365402413651,5.,-0.033711016585241));
#1421=CARTESIAN_POINT('',(5.62862196537158,5.,-0.0319990449541808));
#1422=CARTESIAN_POINT('',(5.63873206719695,5.,6.24500451351651E-17));
#1423=CARTESIAN_POINT('',(5.63365402413651,5.,9.36750677027476E-17));
#1424=CARTESIAN_POINT('',(5.62862196537158,5.,3.46944695195361E-17));
#1425=CARTESIAN_POINT('',(5.62367869840546,5.,-0.0300551193591476));
#1426=CARTESIAN_POINT('',(5.62120706492239,5.,-0.029083156561631));
#1427=CARTESIAN_POINT('',(5.61875950579955,5.,-0.0280504850530259));
#1428=CARTESIAN_POINT('',(5.62367869840546,5.,8.50014503228635E-17));
#1429=CARTESIAN_POINT('',(5.6212070649224,5.,1.00613961606655E-16));
#1430=CARTESIAN_POINT('',(5.61875950579955,5.,7.80625564189563E-17));
#1431=CARTESIAN_POINT('',(5.61634548486428,5.,-0.0269430225130131));
#1432=CARTESIAN_POINT('',(5.61513847439665,5.,-0.0263892912430066));
#1433=CARTESIAN_POINT('',(5.61394080762148,5.,-0.0258156073066138));
#1434=CARTESIAN_POINT('',(5.61634548486428,5.,9.8879238130678E-17));
#1435=CARTESIAN_POINT('',(5.61513847439665,5.,1.21430643318376E-16));
#1436=CARTESIAN_POINT('',(5.61394080762148,5.,1.42247325030098E-16));
#1437=CARTESIAN_POINT('',(5.61275372729465,5.,-0.0252203822901891));
#1438=CARTESIAN_POINT('',(5.61156664696781,5.,-0.0246251572737644));
#1439=CARTESIAN_POINT('',(5.61039057014142,5.,-0.024007739655526));
#1440=CARTESIAN_POINT('',(5.61275372729465,5.,1.56125112837913E-16));
#1441=CARTESIAN_POINT('',(5.61156664696782,5.,1.61329283265843E-16));
#1442=CARTESIAN_POINT('',(5.61039057014143,5.,1.16226472890446E-16));
#1443=CARTESIAN_POINT('',(5.60922970266294,5.,-0.0233634252467712));
#1444=CARTESIAN_POINT('',(5.60690796770597,5.,-0.0220747964292615));
#1445=CARTESIAN_POINT('',(5.60463952737575,5.,-0.0206855954213819));
#1446=CARTESIAN_POINT('',(5.60922970266294,5.,8.67361737988404E-17));
#1447=CARTESIAN_POINT('',(5.60690796770597,5.,2.77555756156289E-17));
#1448=CARTESIAN_POINT('',(5.60463952737575,5.,2.75821032680312E-16));
#1449=CARTESIAN_POINT('',(5.60247227220829,5.,-0.0191501527766315));
#1450=CARTESIAN_POINT('',(5.60138864462456,5.,-0.0183824314542563));
#1451=CARTESIAN_POINT('',(5.60033154370165,5.,-0.0175773098992335));
#1452=CARTESIAN_POINT('',(5.60247227220829,5.,1.70002900645727E-16));
#1453=CARTESIAN_POINT('',(5.60138864462456,5.,9.54097911787244E-17));
#1454=CARTESIAN_POINT('',(5.60033154370165,5.,2.77555756156289E-17));
#1455=CARTESIAN_POINT('',(5.59931060861835,5.,-0.0167281329879925));
#1456=CARTESIAN_POINT('',(5.59828967353505,5.,-0.0158789560767515));
#1457=CARTESIAN_POINT('',(5.59730579709373,5.,-0.0149849302945839));
#1458=CARTESIAN_POINT('',(5.59931060861835,5.,3.29597460435593E-17));
#1459=CARTESIAN_POINT('',(5.59828967353505,5.,7.45931094670027E-17));
#1460=CARTESIAN_POINT('',(5.59730579709373,5.,2.53269627492614E-16));
#1461=CARTESIAN_POINT('',(5.59637453942844,5.,-0.0140381163498384));
#1462=CARTESIAN_POINT('',(5.59544328176314,5.,-0.0130913024050928));
#1463=CARTESIAN_POINT('',(5.59456595586407,5.,-0.0120907443268842));
#1464=CARTESIAN_POINT('',(5.59637453942844,5.,1.33573707650214E-16));
#1465=CARTESIAN_POINT('',(5.59544328176314,5.,1.38777878078145E-17));
#1466=CARTESIAN_POINT('',(5.59456595586407,5.,-1.0321604682062E-16));
#1467=CARTESIAN_POINT('',(5.59376804877162,5.,-0.0110292990966073));
#1468=CARTESIAN_POINT('',(5.59297014167917,5.,-0.00996785386633045));
#1469=CARTESIAN_POINT('',(5.59225159259273,5.,-0.00884469912603232));
#1470=CARTESIAN_POINT('',(5.59376804877162,5.,7.45931094670027E-17));
#1471=CARTESIAN_POINT('',(5.59297014167917,5.,2.36789754470834E-16));
#1472=CARTESIAN_POINT('',(5.59225159259273,5.,3.05311331771918E-16));
#1473=CARTESIAN_POINT('',(5.59165099330708,5.,-0.00766064775282632));
#1474=CARTESIAN_POINT('',(5.59105039402143,5.,-0.00647659637962028));
#1475=CARTESIAN_POINT('',(5.59056740980499,5.,-0.00523053673714892));
#1476=CARTESIAN_POINT('',(5.59165099330708,5.,2.01661604082304E-16));
#1477=CARTESIAN_POINT('',(5.59105039402143,5.,1.14491749414469E-16));
#1478=CARTESIAN_POINT('',(5.59056740980499,5.,-1.47451495458029E-17));
#1479=CARTESIAN_POINT('',(5.59024106195361,5.,-0.00394348744840561));
#1480=CARTESIAN_POINT('',(5.59007788802792,5.,-0.00329996280403393));
#1481=CARTESIAN_POINT('',(5.58995343146815,5.,-0.00264616120990893));
#1482=CARTESIAN_POINT('',(5.59024106195361,5.,-5.63785129692462E-17));
#1483=CARTESIAN_POINT('',(5.59007788802792,5.,-1.047339298621E-16));
#1484=CARTESIAN_POINT('',(5.58995343146815,5.,-8.71698546678346E-17));
#1485=CARTESIAN_POINT('',(5.58987047689302,5.,-0.0019875180525563));
#1486=CARTESIAN_POINT('',(5.5897875223179,5.,-0.0013288748952037));
#1487=CARTESIAN_POINT('',(5.58974596215561,5.,-0.000662811483619399));
#1488=CARTESIAN_POINT('',(5.58974596215561,5.,0.));
#1489=CARTESIAN_POINT('',(5.58987047689302,5.,-6.80878964320897E-17));
#1490=CARTESIAN_POINT('',(5.5897875223179,5.,-2.99239799605999E-17));
#1491=CARTESIAN_POINT('',(5.58974596215561,5.,0.));
#1492=CARTESIAN_POINT('',(5.58974596215561,5.,0.));
#1493=B_SPLINE_SURFACE_WITH_KNOTS('Surf_FDVISKYFMZ, WingGeom, 0, 16, upper',1,3,((#1494, #1495, #1496, #1500, #1501, #1502, #1506, #1507, #1508, #1512, #1513, #1514, #1518, #1519, #1520, #1524, #1525, #1526, #1530, #1531, #1532, #1536, #1537, #1538, #1542, #1543, #1544, #1548, #1549, #1550, #1554, #1555, #1556, #1560, #1561, #1562, #1566, #1567, #1568, #1572, #1573, #1574, #1578, #1579, #1580, #1584, #1585, #1586, #1590, #1591, #1592, #1596, #1597, #1598, #1602, #1603, #1604, #1608, #1609, #1610, #1614, #1615, #1616, #1620, #1621, #1622, #1626, #1627, #1628, #1632, #1633, #1634, #1638, #1639, #1640, #1644, #1645, #1646, #1650, #1651, #1652, #1656, #1657, #1658, #1662, #1663, #1664, #1668, #1669, #1670, #1674, #1675, #1676, #1680, #1681, #1682, #1686, #1687, #1688, #1692, #1693, #1694, #1695),(#1497, #1498, #1499, #1503, #1504, #1505, #1509, #1510, #1511, #1515, #1516, #1517, #1521, #1522, #1523, #1527, #1528, #1529, #1533, #1534, #1535, #1539, #1540, #1541, #1545, #1546, #1547, #1551, #1552, #1553, #1557, #1558, #1559, #1563, #1564, #1565, #1569, #1570, #1571, #1575, #1576, #1577, #1581, #1582, #1583, #1587, #1588, #1589, #1593, #1594, #1595, #1599, #1600, #1601, #1605, #1606, #1607, #1611, #1612, #1613, #1617, #1618, #1619, #1623, #1624, #1625, #1629, #1630, #1631, #1635, #1636, #1637, #1641, #1642, #1643, #1647, #1648, #1649, #1653, #1654, #1655, #1659, #1660, #1661, #1665, #1666, #1667, #1671, #1672, #1673, #1677, #1678, #1679, #1683, #1684, #1685, #1689, #1690, #1691, #1696, #1697, #1698, #1699)),.UNSPECIFIED.,.F.,.F.,.F.,(2,2),(4,3,3,3,3,3,3,3,3,3,3,3,3,3,3,3,3,3,3,3,3,3,3,3,3,3,3,3,3,3,3,3,3,3,4),(0.,1.),(0.,1.,2.,3.,4.,5.,6.,7.,8.,9.,10.,11.,12.,13.,14.,15.,16.,17.,18.,19.,20.,21.,22.,23.,24.,25.,26.,27.,28.,29.,30.,31.,32.,33.,34.),.PIECEWISE_BEZIER_KNOTS.);
#1494=CARTESIAN_POINT('',(5.58974596215561,5.,0.));
#1495=CARTESIAN_POINT('',(5.58974596215561,5.,0.000662811483619399));
#1496=CARTESIAN_POINT('',(5.5897875223179,5.,0.00132887489520364));
#1497=CARTESIAN_POINT('',(5.58974596215561,5.,0.));
#1498=CARTESIAN_POINT('',(5.58974596215561,5.,0.));
#1499=CARTESIAN_POINT('',(5.5897875223179,5.,-2.99239799605999E-17));
#1500=CARTESIAN_POINT('',(5.58987047689302,5.,0.00198751805255616));
#1501=CARTESIAN_POINT('',(5.58995343146815,5.,0.00264616120990875));
#1502=CARTESIAN_POINT('',(5.59007788802792,5.,0.00329996280403372));
#1503=CARTESIAN_POINT('',(5.58987047689302,5.,-6.80878964320897E-17));
#1504=CARTESIAN_POINT('',(5.58995343146815,5.,-8.71698546678346E-17));
#1505=CARTESIAN_POINT('',(5.59007788802792,5.,-1.047339298621E-16));
#1506=CARTESIAN_POINT('',(5.59024106195361,5.,0.00394348744840549));
#1507=CARTESIAN_POINT('',(5.59056740980499,5.,0.00523053673714889));
#1508=CARTESIAN_POINT('',(5.59105039402143,5.,0.00647659637962051));
#1509=CARTESIAN_POINT('',(5.59024106195361,5.,-5.63785129692462E-17));
#1510=CARTESIAN_POINT('',(5.59056740980499,5.,-1.47451495458029E-17));
#1511=CARTESIAN_POINT('',(5.59105039402143,5.,1.14491749414469E-16));
#1512=CARTESIAN_POINT('',(5.59165099330708,5.,0.00766064775282672));
#1513=CARTESIAN_POINT('',(5.59225159259273,5.,0.00884469912603293));
#1514=CARTESIAN_POINT('',(5.59297014167917,5.,0.00996785386633093));
#1515=CARTESIAN_POINT('',(5.59165099330708,5.,2.01661604082304E-16));
#1516=CARTESIAN_POINT('',(5.59225159259273,5.,3.05311331771918E-16));
#1517=CARTESIAN_POINT('',(5.59297014167917,5.,2.36789754470834E-16));
#1518=CARTESIAN_POINT('',(5.59376804877162,5.,0.0110292990966074));
#1519=CARTESIAN_POINT('',(5.59456595586407,5.,0.012090744326884));
#1520=CARTESIAN_POINT('',(5.59544328176314,5.,0.0130913024050928));
#1521=CARTESIAN_POINT('',(5.59376804877162,5.,7.45931094670027E-17));
#1522=CARTESIAN_POINT('',(5.59456595586407,5.,-1.0321604682062E-16));
#1523=CARTESIAN_POINT('',(5.59544328176314,5.,1.38777878078145E-17));
#1524=CARTESIAN_POINT('',(5.59637453942844,5.,0.0140381163498386));
#1525=CARTESIAN_POINT('',(5.59730579709373,5.,0.0149849302945844));
#1526=CARTESIAN_POINT('',(5.59828967353505,5.,0.0158789560767516));
#1527=CARTESIAN_POINT('',(5.59637453942844,5.,1.33573707650214E-16));
#1528=CARTESIAN_POINT('',(5.59730579709373,5.,2.53269627492614E-16));
#1529=CARTESIAN_POINT('',(5.59828967353505,5.,7.45931094670027E-17));
#1530=CARTESIAN_POINT('',(5.59931060861835,5.,0.0167281329879926));
#1531=CARTESIAN_POINT('',(5.60033154370165,5.,0.0175773098992336));
#1532=CARTESIAN_POINT('',(5.60138864462456,5.,0.0183824314542565));
#1533=CARTESIAN_POINT('',(5.59931060861835,5.,3.29597460435593E-17));
#1534=CARTESIAN_POINT('',(5.60033154370165,5.,2.77555756156289E-17));
#1535=CARTESIAN_POINT('',(5.60138864462456,5.,9.54097911787244E-17));
#1536=CARTESIAN_POINT('',(5.60247227220829,5.,0.0191501527766318));
#1537=CARTESIAN_POINT('',(5.60463952737575,5.,0.0206855954213825));
#1538=CARTESIAN_POINT('',(5.60690796770597,5.,0.0220747964292616));
#1539=CARTESIAN_POINT('',(5.60247227220829,5.,1.70002900645727E-16));
#1540=CARTESIAN_POINT('',(5.60463952737575,5.,2.75821032680312E-16));
#1541=CARTESIAN_POINT('',(5.60690796770597,5.,2.77555756156289E-17));
#1542=CARTESIAN_POINT('',(5.60922970266294,5.,0.0233634252467714));
#1543=CARTESIAN_POINT('',(5.61039057014143,5.,0.0240077396555263));
#1544=CARTESIAN_POINT('',(5.61156664696782,5.,0.0246251572737647));
#1545=CARTESIAN_POINT('',(5.60922970266294,5.,8.67361737988404E-17));
#1546=CARTESIAN_POINT('',(5.61039057014143,5.,1.16226472890446E-16));
#1547=CARTESIAN_POINT('',(5.61156664696782,5.,1.61329283265843E-16));
#1548=CARTESIAN_POINT('',(5.61275372729465,5.,0.0252203822901894));
#1549=CARTESIAN_POINT('',(5.61394080762148,5.,0.0258156073066141));
#1550=CARTESIAN_POINT('',(5.61513847439665,5.,0.0263892912430069));
#1551=CARTESIAN_POINT('',(5.61275372729465,5.,1.56125112837913E-16));
#1552=CARTESIAN_POINT('',(5.61394080762148,5.,1.42247325030098E-16));
#1553=CARTESIAN_POINT('',(5.61513847439665,5.,1.21430643318376E-16));
#1554=CARTESIAN_POINT('',(5.61634548486428,5.,0.0269430225130133));
#1555=CARTESIAN_POINT('',(5.61875950579955,5.,0.0280504850530261));
#1556=CARTESIAN_POINT('',(5.6212070649224,5.,0.0290831565616312));
#1557=CARTESIAN_POINT('',(5.61634548486428,5.,9.8879238130678E-17));
#1558=CARTESIAN_POINT('',(5.61875950579955,5.,7.80625564189563E-17));
#1559=CARTESIAN_POINT('',(5.6212070649224,5.,1.00613961606655E-16));
#1560=CARTESIAN_POINT('',(5.62367869840546,5.,0.0300551193591478));
#1561=CARTESIAN_POINT('',(5.62862196537158,5.,0.0319990449541809));
#1562=CARTESIAN_POINT('',(5.63365402413651,5.,0.0337110165852412));
#1563=CARTESIAN_POINT('',(5.62367869840546,5.,8.50014503228635E-17));
#1564=CARTESIAN_POINT('',(5.62862196537158,5.,3.46944695195361E-17));
#1565=CARTESIAN_POINT('',(5.63365402413651,5.,9.36750677027476E-17));
#1566=CARTESIAN_POINT('',(5.63873206719695,5.,0.035268282319628));
#1567=CARTESIAN_POINT('',(5.64381011025739,5.,0.0368255480540149));
#1568=CARTESIAN_POINT('',(5.64893530626296,5.,0.0382267167442038));
#1569=CARTESIAN_POINT('',(5.63873206719695,5.,6.24500451351651E-17));
#1570=CARTESIAN_POINT('',(5.64381011025739,5.,4.5102810375397E-17));
#1571=CARTESIAN_POINT('',(5.64893530626296,5.,8.67361737988404E-17));
#1572=CARTESIAN_POINT('',(5.65408843085343,5.,0.0395137806135798));
#1573=CARTESIAN_POINT('',(5.6592415554439,5.,0.0408008444829557));
#1574=CARTESIAN_POINT('',(5.66442323846906,5.,0.0419729544617764));
#1575=CARTESIAN_POINT('',(5.65408843085343,5.,9.71445146547012E-17));
#1576=CARTESIAN_POINT('',(5.6592415554439,5.,1.04083408558608E-16));
#1577=CARTESIAN_POINT('',(5.66442323846906,5.,3.12250225675825E-17));
#1578=CARTESIAN_POINT('',(5.66962276533618,5.,0.0430570801191724));
#1579=CARTESIAN_POINT('',(5.6748222922033,5.,0.0441412057765684));
#1580=CARTESIAN_POINT('',(5.6800408694508,5.,0.045134474213419));
#1581=CARTESIAN_POINT('',(5.66962276533618,5.,4.16333634234434E-17));
#1582=CARTESIAN_POINT('',(5.6748222922033,5.,4.85722573273506E-17));
#1583=CARTESIAN_POINT('',(5.6800408694508,5.,5.89805981832114E-17));
#1584=CARTESIAN_POINT('',(5.68527165054393,5.,0.0460565788241341));
#1585=CARTESIAN_POINT('',(5.69050243163707,5.,0.0469786834348491));
#1586=CARTESIAN_POINT('',(5.69574566859625,5.,0.0478289777483268));
#1587=CARTESIAN_POINT('',(5.68527165054393,5.,5.20417042793042E-17));
#1588=CARTESIAN_POINT('',(5.69050243163707,5.,5.20417042793042E-17));
#1589=CARTESIAN_POINT('',(5.69574566859625,5.,2.42861286636753E-17));
#1590=CARTESIAN_POINT('',(5.70099818922604,5.,0.0486176894492744));
#1591=CARTESIAN_POINT('',(5.70625070985583,5.,0.049406401150222));
#1592=CARTESIAN_POINT('',(5.71151220124001,5.,0.0501347840368558));
#1593=CARTESIAN_POINT('',(5.70099818922604,5.,3.81639164714898E-17));
#1594=CARTESIAN_POINT('',(5.70625070985583,5.,4.85722573273506E-17));
#1595=CARTESIAN_POINT('',(5.71151220124001,5.,5.55111512312578E-17));
#1596=CARTESIAN_POINT('',(5.71678070285965,5.,0.0508095165042545));
#1597=CARTESIAN_POINT('',(5.72204920447929,5.,0.0514842489716532));
#1598=CARTESIAN_POINT('',(5.72732380642917,5.,0.0521088276822082));
#1599=CARTESIAN_POINT('',(5.71678070285965,5.,4.85722573273506E-17));
#1600=CARTESIAN_POINT('',(5.72204920447929,5.,4.16333634234434E-17));
#1601=CARTESIAN_POINT('',(5.72732380642917,5.,3.46944695195361E-17));
#1602=CARTESIAN_POINT('',(5.73260389745387,5.,0.0526857037819263));
#1603=CARTESIAN_POINT('',(5.74316407950325,5.,0.0538394559813626));
#1604=CARTESIAN_POINT('',(5.75374283947283,5.,0.0548153718525816));
#1605=CARTESIAN_POINT('',(5.73260389745387,5.,3.12250225675825E-17));
#1606=CARTESIAN_POINT('',(5.74316407950325,5.,3.46944695195361E-17));
#1607=CARTESIAN_POINT('',(5.75374283947283,5.,4.85722573273506E-17));
#1608=CARTESIAN_POINT('',(5.76433354959674,5.,0.0556427291772096));
#1609=CARTESIAN_POINT('',(5.78551496984458,5.,0.0572974438264657));
#1610=CARTESIAN_POINT('',(5.80673836989247,5.,0.0583818394212445));
#1611=CARTESIAN_POINT('',(5.76433354959674,5.,3.12250225675825E-17));
#1612=CARTESIAN_POINT('',(5.78551496984458,5.,-1.04083408558608E-17));
#1613=CARTESIAN_POINT('',(5.80673836989247,5.,1.04083408558608E-17));
#1614=CARTESIAN_POINT('',(5.82797253821234,5.,0.0590692761104207));
#1615=CARTESIAN_POINT('',(5.83858962237228,5.,0.0594129944550088));
#1616=CARTESIAN_POINT('',(5.84921005654694,5.,0.0596542841115704));
#1617=CARTESIAN_POINT('',(5.82797253821234,5.,3.46944695195361E-18));
#1618=CARTESIAN_POINT('',(5.83858962237228,5.,3.46944695195361E-18));
#1619=CARTESIAN_POINT('',(5.84921005654694,5.,6.93889390390723E-18));
#1620=CARTESIAN_POINT('',(5.85983177927195,5.,0.0598072688899675));
#1621=CARTESIAN_POINT('',(5.87045350199697,5.,0.0599602536683647));
#1622=CARTESIAN_POINT('',(5.88107628337399,5.,0.0600271390959005));
#1623=CARTESIAN_POINT('',(5.85983177927195,5.,3.46944695195361E-18));
#1624=CARTESIAN_POINT('',(5.87045350199697,5.,0.));
#1625=CARTESIAN_POINT('',(5.88107628337399,5.,-1.04083408558608E-17));
#1626=CARTESIAN_POINT('',(5.89169913782851,5.,0.0600160108937019));
#1627=CARTESIAN_POINT('',(5.89701056505577,5.,0.0600104467926027));
#1628=CARTESIAN_POINT('',(5.90232179240947,5.,0.0599874743466363));
#1629=CARTESIAN_POINT('',(5.89169913782851,5.,-1.04083408558608E-17));
#1630=CARTESIAN_POINT('',(5.89701056505577,5.,-1.38777878078145E-17));
#1631=CARTESIAN_POINT('',(5.90232179240947,5.,-3.46944695195361E-18));
#1632=CARTESIAN_POINT('',(5.9076330055304,5.,0.0599452144996641));
#1633=CARTESIAN_POINT('',(5.91294421865132,5.,0.0599029546526919));
#1634=CARTESIAN_POINT('',(5.91825538103662,5.,0.0598418409559038));
#1635=CARTESIAN_POINT('',(5.9076330055304,5.,-3.46944695195361E-18));
#1636=CARTESIAN_POINT('',(5.91294421865132,5.,-3.46944695195361E-18));
#1637=CARTESIAN_POINT('',(5.91825538103662,5.,6.93889390390723E-18));
#1638=CARTESIAN_POINT('',(5.92356618155545,5.,0.0597651600703042));
#1639=CARTESIAN_POINT('',(5.9341877825931,5.,0.0596117982991051));
#1640=CARTESIAN_POINT('',(5.94480850586401,5.,0.0593893685698899));
#1641=CARTESIAN_POINT('',(5.92356618155545,5.,3.46944695195361E-18));
#1642=CARTESIAN_POINT('',(5.9341877825931,5.,3.46944695195361E-18));
#1643=CARTESIAN_POINT('',(5.94480850586401,5.,-6.93889390390723E-18));
#1644=CARTESIAN_POINT('',(5.95542743476833,5.,0.059109984255857));
#1645=CARTESIAN_POINT('',(5.96604636367264,5.,0.0588305999418241));
#1646=CARTESIAN_POINT('',(5.97666390477239,5.,0.0584887018942661));
#1647=CARTESIAN_POINT('',(5.95542743476833,5.,-1.04083408558608E-17));
#1648=CARTESIAN_POINT('',(5.96604636367264,5.,-1.38777878078145E-17));
#1649=CARTESIAN_POINT('',(5.97666390477239,5.,-1.38777878078145E-17));
#1650=CARTESIAN_POINT('',(5.98727931677213,5.,0.0580952768149987));
#1651=CARTESIAN_POINT('',(5.99789472877187,5.,0.0577018517357313));
#1652=CARTESIAN_POINT('',(6.00850819788953,5.,0.0572547105704471));
#1653=CARTESIAN_POINT('',(5.98727931677213,5.,-2.08166817117217E-17));
#1654=CARTESIAN_POINT('',(5.99789472877187,5.,-2.42861286636753E-17));
#1655=CARTESIAN_POINT('',(6.00850819788952,5.,-1.38777878078145E-17));
#1656=CARTESIAN_POINT('',(6.01911939861422,5.,0.056759687567897));
#1657=CARTESIAN_POINT('',(6.04034180006362,5.,0.0557696415627967));
#1658=CARTESIAN_POINT('',(6.0615551509648,5.,0.0545905747724601));
#1659=CARTESIAN_POINT('',(6.01911939861422,5.,-1.38777878078145E-17));
#1660=CARTESIAN_POINT('',(6.04034180006362,5.,-1.38777878078145E-17));
#1661=CARTESIAN_POINT('',(6.0615551509648,5.,-3.81639164714898E-17));
#1662=CARTESIAN_POINT('',(6.0827585683545,5.,0.0532538388642189));
#1663=CARTESIAN_POINT('',(6.10396198574421,5.,0.0519171029559776));
#1664=CARTESIAN_POINT('',(6.12515548361438,5.,0.0504272413472754));
#1665=CARTESIAN_POINT('',(6.0827585683545,5.,-2.77555756156289E-17));
#1666=CARTESIAN_POINT('',(6.10396198574421,5.,-1.73472347597681E-17));
#1667=CARTESIAN_POINT('',(6.12515548361438,5.,-2.77555756156289E-17));
#1668=CARTESIAN_POINT('',(6.14633897633816,5.,0.0488054223499089));
#1669=CARTESIAN_POINT('',(6.16752246906194,5.,0.0471836033525424));
#1670=CARTESIAN_POINT('',(6.18869598744291,5.,0.0454338878832585));
#1671=CARTESIAN_POINT('',(6.14633897633816,5.,-2.77555756156289E-17));
#1672=CARTESIAN_POINT('',(6.16752246906194,5.,-2.77555756156289E-17));
#1673=CARTESIAN_POINT('',(6.18869598744291,5.,-2.77555756156289E-17));
#1674=CARTESIAN_POINT('',(6.20985972744143,5.,0.0435725348469767));
#1675=CARTESIAN_POINT('',(6.23102346743994,5.,0.0417111818106949));
#1676=CARTESIAN_POINT('',(6.25217745291555,5.,0.0397395247324993));
#1677=CARTESIAN_POINT('',(6.20985972744143,5.,-2.42861286636753E-17));
#1678=CARTESIAN_POINT('',(6.23102346743994,5.,-2.08166817117217E-17));
#1679=CARTESIAN_POINT('',(6.25217745291555,5.,-4.5102810375397E-17));
#1680=CARTESIAN_POINT('',(6.27332191752421,5.,0.0376712888053319));
#1681=CARTESIAN_POINT('',(6.29446638213287,5.,0.0356030528781645));
#1682=CARTESIAN_POINT('',(6.31560131451617,5.,0.0334369715074658));
#1683=CARTESIAN_POINT('',(6.27332191752421,5.,-4.85722573273506E-17));
#1684=CARTESIAN_POINT('',(6.29446638213287,5.,-5.55111512312578E-17));
#1685=CARTESIAN_POINT('',(6.31560131451617,5.,-3.46944695195361E-17));
#1686=CARTESIAN_POINT('',(6.33672678477282,5.,0.0311825661908138));
#1687=CARTESIAN_POINT('',(6.37897772528611,5.,0.0266737555575098));
#1688=CARTESIAN_POINT('',(6.4211912122495,5.,0.0218151963406354));
#1689=CARTESIAN_POINT('',(6.33672678477282,5.,-3.12250225675825E-17));
#1690=CARTESIAN_POINT('',(6.37897772528611,5.,-1.90819582357449E-17));
#1691=CARTESIAN_POINT('',(6.4211912122495,5.,1.04083408558608E-17));
#1692=CARTESIAN_POINT('',(6.46336358190835,5.,0.0166228697062895));
#1693=CARTESIAN_POINT('',(6.50553595156719,5.,0.0114305430719435));
#1694=CARTESIAN_POINT('',(6.54766734649161,5.,0.00590404692175133));
#1695=CARTESIAN_POINT('',(6.58974596215561,5.,0.));
#1696=CARTESIAN_POINT('',(6.46336358190835,5.,8.67361737988404E-18));
#1697=CARTESIAN_POINT('',(6.50553595156719,5.,1.73472347597681E-18));
#1698=CARTESIAN_POINT('',(6.54766734649162,5.,6.15393153102772E-16));
#1699=CARTESIAN_POINT('',(6.58974596215561,5.,0.));
#1700=GEOMETRIC_SET('FDVISKYFMZ, WingGeom, 0',(#458,#665,#872,#1079,#1286,#1493));
#1701=GEOMETRICALLY_BOUNDED_SURFACE_SHAPE_REPRESENTATION('',(#1700),#15);
#1702=SHAPE_REPRESENTATION_RELATIONSHIP('','',#29,#1701);
#1703=B_SPLINE_SURFACE_WITH_KNOTS('Surf_FDVISKYFMZ, WingGeom, 1, 1, lower',1,3,((#1704, #1705, #1706, #1710, #1711, #1712, #1716, #1717, #1718, #1722, #1723, #1724, #1728, #1729, #1730, #1734, #1735, #1736, #1740, #1741, #1742, #1746, #1747, #1748, #1752, #1753, #1754, #1758, #1759, #1760, #1764, #1765, #1766, #1770, #1771, #1772, #1776, #1777, #1778, #1782, #1783, #1784, #1788, #1789, #1790, #1794, #1795, #1796, #1800, #1801, #1802, #1806, #1807, #1808, #1812, #1813, #1814, #1818, #1819, #1820, #1824, #1825, #1826, #1830, #1831, #1832, #1836, #1837, #1838, #1842, #1843, #1844, #1848, #1849, #1850, #1854, #1855, #1856, #1860, #1861, #1862, #1866, #1867, #1868, #1872, #1873, #1874, #1878, #1879, #1880, #1884, #1885, #1886, #1890, #1891, #1892, #1896, #1897, #1898, #1902, #1903, #1904, #1905),(#1707, #1708, #1709, #1713, #1714, #1715, #1719, #1720, #1721, #1725, #1726, #1727, #1731, #1732, #1733, #1737, #1738, #1739, #1743, #1744, #1745, #1749, #1750, #1751, #1755, #1756, #1757, #1761, #1762, #1763, #1767, #1768, #1769, #1773, #1774, #1775, #1779, #1780, #1781, #1785, #1786, #1787, #1791, #1792, #1793, #1797, #1798, #1799, #1803, #1804, #1805, #1809, #1810, #1811, #1815, #1816, #1817, #1821, #1822, #1823, #1827, #1828, #1829, #1833, #1834, #1835, #1839, #1840, #1841, #1845, #1846, #1847, #1851, #1852, #1853, #1857, #1858, #1859, #1863, #1864, #1865, #1869, #1870, #1871, #1875, #1876, #1877, #1881, #1882, #1883, #1887, #1888, #1889, #1893, #1894, #1895, #1899, #1900, #1901, #1906, #1907, #1908, #1909)),.UNSPECIFIED.,.F.,.F.,.F.,(2,2),(4,3,3,3,3,3,3,3,3,3,3,3,3,3,3,3,3,3,3,3,3,3,3,3,3,3,3,3,3,3,3,3,3,3,4),(0.,1.),(0.,1.,2.,3.,4.,5.,6.,7.,8.,9.,10.,11.,12.,13.,14.,15.,16.,17.,18.,19.,20.,21.,22.,23.,24.,25.,26.,27.,28.,29.,30.,31.,32.,33.,34.),.PIECEWISE_BEZIER_KNOTS.);
#1704=CARTESIAN_POINT('',(4.,0.,0.));
#1705=CARTESIAN_POINT('',(4.,0.,0.));
#1706=CARTESIAN_POINT('',(4.00008312032458,0.,-5.98479599211998E-17));
#1707=CARTESIAN_POINT('',(4.,0.,0.));
#1708=CARTESIAN_POINT('',(4.,0.,-0.0013256229672388));
#1709=CARTESIAN_POINT('',(4.00008312032458,0.,-0.0026577497904074));
#1710=CARTESIAN_POINT('',(4.00024902947482,0.,-1.36175792864179E-16));
#1711=CARTESIAN_POINT('',(4.00041493862507,0.,-1.74339709335669E-16));
#1712=CARTESIAN_POINT('',(4.00066385174461,0.,-2.09467859724199E-16));
#1713=CARTESIAN_POINT('',(4.00024902947482,0.,-0.00397503610511259));
#1714=CARTESIAN_POINT('',(4.00041493862507,0.,-0.00529232241981786));
#1715=CARTESIAN_POINT('',(4.00066385174461,0.,-0.00659992560806786));
#1716=CARTESIAN_POINT('',(4.00099019959599,0.,-1.12757025938492E-16));
#1717=CARTESIAN_POINT('',(4.00164289529876,0.,-2.94902990916057E-17));
#1718=CARTESIAN_POINT('',(4.00260886373164,0.,2.28983498828939E-16));
#1719=CARTESIAN_POINT('',(4.00099019959599,0.,-0.00788697489681121));
#1720=CARTESIAN_POINT('',(4.00164289529876,0.,-0.0104610734742978));
#1721=CARTESIAN_POINT('',(4.00260886373164,0.,-0.0129531927592406));
#1722=CARTESIAN_POINT('',(4.00381006230294,0.,4.03323208164608E-16));
#1723=CARTESIAN_POINT('',(4.00501126087424,0.,6.10622663543836E-16));
#1724=CARTESIAN_POINT('',(4.00644835904711,0.,4.73579508941668E-16));
#1725=CARTESIAN_POINT('',(4.00381006230294,0.,-0.0153212955056526));
#1726=CARTESIAN_POINT('',(4.00501126087424,0.,-0.0176893982520646));
#1727=CARTESIAN_POINT('',(4.00644835904711,0.,-0.0199357077326609));
#1728=CARTESIAN_POINT('',(4.00804417323201,0.,1.49186218934005E-16));
#1729=CARTESIAN_POINT('',(4.00963998741692,0.,-2.0643209364124E-16));
#1730=CARTESIAN_POINT('',(4.01139463921506,0.,2.77555756156289E-17));
#1731=CARTESIAN_POINT('',(4.00804417323201,0.,-0.0220585981932146));
#1732=CARTESIAN_POINT('',(4.00963998741692,0.,-0.0241814886537683));
#1733=CARTESIAN_POINT('',(4.01139463921506,0.,-0.0261826048101856));
#1734=CARTESIAN_POINT('',(4.01325715454565,0.,2.67147415300428E-16));
#1735=CARTESIAN_POINT('',(4.01511966987624,0.,5.06539254985228E-16));
#1736=CARTESIAN_POINT('',(4.01708742275888,0.,1.49186218934005E-16));
#1737=CARTESIAN_POINT('',(4.01325715454565,0.,-0.0280762326996767));
#1738=CARTESIAN_POINT('',(4.01511966987624,0.,-0.0299698605891678));
#1739=CARTESIAN_POINT('',(4.01708742275888,0.,-0.031757912153503));
#1740=CARTESIAN_POINT('',(4.01912929292548,0.,6.59194920871187E-17));
#1741=CARTESIAN_POINT('',(4.02117116309208,0.,5.55111512312578E-17));
#1742=CARTESIAN_POINT('',(4.0232853649379,0.,1.90819582357449E-16));
#1743=CARTESIAN_POINT('',(4.01912929292548,0.,-0.033456265975985));
#1744=CARTESIAN_POINT('',(4.02117116309208,0.,-0.035154619798467));
#1745=CARTESIAN_POINT('',(4.0232853649379,0.,-0.0367648629085126));
#1746=CARTESIAN_POINT('',(4.02545262010536,0.,3.40005801291454E-16));
#1747=CARTESIAN_POINT('',(4.02978713044028,0.,5.51642065360625E-16));
#1748=CARTESIAN_POINT('',(4.03432401110071,0.,5.55111512312578E-17));
#1749=CARTESIAN_POINT('',(4.02545262010536,0.,-0.038300305553263));
#1750=CARTESIAN_POINT('',(4.02978713044028,0.,-0.0413711908427639));
#1751=CARTESIAN_POINT('',(4.03432401110071,0.,-0.044149592858523));
#1752=CARTESIAN_POINT('',(4.03896748101465,0.,1.73472347597681E-16));
#1753=CARTESIAN_POINT('',(4.04128921597162,0.,2.32452945780892E-16));
#1754=CARTESIAN_POINT('',(4.0436413696244,0.,3.22658566531686E-16));
#1755=CARTESIAN_POINT('',(4.03896748101465,0.,-0.0467268504935424));
#1756=CARTESIAN_POINT('',(4.04128921597162,0.,-0.048015479311052));
#1757=CARTESIAN_POINT('',(4.0436413696244,0.,-0.0492503145475288));
#1758=CARTESIAN_POINT('',(4.04601553027807,0.,3.12250225675825E-16));
#1759=CARTESIAN_POINT('',(4.04838969093174,0.,2.84494650060196E-16));
#1760=CARTESIAN_POINT('',(4.05078502448206,0.,2.42861286636753E-16));
#1761=CARTESIAN_POINT('',(4.04601553027807,0.,-0.0504407645803782));
#1762=CARTESIAN_POINT('',(4.04838969093174,0.,-0.0516312146132277));
#1763=CARTESIAN_POINT('',(4.05078502448206,0.,-0.0527785824860133));
#1764=CARTESIAN_POINT('',(4.05319904541733,0.,1.97758476261356E-16));
#1765=CARTESIAN_POINT('',(4.05802708728787,0.,1.56125112837913E-16));
#1766=CARTESIAN_POINT('',(4.06292220553356,0.,2.0122792321331E-16));
#1767=CARTESIAN_POINT('',(4.05319904541733,0.,-0.0538860450260261));
#1768=CARTESIAN_POINT('',(4.05802708728787,0.,-0.0561009701060518));
#1769=CARTESIAN_POINT('',(4.06292220553356,0.,-0.0581663131232621));
#1770=CARTESIAN_POINT('',(4.06786547249969,0.,1.70002900645727E-16));
#1771=CARTESIAN_POINT('',(4.07775200643194,0.,6.93889390390723E-17));
#1772=CARTESIAN_POINT('',(4.08781612396179,0.,1.87350135405495E-16));
#1773=CARTESIAN_POINT('',(4.06786547249969,0.,-0.0601102387182953));
#1774=CARTESIAN_POINT('',(4.07775200643194,0.,-0.0639980899083617));
#1775=CARTESIAN_POINT('',(4.08781612396179,0.,-0.067422033170482));
#1776=CARTESIAN_POINT('',(4.09797221008267,0.,1.2490009027033E-16));
#1777=CARTESIAN_POINT('',(4.10812829620355,0.,9.0205620750794E-17));
#1778=CARTESIAN_POINT('',(4.11837868821469,0.,1.73472347597681E-16));
#1779=CARTESIAN_POINT('',(4.09797221008267,0.,-0.0705365646392558));
#1780=CARTESIAN_POINT('',(4.10812829620355,0.,-0.0736510961080295));
#1781=CARTESIAN_POINT('',(4.11837868821469,0.,-0.0764534334884072));
#1782=CARTESIAN_POINT('',(4.12868493739563,0.,1.94289029309402E-16));
#1783=CARTESIAN_POINT('',(4.13899118657657,0.,2.08166817117217E-16));
#1784=CARTESIAN_POINT('',(4.1493545526269,0.,6.24500451351651E-17));
#1785=CARTESIAN_POINT('',(4.12868493739563,0.,-0.0790275612271591));
#1786=CARTESIAN_POINT('',(4.13899118657657,0.,-0.081601688965911));
#1787=CARTESIAN_POINT('',(4.1493545526269,0.,-0.0839459089235526));
#1788=CARTESIAN_POINT('',(4.15975360636113,0.,8.32667268468867E-17));
#1789=CARTESIAN_POINT('',(4.17015266009537,0.,9.71445146547012E-17));
#1790=CARTESIAN_POINT('',(4.18058981459037,0.,1.17961196366423E-16));
#1791=CARTESIAN_POINT('',(4.15975360636113,0.,-0.0861141602383446));
#1792=CARTESIAN_POINT('',(4.17015266009537,0.,-0.0882824115531366));
#1793=CARTESIAN_POINT('',(4.18058981459036,0.,-0.0902689484268378));
#1794=CARTESIAN_POINT('',(4.19105137677663,0.,1.04083408558608E-16));
#1795=CARTESIAN_POINT('',(4.2015129389629,0.,1.04083408558608E-16));
#1796=CARTESIAN_POINT('',(4.21199941288126,0.,4.85722573273506E-17));
#1797=CARTESIAN_POINT('',(4.19105137677663,0.,-0.0921131576482679));
#1798=CARTESIAN_POINT('',(4.2015129389629,0.,-0.093957366869698));
#1799=CARTESIAN_POINT('',(4.21199941288126,0.,-0.0956579554966535));
#1800=CARTESIAN_POINT('',(4.22250445414085,0.,7.63278329429795E-17));
#1801=CARTESIAN_POINT('',(4.23300949540044,0.,9.71445146547012E-17));
#1802=CARTESIAN_POINT('',(4.2435324781688,0.,1.11022302462516E-16));
#1803=CARTESIAN_POINT('',(4.22250445414085,0.,-0.0972353788985487));
#1804=CARTESIAN_POINT('',(4.23300949540044,0.,-0.0988128023004438));
#1805=CARTESIAN_POINT('',(4.2435324781688,0.,-0.100269568073711));
#1806=CARTESIAN_POINT('',(4.25406948140808,0.,9.71445146547012E-17));
#1807=CARTESIAN_POINT('',(4.26460648464736,0.,8.32667268468867E-17));
#1808=CARTESIAN_POINT('',(4.27515568854712,0.,6.93889390390723E-17));
#1809=CARTESIAN_POINT('',(4.25406948140808,0.,-0.101619033008509));
#1810=CARTESIAN_POINT('',(4.26460648464736,0.,-0.102968497943306));
#1811=CARTESIAN_POINT('',(4.27515568854712,0.,-0.104217655364416));
#1812=CARTESIAN_POINT('',(4.28571587059651,0.,6.24500451351651E-17));
#1813=CARTESIAN_POINT('',(4.30683623469528,0.,6.93889390390723E-17));
#1814=CARTESIAN_POINT('',(4.32799375463443,0.,9.71445146547012E-17));
#1815=CARTESIAN_POINT('',(4.28571587059651,0.,-0.105371407563852));
#1816=CARTESIAN_POINT('',(4.30683623469528,0.,-0.107678911962725));
#1817=CARTESIAN_POINT('',(4.32799375463443,0.,-0.109630743705163));
#1818=CARTESIAN_POINT('',(4.34917517488226,0.,6.24500451351651E-17));
#1819=CARTESIAN_POINT('',(4.39153801537793,0.,-2.08166817117217E-17));
#1820=CARTESIAN_POINT('',(4.43398481547372,0.,2.08166817117217E-17));
#1821=CARTESIAN_POINT('',(4.34917517488226,0.,-0.111285458354419));
#1822=CARTESIAN_POINT('',(4.39153801537793,0.,-0.114594887652931));
#1823=CARTESIAN_POINT('',(4.43398481547372,0.,-0.116763678842489));
#1824=CARTESIAN_POINT('',(4.47645315211346,0.,6.93889390390723E-18));
#1825=CARTESIAN_POINT('',(4.49768732043333,0.,6.93889390390723E-18));
#1826=CARTESIAN_POINT('',(4.51892818878264,0.,1.38777878078145E-17));
#1827=CARTESIAN_POINT('',(4.47645315211346,0.,-0.118138552220841));
#1828=CARTESIAN_POINT('',(4.49768732043333,0.,-0.118825988910018));
#1829=CARTESIAN_POINT('',(4.51892818878264,0.,-0.119308568223141));
#1830=CARTESIAN_POINT('',(4.54017163423268,0.,6.93889390390723E-18));
#1831=CARTESIAN_POINT('',(4.56141507968271,0.,0.));
#1832=CARTESIAN_POINT('',(4.58266064243675,0.,-2.08166817117217E-17));
#1833=CARTESIAN_POINT('',(4.54017163423267,0.,-0.119614537779935));
#1834=CARTESIAN_POINT('',(4.56141507968271,0.,-0.119920507336729));
#1835=CARTESIAN_POINT('',(4.58266064243675,0.,-0.120054278191801));
#1836=CARTESIAN_POINT('',(4.60390635134578,0.,-2.08166817117217E-17));
#1837=CARTESIAN_POINT('',(4.6145292058003,0.,-2.77555756156289E-17));
#1838=CARTESIAN_POINT('',(4.62515166050772,0.,-6.93889390390723E-18));
#1839=CARTESIAN_POINT('',(4.60390635134578,0.,-0.120032021787404));
#1840=CARTESIAN_POINT('',(4.6145292058003,0.,-0.120020893585205));
#1841=CARTESIAN_POINT('',(4.62515166050772,0.,-0.119974948693273));
#1842=CARTESIAN_POINT('',(4.63577408674957,0.,-6.93889390390723E-18));
#1843=CARTESIAN_POINT('',(4.64639651299142,0.,-6.93889390390723E-18));
#1844=CARTESIAN_POINT('',(4.65701883776201,0.,1.38777878078145E-17));
#1845=CARTESIAN_POINT('',(4.63577408674957,0.,-0.119890428999328));
#1846=CARTESIAN_POINT('',(4.64639651299142,0.,-0.119805909305384));
#1847=CARTESIAN_POINT('',(4.65701883776201,0.,-0.119683681911807));
#1848=CARTESIAN_POINT('',(4.66764043879966,0.,6.93889390390723E-18));
#1849=CARTESIAN_POINT('',(4.68888364087497,0.,6.93889390390723E-18));
#1850=CARTESIAN_POINT('',(4.7101250874168,0.,-1.38777878078145E-17));
#1851=CARTESIAN_POINT('',(4.66764043879966,0.,-0.119530320140608));
#1852=CARTESIAN_POINT('',(4.68888364087497,0.,-0.11922359659821));
#1853=CARTESIAN_POINT('',(4.7101250874168,0.,-0.11877873713978));
#1854=CARTESIAN_POINT('',(4.73136294522543,0.,-2.08166817117217E-17));
#1855=CARTESIAN_POINT('',(4.75260080303406,0.,-2.77555756156289E-17));
#1856=CARTESIAN_POINT('',(4.77383588523355,0.,-2.77555756156289E-17));
#1857=CARTESIAN_POINT('',(4.73136294522543,0.,-0.118219968511714));
#1858=CARTESIAN_POINT('',(4.75260080303406,0.,-0.117661199883648));
#1859=CARTESIAN_POINT('',(4.77383588523354,0.,-0.116977403788532));
#1860=CARTESIAN_POINT('',(4.79506670923303,0.,-4.16333634234434E-17));
#1861=CARTESIAN_POINT('',(4.81629753323251,0.,-4.85722573273506E-17));
#1862=CARTESIAN_POINT('',(4.83752447146782,0.,-2.77555756156289E-17));
#1863=CARTESIAN_POINT('',(4.79506670923303,0.,-0.116190553629998));
#1864=CARTESIAN_POINT('',(4.81629753323251,0.,-0.115403703471463));
#1865=CARTESIAN_POINT('',(4.83752447146782,0.,-0.114509421140894));
#1866=CARTESIAN_POINT('',(4.85874687291722,0.,-2.77555756156289E-17));
#1867=CARTESIAN_POINT('',(4.90119167581602,0.,-2.77555756156289E-17));
#1868=CARTESIAN_POINT('',(4.94361837761837,0.,-7.63278329429795E-17));
#1869=CARTESIAN_POINT('',(4.85874687291722,0.,-0.113519375135794));
#1870=CARTESIAN_POINT('',(4.90119167581602,0.,-0.111539283125594));
#1871=CARTESIAN_POINT('',(4.94361837761837,0.,-0.10918114954492));
#1872=CARTESIAN_POINT('',(4.98602521239778,0.,-5.55111512312578E-17));
#1873=CARTESIAN_POINT('',(5.02843204717719,0.,-3.46944695195361E-17));
#1874=CARTESIAN_POINT('',(5.07081904291754,0.,-5.55111512312578E-17));
#1875=CARTESIAN_POINT('',(4.98602521239778,0.,-0.106507677728438));
#1876=CARTESIAN_POINT('',(5.02843204717719,0.,-0.103834205911955));
#1877=CARTESIAN_POINT('',(5.07081904291754,0.,-0.100854482694551));
#1878=CARTESIAN_POINT('',(5.1131860283651,0.,-5.55111512312578E-17));
#1879=CARTESIAN_POINT('',(5.15555301381266,0.,-5.55111512312578E-17));
#1880=CARTESIAN_POINT('',(5.19790005057459,0.,-5.55111512312578E-17));
#1881=CARTESIAN_POINT('',(5.1131860283651,0.,-0.0976108446998179));
#1882=CARTESIAN_POINT('',(5.15555301381266,0.,-0.0943672067050849));
#1883=CARTESIAN_POINT('',(5.19790005057459,0.,-0.0908677757665172));
#1884=CARTESIAN_POINT('',(5.24022753057162,0.,-4.85722573273506E-17));
#1885=CARTESIAN_POINT('',(5.28255501056866,0.,-4.16333634234434E-17));
#1886=CARTESIAN_POINT('',(5.32486298151987,0.,-9.0205620750794E-17));
#1887=CARTESIAN_POINT('',(5.24022753057162,0.,-0.0871450696939536));
#1888=CARTESIAN_POINT('',(5.28255501056866,0.,-0.08342236362139));
#1889=CARTESIAN_POINT('',(5.32486298151987,0.,-0.0794790494649987));
#1890=CARTESIAN_POINT('',(5.3671519107372,0.,-9.71445146547012E-17));
#1891=CARTESIAN_POINT('',(5.40944083995452,0.,-1.11022302462516E-16));
#1892=CARTESIAN_POINT('',(5.45171070472111,0.,-6.93889390390723E-17));
#1893=CARTESIAN_POINT('',(5.3671519107372,0.,-0.075342577610664));
#1894=CARTESIAN_POINT('',(5.40944083995452,0.,-0.0712061057563292));
#1895=CARTESIAN_POINT('',(5.45171070472111,0.,-0.0668739430149317));
#1896=CARTESIAN_POINT('',(5.49396164523441,0.,-6.24500451351651E-17));
#1897=CARTESIAN_POINT('',(5.578463526261,0.,-3.81639164714898E-17));
#1898=CARTESIAN_POINT('',(5.66289050018778,0.,2.08166817117217E-17));
#1899=CARTESIAN_POINT('',(5.49396164523441,0.,-0.0623651323816277));
#1900=CARTESIAN_POINT('',(5.578463526261,0.,-0.0533475111150197));
#1901=CARTESIAN_POINT('',(5.66289050018778,0.,-0.0436303926812708));
#1902=CARTESIAN_POINT('',(5.74723523950546,0.,1.73472347597681E-17));
#1903=CARTESIAN_POINT('',(5.83157997882315,0.,3.46944695195361E-18));
#1904=CARTESIAN_POINT('',(5.91584276867201,0.,1.23078630620554E-15));
#1905=CARTESIAN_POINT('',(6.,0.,0.));
#1906=CARTESIAN_POINT('',(5.74723523950546,0.,-0.0332457394125789));
#1907=CARTESIAN_POINT('',(5.83157997882315,0.,-0.0228610861438871));
#1908=CARTESIAN_POINT('',(5.91584276867203,0.,-0.0118080938435002));
#1909=CARTESIAN_POINT('',(6.,0.,0.));
#1910=B_SPLINE_SURFACE_WITH_KNOTS('Surf_FDVISKYFMZ, WingGeom, 1, 4, upper',1,3,((#1911, #1912, #1913, #1917, #1918, #1919, #1923, #1924, #1925, #1929, #1930, #1931, #1935, #1936, #1937, #1941, #1942, #1943, #1947, #1948, #1949, #1953, #1954, #1955, #1959, #1960, #1961, #1965, #1966, #1967, #1971, #1972, #1973, #1977, #1978, #1979, #1983, #1984, #1985, #1989, #1990, #1991, #1995, #1996, #1997, #2001, #2002, #2003, #2007, #2008, #2009, #2013, #2014, #2015, #2019, #2020, #2021, #2025, #2026, #2027, #2031, #2032, #2033, #2037, #2038, #2039, #2043, #2044, #2045, #2049, #2050, #2051, #2055, #2056, #2057, #2061, #2062, #2063, #2067, #2068, #2069, #2073, #2074, #2075, #2079, #2080, #2081, #2085, #2086, #2087, #2091, #2092, #2093, #2097, #2098, #2099, #2103, #2104, #2105, #2109, #2110, #2111, #2112),(#1914, #1915, #1916, #1920, #1921, #1922, #1926, #1927, #1928, #1932, #1933, #1934, #1938, #1939, #1940, #1944, #1945, #1946, #1950, #1951, #1952, #1956, #1957, #1958, #1962, #1963, #1964, #1968, #1969, #1970, #1974, #1975, #1976, #1980, #1981, #1982, #1986, #1987, #1988, #1992, #1993, #1994, #1998, #1999, #2000, #2004, #2005, #2006, #2010, #2011, #2012, #2016, #2017, #2018, #2022, #2023, #2024, #2028, #2029, #2030, #2034, #2035, #2036, #2040, #2041, #2042, #2046, #2047, #2048, #2052, #2053, #2054, #2058, #2059, #2060, #2064, #2065, #2066, #2070, #2071, #2072, #2076, #2077, #2078, #2082, #2083, #2084, #2088, #2089, #2090, #2094, #2095, #2096, #2100, #2101, #2102, #2106, #2107, #2108, #2113, #2114, #2115, #2116)),.UNSPECIFIED.,.F.,.F.,.F.,(2,2),(4,3,3,3,3,3,3,3,3,3,3,3,3,3,3,3,3,3,3,3,3,3,3,3,3,3,3,3,3,3,3,3,3,3,4),(0.,1.),(0.,1.,2.,3.,4.,5.,6.,7.,8.,9.,10.,11.,12.,13.,14.,15.,16.,17.,18.,19.,20.,21.,22.,23.,24.,25.,26.,27.,28.,29.,30.,31.,32.,33.,34.),.PIECEWISE_BEZIER_KNOTS.);
#1911=CARTESIAN_POINT('',(6.,0.,0.));
#1912=CARTESIAN_POINT('',(5.91584276867201,0.,1.23078630620554E-15));
#1913=CARTESIAN_POINT('',(5.83157997882315,0.,3.46944695195361E-18));
#1914=CARTESIAN_POINT('',(6.,0.,0.));
#1915=CARTESIAN_POINT('',(5.91584276867199,0.,0.0118080938435027));
#1916=CARTESIAN_POINT('',(5.83157997882315,0.,0.0228610861438871));
#1917=CARTESIAN_POINT('',(5.74723523950546,0.,1.73472347597681E-17));
#1918=CARTESIAN_POINT('',(5.66289050018778,0.,2.08166817117217E-17));
#1919=CARTESIAN_POINT('',(5.578463526261,0.,-3.81639164714898E-17));
#1920=CARTESIAN_POINT('',(5.74723523950546,0.,0.033245739412579));
#1921=CARTESIAN_POINT('',(5.66289050018778,0.,0.0436303926812708));
#1922=CARTESIAN_POINT('',(5.578463526261,0.,0.0533475111150196));
#1923=CARTESIAN_POINT('',(5.49396164523441,0.,-6.24500451351651E-17));
#1924=CARTESIAN_POINT('',(5.45171070472111,0.,-6.93889390390723E-17));
#1925=CARTESIAN_POINT('',(5.40944083995452,0.,-1.11022302462516E-16));
#1926=CARTESIAN_POINT('',(5.49396164523441,0.,0.0623651323816276));
#1927=CARTESIAN_POINT('',(5.45171070472111,0.,0.0668739430149315));
#1928=CARTESIAN_POINT('',(5.40944083995452,0.,0.071206105756329));
#1929=CARTESIAN_POINT('',(5.3671519107372,0.,-9.71445146547012E-17));
#1930=CARTESIAN_POINT('',(5.32486298151987,0.,-9.0205620750794E-17));
#1931=CARTESIAN_POINT('',(5.28255501056866,0.,-4.16333634234434E-17));
#1932=CARTESIAN_POINT('',(5.3671519107372,0.,0.0753425776106638));
#1933=CARTESIAN_POINT('',(5.32486298151987,0.,0.0794790494649985));
#1934=CARTESIAN_POINT('',(5.28255501056866,0.,0.0834223636213899));
#1935=CARTESIAN_POINT('',(5.24022753057162,0.,-4.85722573273506E-17));
#1936=CARTESIAN_POINT('',(5.19790005057459,0.,-5.55111512312578E-17));
#1937=CARTESIAN_POINT('',(5.15555301381266,0.,-5.55111512312578E-17));
#1938=CARTESIAN_POINT('',(5.24022753057163,0.,0.0871450696939535));
#1939=CARTESIAN_POINT('',(5.19790005057459,0.,0.0908677757665171));
#1940=CARTESIAN_POINT('',(5.15555301381266,0.,0.0943672067050848));
#1941=CARTESIAN_POINT('',(5.1131860283651,0.,-5.55111512312578E-17));
#1942=CARTESIAN_POINT('',(5.07081904291754,0.,-5.55111512312578E-17));
#1943=CARTESIAN_POINT('',(5.02843204717719,0.,-3.46944695195361E-17));
#1944=CARTESIAN_POINT('',(5.1131860283651,0.,0.0976108446998178));
#1945=CARTESIAN_POINT('',(5.07081904291754,0.,0.100854482694551));
#1946=CARTESIAN_POINT('',(5.0284320471772,0.,0.103834205911955));
#1947=CARTESIAN_POINT('',(4.98602521239778,0.,-5.55111512312578E-17));
#1948=CARTESIAN_POINT('',(4.94361837761837,0.,-7.63278329429795E-17));
#1949=CARTESIAN_POINT('',(4.90119167581602,0.,-2.77555756156289E-17));
#1950=CARTESIAN_POINT('',(4.98602521239778,0.,0.106507677728438));
#1951=CARTESIAN_POINT('',(4.94361837761837,0.,0.10918114954492));
#1952=CARTESIAN_POINT('',(4.90119167581602,0.,0.111539283125593));
#1953=CARTESIAN_POINT('',(4.85874687291722,0.,-2.77555756156289E-17));
#1954=CARTESIAN_POINT('',(4.83752447146782,0.,-2.77555756156289E-17));
#1955=CARTESIAN_POINT('',(4.81629753323251,0.,-4.85722573273506E-17));
#1956=CARTESIAN_POINT('',(4.85874687291722,0.,0.113519375135794));
#1957=CARTESIAN_POINT('',(4.83752447146782,0.,0.114509421140894));
#1958=CARTESIAN_POINT('',(4.81629753323251,0.,0.115403703471463));
#1959=CARTESIAN_POINT('',(4.79506670923303,0.,-4.16333634234434E-17));
#1960=CARTESIAN_POINT('',(4.77383588523355,0.,-2.77555756156289E-17));
#1961=CARTESIAN_POINT('',(4.75260080303406,0.,-2.77555756156289E-17));
#1962=CARTESIAN_POINT('',(4.79506670923303,0.,0.116190553629997));
#1963=CARTESIAN_POINT('',(4.77383588523355,0.,0.116977403788532));
#1964=CARTESIAN_POINT('',(4.75260080303406,0.,0.117661199883648));
#1965=CARTESIAN_POINT('',(4.73136294522543,0.,-2.08166817117217E-17));
#1966=CARTESIAN_POINT('',(4.7101250874168,0.,-1.38777878078145E-17));
#1967=CARTESIAN_POINT('',(4.68888364087497,0.,6.93889390390723E-18));
#1968=CARTESIAN_POINT('',(4.73136294522543,0.,0.118219968511714));
#1969=CARTESIAN_POINT('',(4.7101250874168,0.,0.11877873713978));
#1970=CARTESIAN_POINT('',(4.68888364087497,0.,0.11922359659821));
#1971=CARTESIAN_POINT('',(4.66764043879966,0.,6.93889390390723E-18));
#1972=CARTESIAN_POINT('',(4.65701883776201,0.,1.38777878078145E-17));
#1973=CARTESIAN_POINT('',(4.64639651299142,0.,-6.93889390390723E-18));
#1974=CARTESIAN_POINT('',(4.66764043879966,0.,0.119530320140608));
#1975=CARTESIAN_POINT('',(4.65701883776201,0.,0.119683681911808));
#1976=CARTESIAN_POINT('',(4.64639651299142,0.,0.119805909305384));
#1977=CARTESIAN_POINT('',(4.63577408674957,0.,-6.93889390390723E-18));
#1978=CARTESIAN_POINT('',(4.62515166050772,0.,-6.93889390390723E-18));
#1979=CARTESIAN_POINT('',(4.6145292058003,0.,-2.77555756156289E-17));
#1980=CARTESIAN_POINT('',(4.63577408674957,0.,0.119890428999328));
#1981=CARTESIAN_POINT('',(4.62515166050772,0.,0.119974948693273));
#1982=CARTESIAN_POINT('',(4.6145292058003,0.,0.120020893585205));
#1983=CARTESIAN_POINT('',(4.60390635134578,0.,-2.08166817117217E-17));
#1984=CARTESIAN_POINT('',(4.58266064243675,0.,-2.08166817117217E-17));
#1985=CARTESIAN_POINT('',(4.56141507968271,0.,0.));
#1986=CARTESIAN_POINT('',(4.60390635134579,0.,0.120032021787404));
#1987=CARTESIAN_POINT('',(4.58266064243675,0.,0.120054278191801));
#1988=CARTESIAN_POINT('',(4.56141507968271,0.,0.119920507336729));
#1989=CARTESIAN_POINT('',(4.54017163423268,0.,6.93889390390723E-18));
#1990=CARTESIAN_POINT('',(4.51892818878264,0.,1.38777878078145E-17));
#1991=CARTESIAN_POINT('',(4.49768732043333,0.,6.93889390390723E-18));
#1992=CARTESIAN_POINT('',(4.54017163423268,0.,0.119614537779935));
#1993=CARTESIAN_POINT('',(4.51892818878264,0.,0.119308568223141));
#1994=CARTESIAN_POINT('',(4.49768732043333,0.,0.118825988910018));
#1995=CARTESIAN_POINT('',(4.47645315211346,0.,6.93889390390723E-18));
#1996=CARTESIAN_POINT('',(4.43398481547372,0.,2.08166817117217E-17));
#1997=CARTESIAN_POINT('',(4.39153801537793,0.,-2.08166817117217E-17));
#1998=CARTESIAN_POINT('',(4.47645315211346,0.,0.118138552220841));
#1999=CARTESIAN_POINT('',(4.43398481547372,0.,0.116763678842489));
#2000=CARTESIAN_POINT('',(4.39153801537793,0.,0.114594887652931));
#2001=CARTESIAN_POINT('',(4.34917517488226,0.,6.24500451351651E-17));
#2002=CARTESIAN_POINT('',(4.32799375463443,0.,9.71445146547012E-17));
#2003=CARTESIAN_POINT('',(4.30683623469528,0.,6.93889390390723E-17));
#2004=CARTESIAN_POINT('',(4.34917517488226,0.,0.111285458354419));
#2005=CARTESIAN_POINT('',(4.32799375463443,0.,0.109630743705163));
#2006=CARTESIAN_POINT('',(4.30683623469528,0.,0.107678911962725));
#2007=CARTESIAN_POINT('',(4.28571587059651,0.,6.24500451351651E-17));
#2008=CARTESIAN_POINT('',(4.27515568854712,0.,6.93889390390723E-17));
#2009=CARTESIAN_POINT('',(4.26460648464736,0.,8.32667268468867E-17));
#2010=CARTESIAN_POINT('',(4.28571587059651,0.,0.105371407563853));
#2011=CARTESIAN_POINT('',(4.27515568854712,0.,0.104217655364416));
#2012=CARTESIAN_POINT('',(4.26460648464736,0.,0.102968497943306));
#2013=CARTESIAN_POINT('',(4.25406948140808,0.,9.71445146547012E-17));
#2014=CARTESIAN_POINT('',(4.2435324781688,0.,1.11022302462516E-16));
#2015=CARTESIAN_POINT('',(4.23300949540044,0.,9.71445146547012E-17));
#2016=CARTESIAN_POINT('',(4.25406948140808,0.,0.101619033008509));
#2017=CARTESIAN_POINT('',(4.2435324781688,0.,0.100269568073712));
#2018=CARTESIAN_POINT('',(4.23300949540044,0.,0.098812802300444));
#2019=CARTESIAN_POINT('',(4.22250445414085,0.,7.63278329429795E-17));
#2020=CARTESIAN_POINT('',(4.21199941288126,0.,4.85722573273506E-17));
#2021=CARTESIAN_POINT('',(4.2015129389629,0.,1.04083408558608E-16));
#2022=CARTESIAN_POINT('',(4.22250445414085,0.,0.0972353788985488));
#2023=CARTESIAN_POINT('',(4.21199941288126,0.,0.0956579554966536));
#2024=CARTESIAN_POINT('',(4.2015129389629,0.,0.0939573668696982));
#2025=CARTESIAN_POINT('',(4.19105137677663,0.,1.04083408558608E-16));
#2026=CARTESIAN_POINT('',(4.18058981459037,0.,1.17961196366423E-16));
#2027=CARTESIAN_POINT('',(4.17015266009537,0.,9.71445146547012E-17));
#2028=CARTESIAN_POINT('',(4.19105137677663,0.,0.0921131576482681));
#2029=CARTESIAN_POINT('',(4.18058981459037,0.,0.0902689484268381));
#2030=CARTESIAN_POINT('',(4.17015266009537,0.,0.0882824115531368));
#2031=CARTESIAN_POINT('',(4.15975360636113,0.,8.32667268468867E-17));
#2032=CARTESIAN_POINT('',(4.1493545526269,0.,6.24500451351651E-17));
#2033=CARTESIAN_POINT('',(4.13899118657657,0.,2.08166817117217E-16));
#2034=CARTESIAN_POINT('',(4.15975360636113,0.,0.0861141602383448));
#2035=CARTESIAN_POINT('',(4.1493545526269,0.,0.0839459089235527));
#2036=CARTESIAN_POINT('',(4.13899118657657,0.,0.0816016889659114));
#2037=CARTESIAN_POINT('',(4.12868493739563,0.,1.94289029309402E-16));
#2038=CARTESIAN_POINT('',(4.11837868821469,0.,1.73472347597681E-16));
#2039=CARTESIAN_POINT('',(4.10812829620355,0.,9.0205620750794E-17));
#2040=CARTESIAN_POINT('',(4.12868493739563,0.,0.0790275612271595));
#2041=CARTESIAN_POINT('',(4.11837868821469,0.,0.0764534334884076));
#2042=CARTESIAN_POINT('',(4.10812829620355,0.,0.0736510961080297));
#2043=CARTESIAN_POINT('',(4.09797221008267,0.,1.2490009027033E-16));
#2044=CARTESIAN_POINT('',(4.08781612396179,0.,1.87350135405495E-16));
#2045=CARTESIAN_POINT('',(4.07775200643194,0.,6.93889390390723E-17));
#2046=CARTESIAN_POINT('',(4.09797221008267,0.,0.070536564639256));
#2047=CARTESIAN_POINT('',(4.08781612396179,0.,0.0674220331704823));
#2048=CARTESIAN_POINT('',(4.07775200643194,0.,0.0639980899083618));
#2049=CARTESIAN_POINT('',(4.06786547249969,0.,1.70002900645727E-16));
#2050=CARTESIAN_POINT('',(4.06292220553356,0.,2.0122792321331E-16));
#2051=CARTESIAN_POINT('',(4.05802708728787,0.,1.56125112837913E-16));
#2052=CARTESIAN_POINT('',(4.06786547249969,0.,0.0601102387182956));
#2053=CARTESIAN_POINT('',(4.06292220553356,0.,0.0581663131232625));
#2054=CARTESIAN_POINT('',(4.05802708728787,0.,0.0561009701060521));
#2055=CARTESIAN_POINT('',(4.05319904541733,0.,1.97758476261356E-16));
#2056=CARTESIAN_POINT('',(4.05078502448206,0.,2.42861286636753E-16));
#2057=CARTESIAN_POINT('',(4.04838969093174,0.,2.84494650060196E-16));
#2058=CARTESIAN_POINT('',(4.05319904541733,0.,0.0538860450260265));
#2059=CARTESIAN_POINT('',(4.05078502448207,0.,0.0527785824860137));
#2060=CARTESIAN_POINT('',(4.04838969093174,0.,0.0516312146132282));
#2061=CARTESIAN_POINT('',(4.04601553027807,0.,3.12250225675825E-16));
#2062=CARTESIAN_POINT('',(4.0436413696244,0.,3.22658566531686E-16));
#2063=CARTESIAN_POINT('',(4.04128921597162,0.,2.32452945780892E-16));
#2064=CARTESIAN_POINT('',(4.04601553027807,0.,0.0504407645803788));
#2065=CARTESIAN_POINT('',(4.0436413696244,0.,0.0492503145475294));
#2066=CARTESIAN_POINT('',(4.04128921597162,0.,0.0480154793110525));
#2067=CARTESIAN_POINT('',(4.03896748101465,0.,1.73472347597681E-16));
#2068=CARTESIAN_POINT('',(4.03432401110071,0.,5.55111512312578E-17));
#2069=CARTESIAN_POINT('',(4.02978713044028,0.,5.51642065360625E-16));
#2070=CARTESIAN_POINT('',(4.03896748101465,0.,0.0467268504935427));
#2071=CARTESIAN_POINT('',(4.03432401110071,0.,0.0441495928585231));
#2072=CARTESIAN_POINT('',(4.02978713044028,0.,0.041371190842765));
#2073=CARTESIAN_POINT('',(4.02545262010536,0.,3.40005801291454E-16));
#2074=CARTESIAN_POINT('',(4.0232853649379,0.,1.90819582357449E-16));
#2075=CARTESIAN_POINT('',(4.02117116309208,0.,5.55111512312578E-17));
#2076=CARTESIAN_POINT('',(4.02545262010536,0.,0.0383003055532637));
#2077=CARTESIAN_POINT('',(4.0232853649379,0.,0.036764862908513));
#2078=CARTESIAN_POINT('',(4.02117116309208,0.,0.0351546197984671));
#2079=CARTESIAN_POINT('',(4.01912929292548,0.,6.59194920871187E-17));
#2080=CARTESIAN_POINT('',(4.01708742275888,0.,1.49186218934005E-16));
#2081=CARTESIAN_POINT('',(4.01511966987624,0.,5.06539254985228E-16));
#2082=CARTESIAN_POINT('',(4.01912929292548,0.,0.0334562659759851));
#2083=CARTESIAN_POINT('',(4.01708742275888,0.,0.0317579121535033));
#2084=CARTESIAN_POINT('',(4.01511966987624,0.,0.0299698605891688));
#2085=CARTESIAN_POINT('',(4.01325715454565,0.,2.67147415300428E-16));
#2086=CARTESIAN_POINT('',(4.01139463921506,0.,2.77555756156289E-17));
#2087=CARTESIAN_POINT('',(4.00963998741692,0.,-2.0643209364124E-16));
#2088=CARTESIAN_POINT('',(4.01325715454565,0.,0.0280762326996772));
#2089=CARTESIAN_POINT('',(4.01139463921506,0.,0.0261826048101857));
#2090=CARTESIAN_POINT('',(4.00963998741692,0.,0.0241814886537679));
#2091=CARTESIAN_POINT('',(4.00804417323201,0.,1.49186218934005E-16));
#2092=CARTESIAN_POINT('',(4.00644835904711,0.,4.73579508941668E-16));
#2093=CARTESIAN_POINT('',(4.00501126087424,0.,6.10622663543836E-16));
#2094=CARTESIAN_POINT('',(4.00804417323201,0.,0.0220585981932149));
#2095=CARTESIAN_POINT('',(4.00644835904711,0.,0.0199357077326619));
#2096=CARTESIAN_POINT('',(4.00501126087424,0.,0.0176893982520659));
#2097=CARTESIAN_POINT('',(4.00381006230294,0.,4.03323208164608E-16));
#2098=CARTESIAN_POINT('',(4.00260886373164,0.,2.28983498828939E-16));
#2099=CARTESIAN_POINT('',(4.00164289529876,0.,-2.94902990916057E-17));
#2100=CARTESIAN_POINT('',(4.00381006230294,0.,0.0153212955056534));
#2101=CARTESIAN_POINT('',(4.00260886373164,0.,0.012953192759241));
#2102=CARTESIAN_POINT('',(4.00164289529876,0.,0.0104610734742978));
#2103=CARTESIAN_POINT('',(4.00099019959599,0.,-1.12757025938492E-16));
#2104=CARTESIAN_POINT('',(4.00066385174461,0.,-2.09467859724199E-16));
#2105=CARTESIAN_POINT('',(4.00041493862507,0.,-1.74339709335669E-16));
#2106=CARTESIAN_POINT('',(4.00099019959599,0.,0.00788697489681098));
#2107=CARTESIAN_POINT('',(4.00066385174461,0.,0.00659992560806744));
#2108=CARTESIAN_POINT('',(4.00041493862507,0.,0.00529232241981751));
#2109=CARTESIAN_POINT('',(4.00024902947482,0.,-1.36175792864179E-16));
#2110=CARTESIAN_POINT('',(4.00008312032458,0.,-5.98479599211998E-17));
#2111=CARTESIAN_POINT('',(4.,0.,0.));
#2112=CARTESIAN_POINT('',(4.,0.,0.));
#2113=CARTESIAN_POINT('',(4.00024902947482,0.,0.00397503610511232));
#2114=CARTESIAN_POINT('',(4.00008312032458,0.,0.00265774979040728));
#2115=CARTESIAN_POINT('',(4.,0.,0.0013256229672388));
#2116=CARTESIAN_POINT('',(4.,0.,0.));
#2117=B_SPLINE_SURFACE_WITH_KNOTS('Surf_FDVISKYFMZ, WingGeom, 1, 7, lower',1,3,((#2118, #2119, #2120, #2124, #2125, #2126, #2130, #2131, #2132, #2136, #2137, #2138, #2142, #2143, #2144, #2148, #2149, #2150, #2154, #2155, #2156, #2160, #2161, #2162, #2166, #2167, #2168, #2172, #2173, #2174, #2178, #2179, #2180, #2184, #2185, #2186, #2190, #2191, #2192, #2196, #2197, #2198, #2202, #2203, #2204, #2208, #2209, #2210, #2214, #2215, #2216, #2220, #2221, #2222, #2226, #2227, #2228, #2232, #2233, #2234, #2238, #2239, #2240, #2244, #2245, #2246, #2250, #2251, #2252, #2256, #2257, #2258, #2262, #2263, #2264, #2268, #2269, #2270, #2274, #2275, #2276, #2280, #2281, #2282, #2286, #2287, #2288, #2292, #2293, #2294, #2298, #2299, #2300, #2304, #2305, #2306, #2310, #2311, #2312, #2316, #2317, #2318, #2319),(#2121, #2122, #2123, #2127, #2128, #2129, #2133, #2134, #2135, #2139, #2140, #2141, #2145, #2146, #2147, #2151, #2152, #2153, #2157, #2158, #2159, #2163, #2164, #2165, #2169, #2170, #2171, #2175, #2176, #2177, #2181, #2182, #2183, #2187, #2188, #2189, #2193, #2194, #2195, #2199, #2200, #2201, #2205, #2206, #2207, #2211, #2212, #2213, #2217, #2218, #2219, #2223, #2224, #2225, #2229, #2230, #2231, #2235, #2236, #2237, #2241, #2242, #2243, #2247, #2248, #2249, #2253, #2254, #2255, #2259, #2260, #2261, #2265, #2266, #2267, #2271, #2272, #2273, #2277, #2278, #2279, #2283, #2284, #2285, #2289, #2290, #2291, #2295, #2296, #2297, #2301, #2302, #2303, #2307, #2308, #2309, #2313, #2314, #2315, #2320, #2321, #2322, #2323)),.UNSPECIFIED.,.F.,.F.,.F.,(2,2),(4,3,3,3,3,3,3,3,3,3,3,3,3,3,3,3,3,3,3,3,3,3,3,3,3,3,3,3,3,3,3,3,3,3,4),(0.,1.),(0.,1.,2.,3.,4.,5.,6.,7.,8.,9.,10.,11.,12.,13.,14.,15.,16.,17.,18.,19.,20.,21.,22.,23.,24.,25.,26.,27.,28.,29.,30.,31.,32.,33.,34.),.PIECEWISE_BEZIER_KNOTS.);
#2118=CARTESIAN_POINT('',(4.,0.,0.));
#2119=CARTESIAN_POINT('',(4.,0.,-0.0013256229672388));
#2120=CARTESIAN_POINT('',(4.00008312032458,0.,-0.0026577497904074));
#2121=CARTESIAN_POINT('',(5.58974596215561,-5.,0.));
#2122=CARTESIAN_POINT('',(5.58974596215561,-5.,-0.000662811483619399));
#2123=CARTESIAN_POINT('',(5.5897875223179,-5.,-0.0013288748952037));
#2124=CARTESIAN_POINT('',(4.00024902947482,0.,-0.00397503610511259));
#2125=CARTESIAN_POINT('',(4.00041493862507,0.,-0.00529232241981786));
#2126=CARTESIAN_POINT('',(4.00066385174461,0.,-0.00659992560806786));
#2127=CARTESIAN_POINT('',(5.58987047689302,-5.,-0.0019875180525563));
#2128=CARTESIAN_POINT('',(5.58995343146815,-5.,-0.00264616120990893));
#2129=CARTESIAN_POINT('',(5.59007788802792,-5.,-0.00329996280403393));
#2130=CARTESIAN_POINT('',(4.00099019959599,0.,-0.00788697489681121));
#2131=CARTESIAN_POINT('',(4.00164289529876,0.,-0.0104610734742978));
#2132=CARTESIAN_POINT('',(4.00260886373164,0.,-0.0129531927592406));
#2133=CARTESIAN_POINT('',(5.59024106195361,-5.,-0.00394348744840561));
#2134=CARTESIAN_POINT('',(5.59056740980499,-5.,-0.00523053673714892));
#2135=CARTESIAN_POINT('',(5.59105039402143,-5.,-0.00647659637962028));
#2136=CARTESIAN_POINT('',(4.00381006230294,0.,-0.0153212955056526));
#2137=CARTESIAN_POINT('',(4.00501126087424,0.,-0.0176893982520646));
#2138=CARTESIAN_POINT('',(4.00644835904711,0.,-0.0199357077326609));
#2139=CARTESIAN_POINT('',(5.59165099330708,-5.,-0.00766064775282632));
#2140=CARTESIAN_POINT('',(5.59225159259273,-5.,-0.00884469912603232));
#2141=CARTESIAN_POINT('',(5.59297014167917,-5.,-0.00996785386633045));
#2142=CARTESIAN_POINT('',(4.00804417323201,0.,-0.0220585981932146));
#2143=CARTESIAN_POINT('',(4.00963998741692,0.,-0.0241814886537683));
#2144=CARTESIAN_POINT('',(4.01139463921506,0.,-0.0261826048101856));
#2145=CARTESIAN_POINT('',(5.59376804877162,-5.,-0.0110292990966073));
#2146=CARTESIAN_POINT('',(5.59456595586407,-5.,-0.0120907443268842));
#2147=CARTESIAN_POINT('',(5.59544328176314,-5.,-0.0130913024050928));
#2148=CARTESIAN_POINT('',(4.01325715454565,0.,-0.0280762326996767));
#2149=CARTESIAN_POINT('',(4.01511966987624,0.,-0.0299698605891678));
#2150=CARTESIAN_POINT('',(4.01708742275888,0.,-0.031757912153503));
#2151=CARTESIAN_POINT('',(5.59637453942844,-5.,-0.0140381163498384));
#2152=CARTESIAN_POINT('',(5.59730579709373,-5.,-0.0149849302945839));
#2153=CARTESIAN_POINT('',(5.59828967353505,-5.,-0.0158789560767515));
#2154=CARTESIAN_POINT('',(4.01912929292548,0.,-0.033456265975985));
#2155=CARTESIAN_POINT('',(4.02117116309208,0.,-0.035154619798467));
#2156=CARTESIAN_POINT('',(4.0232853649379,0.,-0.0367648629085126));
#2157=CARTESIAN_POINT('',(5.59931060861835,-5.,-0.0167281329879925));
#2158=CARTESIAN_POINT('',(5.60033154370165,-5.,-0.0175773098992335));
#2159=CARTESIAN_POINT('',(5.60138864462456,-5.,-0.0183824314542563));
#2160=CARTESIAN_POINT('',(4.02545262010536,0.,-0.038300305553263));
#2161=CARTESIAN_POINT('',(4.02978713044028,0.,-0.0413711908427639));
#2162=CARTESIAN_POINT('',(4.03432401110071,0.,-0.044149592858523));
#2163=CARTESIAN_POINT('',(5.60247227220829,-5.,-0.0191501527766315));
#2164=CARTESIAN_POINT('',(5.60463952737575,-5.,-0.0206855954213819));
#2165=CARTESIAN_POINT('',(5.60690796770597,-5.,-0.0220747964292615));
#2166=CARTESIAN_POINT('',(4.03896748101465,0.,-0.0467268504935424));
#2167=CARTESIAN_POINT('',(4.04128921597162,0.,-0.048015479311052));
#2168=CARTESIAN_POINT('',(4.0436413696244,0.,-0.0492503145475288));
#2169=CARTESIAN_POINT('',(5.60922970266294,-5.,-0.0233634252467712));
#2170=CARTESIAN_POINT('',(5.61039057014142,-5.,-0.024007739655526));
#2171=CARTESIAN_POINT('',(5.61156664696781,-5.,-0.0246251572737644));
#2172=CARTESIAN_POINT('',(4.04601553027807,0.,-0.0504407645803782));
#2173=CARTESIAN_POINT('',(4.04838969093174,0.,-0.0516312146132277));
#2174=CARTESIAN_POINT('',(4.05078502448206,0.,-0.0527785824860133));
#2175=CARTESIAN_POINT('',(5.61275372729465,-5.,-0.0252203822901891));
#2176=CARTESIAN_POINT('',(5.61394080762148,-5.,-0.0258156073066138));
#2177=CARTESIAN_POINT('',(5.61513847439665,-5.,-0.0263892912430066));
#2178=CARTESIAN_POINT('',(4.05319904541733,0.,-0.0538860450260261));
#2179=CARTESIAN_POINT('',(4.05802708728787,0.,-0.0561009701060518));
#2180=CARTESIAN_POINT('',(4.06292220553356,0.,-0.0581663131232621));
#2181=CARTESIAN_POINT('',(5.61634548486428,-5.,-0.0269430225130131));
#2182=CARTESIAN_POINT('',(5.61875950579955,-5.,-0.0280504850530259));
#2183=CARTESIAN_POINT('',(5.62120706492239,-5.,-0.029083156561631));
#2184=CARTESIAN_POINT('',(4.06786547249969,0.,-0.0601102387182953));
#2185=CARTESIAN_POINT('',(4.07775200643194,0.,-0.0639980899083617));
#2186=CARTESIAN_POINT('',(4.08781612396179,0.,-0.067422033170482));
#2187=CARTESIAN_POINT('',(5.62367869840546,-5.,-0.0300551193591476));
#2188=CARTESIAN_POINT('',(5.62862196537158,-5.,-0.0319990449541808));
#2189=CARTESIAN_POINT('',(5.63365402413651,-5.,-0.033711016585241));
#2190=CARTESIAN_POINT('',(4.09797221008267,0.,-0.0705365646392558));
#2191=CARTESIAN_POINT('',(4.10812829620355,0.,-0.0736510961080295));
#2192=CARTESIAN_POINT('',(4.11837868821469,0.,-0.0764534334884072));
#2193=CARTESIAN_POINT('',(5.63873206719695,-5.,-0.0352682823196279));
#2194=CARTESIAN_POINT('',(5.64381011025739,-5.,-0.0368255480540148));
#2195=CARTESIAN_POINT('',(5.64893530626296,-5.,-0.0382267167442036));
#2196=CARTESIAN_POINT('',(4.12868493739563,0.,-0.0790275612271591));
#2197=CARTESIAN_POINT('',(4.13899118657657,0.,-0.081601688965911));
#2198=CARTESIAN_POINT('',(4.1493545526269,0.,-0.0839459089235526));
#2199=CARTESIAN_POINT('',(5.65408843085343,-5.,-0.0395137806135796));
#2200=CARTESIAN_POINT('',(5.6592415554439,-5.,-0.0408008444829555));
#2201=CARTESIAN_POINT('',(5.66442323846906,-5.,-0.0419729544617763));
#2202=CARTESIAN_POINT('',(4.15975360636113,0.,-0.0861141602383446));
#2203=CARTESIAN_POINT('',(4.17015266009537,0.,-0.0882824115531366));
#2204=CARTESIAN_POINT('',(4.18058981459036,0.,-0.0902689484268378));
#2205=CARTESIAN_POINT('',(5.66962276533618,-5.,-0.0430570801191723));
#2206=CARTESIAN_POINT('',(5.6748222922033,-5.,-0.0441412057765683));
#2207=CARTESIAN_POINT('',(5.6800408694508,-5.,-0.0451344742134189));
#2208=CARTESIAN_POINT('',(4.19105137677663,0.,-0.0921131576482679));
#2209=CARTESIAN_POINT('',(4.2015129389629,0.,-0.093957366869698));
#2210=CARTESIAN_POINT('',(4.21199941288126,0.,-0.0956579554966535));
#2211=CARTESIAN_POINT('',(5.68527165054393,-5.,-0.0460565788241339));
#2212=CARTESIAN_POINT('',(5.69050243163707,-5.,-0.046978683434849));
#2213=CARTESIAN_POINT('',(5.69574566859624,-5.,-0.0478289777483268));
#2214=CARTESIAN_POINT('',(4.22250445414085,0.,-0.0972353788985487));
#2215=CARTESIAN_POINT('',(4.23300949540044,0.,-0.0988128023004438));
#2216=CARTESIAN_POINT('',(4.2435324781688,0.,-0.100269568073711));
#2217=CARTESIAN_POINT('',(5.70099818922604,-5.,-0.0486176894492743));
#2218=CARTESIAN_POINT('',(5.70625070985583,-5.,-0.0494064011502219));
#2219=CARTESIAN_POINT('',(5.71151220124001,-5.,-0.0501347840368557));
#2220=CARTESIAN_POINT('',(4.25406948140808,0.,-0.101619033008509));
#2221=CARTESIAN_POINT('',(4.26460648464736,0.,-0.102968497943306));
#2222=CARTESIAN_POINT('',(4.27515568854712,0.,-0.104217655364416));
#2223=CARTESIAN_POINT('',(5.71678070285965,-5.,-0.0508095165042544));
#2224=CARTESIAN_POINT('',(5.72204920447929,-5.,-0.0514842489716531));
#2225=CARTESIAN_POINT('',(5.72732380642917,-5.,-0.0521088276822081));
#2226=CARTESIAN_POINT('',(4.28571587059651,0.,-0.105371407563852));
#2227=CARTESIAN_POINT('',(4.30683623469528,0.,-0.107678911962725));
#2228=CARTESIAN_POINT('',(4.32799375463443,0.,-0.109630743705163));
#2229=CARTESIAN_POINT('',(5.73260389745387,-5.,-0.0526857037819262));
#2230=CARTESIAN_POINT('',(5.74316407950325,-5.,-0.0538394559813625));
#2231=CARTESIAN_POINT('',(5.75374283947283,-5.,-0.0548153718525815));
#2232=CARTESIAN_POINT('',(4.34917517488226,0.,-0.111285458354419));
#2233=CARTESIAN_POINT('',(4.39153801537793,0.,-0.114594887652931));
#2234=CARTESIAN_POINT('',(4.43398481547372,0.,-0.116763678842489));
#2235=CARTESIAN_POINT('',(5.76433354959674,-5.,-0.0556427291772096));
#2236=CARTESIAN_POINT('',(5.78551496984458,-5.,-0.0572974438264657));
#2237=CARTESIAN_POINT('',(5.80673836989247,-5.,-0.0583818394212445));
#2238=CARTESIAN_POINT('',(4.47645315211346,0.,-0.118138552220841));
#2239=CARTESIAN_POINT('',(4.49768732043333,0.,-0.118825988910018));
#2240=CARTESIAN_POINT('',(4.51892818878264,0.,-0.119308568223141));
#2241=CARTESIAN_POINT('',(5.82797253821234,-5.,-0.0590692761104207));
#2242=CARTESIAN_POINT('',(5.83858962237228,-5.,-0.0594129944550088));
#2243=CARTESIAN_POINT('',(5.84921005654693,-5.,-0.0596542841115704));
#2244=CARTESIAN_POINT('',(4.54017163423267,0.,-0.119614537779935));
#2245=CARTESIAN_POINT('',(4.56141507968271,0.,-0.119920507336729));
#2246=CARTESIAN_POINT('',(4.58266064243675,0.,-0.120054278191801));
#2247=CARTESIAN_POINT('',(5.85983177927195,-5.,-0.0598072688899675));
#2248=CARTESIAN_POINT('',(5.87045350199697,-5.,-0.0599602536683647));
#2249=CARTESIAN_POINT('',(5.88107628337399,-5.,-0.0600271390959005));
#2250=CARTESIAN_POINT('',(4.60390635134578,0.,-0.120032021787404));
#2251=CARTESIAN_POINT('',(4.6145292058003,0.,-0.120020893585205));
#2252=CARTESIAN_POINT('',(4.62515166050772,0.,-0.119974948693273));
#2253=CARTESIAN_POINT('',(5.89169913782851,-5.,-0.0600160108937019));
#2254=CARTESIAN_POINT('',(5.89701056505576,-5.,-0.0600104467926027));
#2255=CARTESIAN_POINT('',(5.90232179240947,-5.,-0.0599874743466363));
#2256=CARTESIAN_POINT('',(4.63577408674957,0.,-0.119890428999328));
#2257=CARTESIAN_POINT('',(4.64639651299142,0.,-0.119805909305384));
#2258=CARTESIAN_POINT('',(4.65701883776201,0.,-0.119683681911807));
#2259=CARTESIAN_POINT('',(5.9076330055304,-5.,-0.0599452144996641));
#2260=CARTESIAN_POINT('',(5.91294421865132,-5.,-0.0599029546526919));
#2261=CARTESIAN_POINT('',(5.91825538103662,-5.,-0.0598418409559037));
#2262=CARTESIAN_POINT('',(4.66764043879966,0.,-0.119530320140608));
#2263=CARTESIAN_POINT('',(4.68888364087497,0.,-0.11922359659821));
#2264=CARTESIAN_POINT('',(4.7101250874168,0.,-0.11877873713978));
#2265=CARTESIAN_POINT('',(5.92356618155544,-5.,-0.0597651600703042));
#2266=CARTESIAN_POINT('',(5.9341877825931,-5.,-0.0596117982991051));
#2267=CARTESIAN_POINT('',(5.94480850586401,-5.,-0.0593893685698899));
#2268=CARTESIAN_POINT('',(4.73136294522543,0.,-0.118219968511714));
#2269=CARTESIAN_POINT('',(4.75260080303406,0.,-0.117661199883648));
#2270=CARTESIAN_POINT('',(4.77383588523354,0.,-0.116977403788532));
#2271=CARTESIAN_POINT('',(5.95542743476833,-5.,-0.059109984255857));
#2272=CARTESIAN_POINT('',(5.96604636367264,-5.,-0.0588305999418241));
#2273=CARTESIAN_POINT('',(5.97666390477239,-5.,-0.0584887018942662));
#2274=CARTESIAN_POINT('',(4.79506670923303,0.,-0.116190553629998));
#2275=CARTESIAN_POINT('',(4.81629753323251,0.,-0.115403703471463));
#2276=CARTESIAN_POINT('',(4.83752447146782,0.,-0.114509421140894));
#2277=CARTESIAN_POINT('',(5.98727931677213,-5.,-0.0580952768149988));
#2278=CARTESIAN_POINT('',(5.99789472877187,-5.,-0.0577018517357314));
#2279=CARTESIAN_POINT('',(6.00850819788952,-5.,-0.0572547105704471));
#2280=CARTESIAN_POINT('',(4.85874687291722,0.,-0.113519375135794));
#2281=CARTESIAN_POINT('',(4.90119167581602,0.,-0.111539283125594));
#2282=CARTESIAN_POINT('',(4.94361837761837,0.,-0.10918114954492));
#2283=CARTESIAN_POINT('',(6.01911939861422,-5.,-0.056759687567897));
#2284=CARTESIAN_POINT('',(6.04034180006362,-5.,-0.0557696415627968));
#2285=CARTESIAN_POINT('',(6.0615551509648,-5.,-0.0545905747724602));
#2286=CARTESIAN_POINT('',(4.98602521239778,0.,-0.106507677728438));
#2287=CARTESIAN_POINT('',(5.02843204717719,0.,-0.103834205911955));
#2288=CARTESIAN_POINT('',(5.07081904291754,0.,-0.100854482694551));
#2289=CARTESIAN_POINT('',(6.0827585683545,-5.,-0.0532538388642189));
#2290=CARTESIAN_POINT('',(6.10396198574421,-5.,-0.0519171029559777));
#2291=CARTESIAN_POINT('',(6.12515548361438,-5.,-0.0504272413472754));
#2292=CARTESIAN_POINT('',(5.1131860283651,0.,-0.0976108446998179));
#2293=CARTESIAN_POINT('',(5.15555301381266,0.,-0.0943672067050849));
#2294=CARTESIAN_POINT('',(5.19790005057459,0.,-0.0908677757665172));
#2295=CARTESIAN_POINT('',(6.14633897633816,-5.,-0.048805422349909));
#2296=CARTESIAN_POINT('',(6.16752246906194,-5.,-0.0471836033525425));
#2297=CARTESIAN_POINT('',(6.18869598744291,-5.,-0.0454338878832586));
#2298=CARTESIAN_POINT('',(5.24022753057162,0.,-0.0871450696939536));
#2299=CARTESIAN_POINT('',(5.28255501056866,0.,-0.08342236362139));
#2300=CARTESIAN_POINT('',(5.32486298151987,0.,-0.0794790494649987));
#2301=CARTESIAN_POINT('',(6.20985972744143,-5.,-0.0435725348469768));
#2302=CARTESIAN_POINT('',(6.23102346743994,-5.,-0.041711181810695));
#2303=CARTESIAN_POINT('',(6.25217745291555,-5.,-0.0397395247324994));
#2304=CARTESIAN_POINT('',(5.3671519107372,0.,-0.075342577610664));
#2305=CARTESIAN_POINT('',(5.40944083995452,0.,-0.0712061057563292));
#2306=CARTESIAN_POINT('',(5.45171070472111,0.,-0.0668739430149317));
#2307=CARTESIAN_POINT('',(6.27332191752421,-5.,-0.037671288805332));
#2308=CARTESIAN_POINT('',(6.29446638213287,-5.,-0.0356030528781646));
#2309=CARTESIAN_POINT('',(6.31560131451617,-5.,-0.0334369715074658));
#2310=CARTESIAN_POINT('',(5.49396164523441,0.,-0.0623651323816277));
#2311=CARTESIAN_POINT('',(5.578463526261,0.,-0.0533475111150197));
#2312=CARTESIAN_POINT('',(5.66289050018778,0.,-0.0436303926812708));
#2313=CARTESIAN_POINT('',(6.33672678477282,-5.,-0.0311825661908138));
#2314=CARTESIAN_POINT('',(6.37897772528611,-5.,-0.0266737555575099));
#2315=CARTESIAN_POINT('',(6.4211912122495,-5.,-0.0218151963406354));
#2316=CARTESIAN_POINT('',(5.74723523950546,0.,-0.0332457394125789));
#2317=CARTESIAN_POINT('',(5.83157997882315,0.,-0.0228610861438871));
#2318=CARTESIAN_POINT('',(5.91584276867203,0.,-0.0118080938435002));
#2319=CARTESIAN_POINT('',(6.,0.,0.));
#2320=CARTESIAN_POINT('',(6.46336358190835,-5.,-0.0166228697062895));
#2321=CARTESIAN_POINT('',(6.50553595156719,-5.,-0.0114305430719435));
#2322=CARTESIAN_POINT('',(6.54766734649163,-5.,-0.0059040469217501));
#2323=CARTESIAN_POINT('',(6.58974596215561,-5.,0.));
#2324=B_SPLINE_SURFACE_WITH_KNOTS('Surf_FDVISKYFMZ, WingGeom, 1, 10, upper',1,3,((#2325, #2326, #2327, #2331, #2332, #2333, #2337, #2338, #2339, #2343, #2344, #2345, #2349, #2350, #2351, #2355, #2356, #2357, #2361, #2362, #2363, #2367, #2368, #2369, #2373, #2374, #2375, #2379, #2380, #2381, #2385, #2386, #2387, #2391, #2392, #2393, #2397, #2398, #2399, #2403, #2404, #2405, #2409, #2410, #2411, #2415, #2416, #2417, #2421, #2422, #2423, #2427, #2428, #2429, #2433, #2434, #2435, #2439, #2440, #2441, #2445, #2446, #2447, #2451, #2452, #2453, #2457, #2458, #2459, #2463, #2464, #2465, #2469, #2470, #2471, #2475, #2476, #2477, #2481, #2482, #2483, #2487, #2488, #2489, #2493, #2494, #2495, #2499, #2500, #2501, #2505, #2506, #2507, #2511, #2512, #2513, #2517, #2518, #2519, #2523, #2524, #2525, #2526),(#2328, #2329, #2330, #2334, #2335, #2336, #2340, #2341, #2342, #2346, #2347, #2348, #2352, #2353, #2354, #2358, #2359, #2360, #2364, #2365, #2366, #2370, #2371, #2372, #2376, #2377, #2378, #2382, #2383, #2384, #2388, #2389, #2390, #2394, #2395, #2396, #2400, #2401, #2402, #2406, #2407, #2408, #2412, #2413, #2414, #2418, #2419, #2420, #2424, #2425, #2426, #2430, #2431, #2432, #2436, #2437, #2438, #2442, #2443, #2444, #2448, #2449, #2450, #2454, #2455, #2456, #2460, #2461, #2462, #2466, #2467, #2468, #2472, #2473, #2474, #2478, #2479, #2480, #2484, #2485, #2486, #2490, #2491, #2492, #2496, #2497, #2498, #2502, #2503, #2504, #2508, #2509, #2510, #2514, #2515, #2516, #2520, #2521, #2522, #2527, #2528, #2529, #2530)),.UNSPECIFIED.,.F.,.F.,.F.,(2,2),(4,3,3,3,3,3,3,3,3,3,3,3,3,3,3,3,3,3,3,3,3,3,3,3,3,3,3,3,3,3,3,3,3,3,4),(0.,1.),(0.,1.,2.,3.,4.,5.,6.,7.,8.,9.,10.,11.,12.,13.,14.,15.,16.,17.,18.,19.,20.,21.,22.,23.,24.,25.,26.,27.,28.,29.,30.,31.,32.,33.,34.),.PIECEWISE_BEZIER_KNOTS.);
#2325=CARTESIAN_POINT('',(6.,0.,0.));
#2326=CARTESIAN_POINT('',(5.91584276867199,0.,0.0118080938435027));
#2327=CARTESIAN_POINT('',(5.83157997882315,0.,0.0228610861438871));
#2328=CARTESIAN_POINT('',(6.58974596215561,-5.,0.));
#2329=CARTESIAN_POINT('',(6.54766734649161,-5.,0.00590404692175133));
#2330=CARTESIAN_POINT('',(6.50553595156719,-5.,0.0114305430719435));
#2331=CARTESIAN_POINT('',(5.74723523950546,0.,0.033245739412579));
#2332=CARTESIAN_POINT('',(5.66289050018778,0.,0.0436303926812708));
#2333=CARTESIAN_POINT('',(5.578463526261,0.,0.0533475111150196));
#2334=CARTESIAN_POINT('',(6.46336358190835,-5.,0.0166228697062895));
#2335=CARTESIAN_POINT('',(6.4211912122495,-5.,0.0218151963406354));
#2336=CARTESIAN_POINT('',(6.37897772528611,-5.,0.0266737555575098));
#2337=CARTESIAN_POINT('',(5.49396164523441,0.,0.0623651323816276));
#2338=CARTESIAN_POINT('',(5.45171070472111,0.,0.0668739430149315));
#2339=CARTESIAN_POINT('',(5.40944083995452,0.,0.071206105756329));
#2340=CARTESIAN_POINT('',(6.33672678477282,-5.,0.0311825661908138));
#2341=CARTESIAN_POINT('',(6.31560131451617,-5.,0.0334369715074658));
#2342=CARTESIAN_POINT('',(6.29446638213287,-5.,0.0356030528781645));
#2343=CARTESIAN_POINT('',(5.3671519107372,0.,0.0753425776106638));
#2344=CARTESIAN_POINT('',(5.32486298151987,0.,0.0794790494649985));
#2345=CARTESIAN_POINT('',(5.28255501056866,0.,0.0834223636213899));
#2346=CARTESIAN_POINT('',(6.27332191752421,-5.,0.0376712888053319));
#2347=CARTESIAN_POINT('',(6.25217745291555,-5.,0.0397395247324993));
#2348=CARTESIAN_POINT('',(6.23102346743994,-5.,0.0417111818106949));
#2349=CARTESIAN_POINT('',(5.24022753057163,0.,0.0871450696939535));
#2350=CARTESIAN_POINT('',(5.19790005057459,0.,0.0908677757665171));
#2351=CARTESIAN_POINT('',(5.15555301381266,0.,0.0943672067050848));
#2352=CARTESIAN_POINT('',(6.20985972744143,-5.,0.0435725348469767));
#2353=CARTESIAN_POINT('',(6.18869598744291,-5.,0.0454338878832585));
#2354=CARTESIAN_POINT('',(6.16752246906194,-5.,0.0471836033525424));
#2355=CARTESIAN_POINT('',(5.1131860283651,0.,0.0976108446998178));
#2356=CARTESIAN_POINT('',(5.07081904291754,0.,0.100854482694551));
#2357=CARTESIAN_POINT('',(5.0284320471772,0.,0.103834205911955));
#2358=CARTESIAN_POINT('',(6.14633897633816,-5.,0.0488054223499089));
#2359=CARTESIAN_POINT('',(6.12515548361438,-5.,0.0504272413472754));
#2360=CARTESIAN_POINT('',(6.10396198574421,-5.,0.0519171029559776));
#2361=CARTESIAN_POINT('',(4.98602521239778,0.,0.106507677728438));
#2362=CARTESIAN_POINT('',(4.94361837761837,0.,0.10918114954492));
#2363=CARTESIAN_POINT('',(4.90119167581602,0.,0.111539283125593));
#2364=CARTESIAN_POINT('',(6.0827585683545,-5.,0.0532538388642189));
#2365=CARTESIAN_POINT('',(6.0615551509648,-5.,0.0545905747724601));
#2366=CARTESIAN_POINT('',(6.04034180006362,-5.,0.0557696415627967));
#2367=CARTESIAN_POINT('',(4.85874687291722,0.,0.113519375135794));
#2368=CARTESIAN_POINT('',(4.83752447146782,0.,0.114509421140894));
#2369=CARTESIAN_POINT('',(4.81629753323251,0.,0.115403703471463));
#2370=CARTESIAN_POINT('',(6.01911939861422,-5.,0.056759687567897));
#2371=CARTESIAN_POINT('',(6.00850819788953,-5.,0.0572547105704471));
#2372=CARTESIAN_POINT('',(5.99789472877187,-5.,0.0577018517357313));
#2373=CARTESIAN_POINT('',(4.79506670923303,0.,0.116190553629997));
#2374=CARTESIAN_POINT('',(4.77383588523355,0.,0.116977403788532));
#2375=CARTESIAN_POINT('',(4.75260080303406,0.,0.117661199883648));
#2376=CARTESIAN_POINT('',(5.98727931677213,-5.,0.0580952768149987));
#2377=CARTESIAN_POINT('',(5.97666390477239,-5.,0.0584887018942661));
#2378=CARTESIAN_POINT('',(5.96604636367264,-5.,0.0588305999418241));
#2379=CARTESIAN_POINT('',(4.73136294522543,0.,0.118219968511714));
#2380=CARTESIAN_POINT('',(4.7101250874168,0.,0.11877873713978));
#2381=CARTESIAN_POINT('',(4.68888364087497,0.,0.11922359659821));
#2382=CARTESIAN_POINT('',(5.95542743476833,-5.,0.059109984255857));
#2383=CARTESIAN_POINT('',(5.94480850586401,-5.,0.0593893685698899));
#2384=CARTESIAN_POINT('',(5.9341877825931,-5.,0.0596117982991051));
#2385=CARTESIAN_POINT('',(4.66764043879966,0.,0.119530320140608));
#2386=CARTESIAN_POINT('',(4.65701883776201,0.,0.119683681911808));
#2387=CARTESIAN_POINT('',(4.64639651299142,0.,0.119805909305384));
#2388=CARTESIAN_POINT('',(5.92356618155545,-5.,0.0597651600703042));
#2389=CARTESIAN_POINT('',(5.91825538103662,-5.,0.0598418409559038));
#2390=CARTESIAN_POINT('',(5.91294421865132,-5.,0.0599029546526919));
#2391=CARTESIAN_POINT('',(4.63577408674957,0.,0.119890428999328));
#2392=CARTESIAN_POINT('',(4.62515166050772,0.,0.119974948693273));
#2393=CARTESIAN_POINT('',(4.6145292058003,0.,0.120020893585205));
#2394=CARTESIAN_POINT('',(5.9076330055304,-5.,0.0599452144996641));
#2395=CARTESIAN_POINT('',(5.90232179240947,-5.,0.0599874743466363));
#2396=CARTESIAN_POINT('',(5.89701056505577,-5.,0.0600104467926027));
#2397=CARTESIAN_POINT('',(4.60390635134579,0.,0.120032021787404));
#2398=CARTESIAN_POINT('',(4.58266064243675,0.,0.120054278191801));
#2399=CARTESIAN_POINT('',(4.56141507968271,0.,0.119920507336729));
#2400=CARTESIAN_POINT('',(5.89169913782851,-5.,0.0600160108937019));
#2401=CARTESIAN_POINT('',(5.88107628337399,-5.,0.0600271390959005));
#2402=CARTESIAN_POINT('',(5.87045350199697,-5.,0.0599602536683647));
#2403=CARTESIAN_POINT('',(4.54017163423268,0.,0.119614537779935));
#2404=CARTESIAN_POINT('',(4.51892818878264,0.,0.119308568223141));
#2405=CARTESIAN_POINT('',(4.49768732043333,0.,0.118825988910018));
#2406=CARTESIAN_POINT('',(5.85983177927195,-5.,0.0598072688899675));
#2407=CARTESIAN_POINT('',(5.84921005654694,-5.,0.0596542841115704));
#2408=CARTESIAN_POINT('',(5.83858962237228,-5.,0.0594129944550088));
#2409=CARTESIAN_POINT('',(4.47645315211346,0.,0.118138552220841));
#2410=CARTESIAN_POINT('',(4.43398481547372,0.,0.116763678842489));
#2411=CARTESIAN_POINT('',(4.39153801537793,0.,0.114594887652931));
#2412=CARTESIAN_POINT('',(5.82797253821234,-5.,0.0590692761104207));
#2413=CARTESIAN_POINT('',(5.80673836989247,-5.,0.0583818394212445));
#2414=CARTESIAN_POINT('',(5.78551496984458,-5.,0.0572974438264657));
#2415=CARTESIAN_POINT('',(4.34917517488226,0.,0.111285458354419));
#2416=CARTESIAN_POINT('',(4.32799375463443,0.,0.109630743705163));
#2417=CARTESIAN_POINT('',(4.30683623469528,0.,0.107678911962725));
#2418=CARTESIAN_POINT('',(5.76433354959674,-5.,0.0556427291772096));
#2419=CARTESIAN_POINT('',(5.75374283947283,-5.,0.0548153718525816));
#2420=CARTESIAN_POINT('',(5.74316407950325,-5.,0.0538394559813626));
#2421=CARTESIAN_POINT('',(4.28571587059651,0.,0.105371407563853));
#2422=CARTESIAN_POINT('',(4.27515568854712,0.,0.104217655364416));
#2423=CARTESIAN_POINT('',(4.26460648464736,0.,0.102968497943306));
#2424=CARTESIAN_POINT('',(5.73260389745387,-5.,0.0526857037819263));
#2425=CARTESIAN_POINT('',(5.72732380642917,-5.,0.0521088276822082));
#2426=CARTESIAN_POINT('',(5.72204920447929,-5.,0.0514842489716532));
#2427=CARTESIAN_POINT('',(4.25406948140808,0.,0.101619033008509));
#2428=CARTESIAN_POINT('',(4.2435324781688,0.,0.100269568073712));
#2429=CARTESIAN_POINT('',(4.23300949540044,0.,0.098812802300444));
#2430=CARTESIAN_POINT('',(5.71678070285965,-5.,0.0508095165042545));
#2431=CARTESIAN_POINT('',(5.71151220124001,-5.,0.0501347840368558));
#2432=CARTESIAN_POINT('',(5.70625070985583,-5.,0.049406401150222));
#2433=CARTESIAN_POINT('',(4.22250445414085,0.,0.0972353788985488));
#2434=CARTESIAN_POINT('',(4.21199941288126,0.,0.0956579554966536));
#2435=CARTESIAN_POINT('',(4.2015129389629,0.,0.0939573668696982));
#2436=CARTESIAN_POINT('',(5.70099818922604,-5.,0.0486176894492744));
#2437=CARTESIAN_POINT('',(5.69574566859625,-5.,0.0478289777483268));
#2438=CARTESIAN_POINT('',(5.69050243163707,-5.,0.0469786834348491));
#2439=CARTESIAN_POINT('',(4.19105137677663,0.,0.0921131576482681));
#2440=CARTESIAN_POINT('',(4.18058981459037,0.,0.0902689484268381));
#2441=CARTESIAN_POINT('',(4.17015266009537,0.,0.0882824115531368));
#2442=CARTESIAN_POINT('',(5.68527165054393,-5.,0.0460565788241341));
#2443=CARTESIAN_POINT('',(5.6800408694508,-5.,0.045134474213419));
#2444=CARTESIAN_POINT('',(5.6748222922033,-5.,0.0441412057765684));
#2445=CARTESIAN_POINT('',(4.15975360636113,0.,0.0861141602383448));
#2446=CARTESIAN_POINT('',(4.1493545526269,0.,0.0839459089235527));
#2447=CARTESIAN_POINT('',(4.13899118657657,0.,0.0816016889659114));
#2448=CARTESIAN_POINT('',(5.66962276533618,-5.,0.0430570801191724));
#2449=CARTESIAN_POINT('',(5.66442323846906,-5.,0.0419729544617764));
#2450=CARTESIAN_POINT('',(5.6592415554439,-5.,0.0408008444829557));
#2451=CARTESIAN_POINT('',(4.12868493739563,0.,0.0790275612271595));
#2452=CARTESIAN_POINT('',(4.11837868821469,0.,0.0764534334884076));
#2453=CARTESIAN_POINT('',(4.10812829620355,0.,0.0736510961080297));
#2454=CARTESIAN_POINT('',(5.65408843085343,-5.,0.0395137806135798));
#2455=CARTESIAN_POINT('',(5.64893530626296,-5.,0.0382267167442038));
#2456=CARTESIAN_POINT('',(5.64381011025739,-5.,0.0368255480540149));
#2457=CARTESIAN_POINT('',(4.09797221008267,0.,0.070536564639256));
#2458=CARTESIAN_POINT('',(4.08781612396179,0.,0.0674220331704823));
#2459=CARTESIAN_POINT('',(4.07775200643194,0.,0.0639980899083618));
#2460=CARTESIAN_POINT('',(5.63873206719695,-5.,0.035268282319628));
#2461=CARTESIAN_POINT('',(5.63365402413651,-5.,0.0337110165852412));
#2462=CARTESIAN_POINT('',(5.62862196537158,-5.,0.0319990449541809));
#2463=CARTESIAN_POINT('',(4.06786547249969,0.,0.0601102387182956));
#2464=CARTESIAN_POINT('',(4.06292220553356,0.,0.0581663131232625));
#2465=CARTESIAN_POINT('',(4.05802708728787,0.,0.0561009701060521));
#2466=CARTESIAN_POINT('',(5.62367869840546,-5.,0.0300551193591478));
#2467=CARTESIAN_POINT('',(5.6212070649224,-5.,0.0290831565616312));
#2468=CARTESIAN_POINT('',(5.61875950579955,-5.,0.0280504850530261));
#2469=CARTESIAN_POINT('',(4.05319904541733,0.,0.0538860450260265));
#2470=CARTESIAN_POINT('',(4.05078502448207,0.,0.0527785824860137));
#2471=CARTESIAN_POINT('',(4.04838969093174,0.,0.0516312146132282));
#2472=CARTESIAN_POINT('',(5.61634548486428,-5.,0.0269430225130133));
#2473=CARTESIAN_POINT('',(5.61513847439665,-5.,0.0263892912430069));
#2474=CARTESIAN_POINT('',(5.61394080762148,-5.,0.0258156073066141));
#2475=CARTESIAN_POINT('',(4.04601553027807,0.,0.0504407645803788));
#2476=CARTESIAN_POINT('',(4.0436413696244,0.,0.0492503145475294));
#2477=CARTESIAN_POINT('',(4.04128921597162,0.,0.0480154793110525));
#2478=CARTESIAN_POINT('',(5.61275372729465,-5.,0.0252203822901894));
#2479=CARTESIAN_POINT('',(5.61156664696782,-5.,0.0246251572737647));
#2480=CARTESIAN_POINT('',(5.61039057014143,-5.,0.0240077396555263));
#2481=CARTESIAN_POINT('',(4.03896748101465,0.,0.0467268504935427));
#2482=CARTESIAN_POINT('',(4.03432401110071,0.,0.0441495928585231));
#2483=CARTESIAN_POINT('',(4.02978713044028,0.,0.041371190842765));
#2484=CARTESIAN_POINT('',(5.60922970266294,-5.,0.0233634252467714));
#2485=CARTESIAN_POINT('',(5.60690796770597,-5.,0.0220747964292616));
#2486=CARTESIAN_POINT('',(5.60463952737575,-5.,0.0206855954213825));
#2487=CARTESIAN_POINT('',(4.02545262010536,0.,0.0383003055532637));
#2488=CARTESIAN_POINT('',(4.0232853649379,0.,0.036764862908513));
#2489=CARTESIAN_POINT('',(4.02117116309208,0.,0.0351546197984671));
#2490=CARTESIAN_POINT('',(5.60247227220829,-5.,0.0191501527766318));
#2491=CARTESIAN_POINT('',(5.60138864462456,-5.,0.0183824314542565));
#2492=CARTESIAN_POINT('',(5.60033154370165,-5.,0.0175773098992336));
#2493=CARTESIAN_POINT('',(4.01912929292548,0.,0.0334562659759851));
#2494=CARTESIAN_POINT('',(4.01708742275888,0.,0.0317579121535033));
#2495=CARTESIAN_POINT('',(4.01511966987624,0.,0.0299698605891688));
#2496=CARTESIAN_POINT('',(5.59931060861835,-5.,0.0167281329879926));
#2497=CARTESIAN_POINT('',(5.59828967353505,-5.,0.0158789560767516));
#2498=CARTESIAN_POINT('',(5.59730579709373,-5.,0.0149849302945844));
#2499=CARTESIAN_POINT('',(4.01325715454565,0.,0.0280762326996772));
#2500=CARTESIAN_POINT('',(4.01139463921506,0.,0.0261826048101857));
#2501=CARTESIAN_POINT('',(4.00963998741692,0.,0.0241814886537679));
#2502=CARTESIAN_POINT('',(5.59637453942844,-5.,0.0140381163498386));
#2503=CARTESIAN_POINT('',(5.59544328176314,-5.,0.0130913024050928));
#2504=CARTESIAN_POINT('',(5.59456595586407,-5.,0.012090744326884));
#2505=CARTESIAN_POINT('',(4.00804417323201,0.,0.0220585981932149));
#2506=CARTESIAN_POINT('',(4.00644835904711,0.,0.0199357077326619));
#2507=CARTESIAN_POINT('',(4.00501126087424,0.,0.0176893982520659));
#2508=CARTESIAN_POINT('',(5.59376804877162,-5.,0.0110292990966074));
#2509=CARTESIAN_POINT('',(5.59297014167917,-5.,0.00996785386633093));
#2510=CARTESIAN_POINT('',(5.59225159259273,-5.,0.00884469912603293));
#2511=CARTESIAN_POINT('',(4.00381006230294,0.,0.0153212955056534));
#2512=CARTESIAN_POINT('',(4.00260886373164,0.,0.012953192759241));
#2513=CARTESIAN_POINT('',(4.00164289529876,0.,0.0104610734742978));
#2514=CARTESIAN_POINT('',(5.59165099330708,-5.,0.00766064775282672));
#2515=CARTESIAN_POINT('',(5.59105039402143,-5.,0.00647659637962051));
#2516=CARTESIAN_POINT('',(5.59056740980499,-5.,0.00523053673714889));
#2517=CARTESIAN_POINT('',(4.00099019959599,0.,0.00788697489681098));
#2518=CARTESIAN_POINT('',(4.00066385174461,0.,0.00659992560806744));
#2519=CARTESIAN_POINT('',(4.00041493862507,0.,0.00529232241981751));
#2520=CARTESIAN_POINT('',(5.59024106195361,-5.,0.00394348744840549));
#2521=CARTESIAN_POINT('',(5.59007788802792,-5.,0.00329996280403372));
#2522=CARTESIAN_POINT('',(5.58995343146815,-5.,0.00264616120990875));
#2523=CARTESIAN_POINT('',(4.00024902947482,0.,0.00397503610511232));
#2524=CARTESIAN_POINT('',(4.00008312032458,0.,0.00265774979040728));
#2525=CARTESIAN_POINT('',(4.,0.,0.0013256229672388));
#2526=CARTESIAN_POINT('',(4.,0.,0.));
#2527=CARTESIAN_POINT('',(5.58987047689302,-5.,0.00198751805255616));
#2528=CARTESIAN_POINT('',(5.5897875223179,-5.,0.00132887489520364));
#2529=CARTESIAN_POINT('',(5.58974596215561,-5.,0.000662811483619399));
#2530=CARTESIAN_POINT('',(5.58974596215561,-5.,0.));
#2531=B_SPLINE_SURFACE_WITH_KNOTS('Surf_FDVISKYFMZ, WingGeom, 1, 13, lower',1,3,((#2532, #2533, #2534, #2538, #2539, #2540, #2544, #2545, #2546, #2550, #2551, #2552, #2556, #2557, #2558, #2562, #2563, #2564, #2568, #2569, #2570, #2574, #2575, #2576, #2580, #2581, #2582, #2586, #2587, #2588, #2592, #2593, #2594, #2598, #2599, #2600, #2604, #2605, #2606, #2610, #2611, #2612, #2616, #2617, #2618, #2622, #2623, #2624, #2628, #2629, #2630, #2634, #2635, #2636, #2640, #2641, #2642, #2646, #2647, #2648, #2652, #2653, #2654, #2658, #2659, #2660, #2664, #2665, #2666, #2670, #2671, #2672, #2676, #2677, #2678, #2682, #2683, #2684, #2688, #2689, #2690, #2694, #2695, #2696, #2700, #2701, #2702, #2706, #2707, #2708, #2712, #2713, #2714, #2718, #2719, #2720, #2724, #2725, #2726, #2730, #2731, #2732, #2733),(#2535, #2536, #2537, #2541, #2542, #2543, #2547, #2548, #2549, #2553, #2554, #2555, #2559, #2560, #2561, #2565, #2566, #2567, #2571, #2572, #2573, #2577, #2578, #2579, #2583, #2584, #2585, #2589, #2590, #2591, #2595, #2596, #2597, #2601, #2602, #2603, #2607, #2608, #2609, #2613, #2614, #2615, #2619, #2620, #2621, #2625, #2626, #2627, #2631, #2632, #2633, #2637, #2638, #2639, #2643, #2644, #2645, #2649, #2650, #2651, #2655, #2656, #2657, #2661, #2662, #2663, #2667, #2668, #2669, #2673, #2674, #2675, #2679, #2680, #2681, #2685, #2686, #2687, #2691, #2692, #2693, #2697, #2698, #2699, #2703, #2704, #2705, #2709, #2710, #2711, #2715, #2716, #2717, #2721, #2722, #2723, #2727, #2728, #2729, #2734, #2735, #2736, #2737)),.UNSPECIFIED.,.F.,.F.,.F.,(2,2),(4,3,3,3,3,3,3,3,3,3,3,3,3,3,3,3,3,3,3,3,3,3,3,3,3,3,3,3,3,3,3,3,3,3,4),(0.,1.),(0.,1.,2.,3.,4.,5.,6.,7.,8.,9.,10.,11.,12.,13.,14.,15.,16.,17.,18.,19.,20.,21.,22.,23.,24.,25.,26.,27.,28.,29.,30.,31.,32.,33.,34.),.PIECEWISE_BEZIER_KNOTS.);
#2532=CARTESIAN_POINT('',(5.58974596215561,-5.,0.));
#2533=CARTESIAN_POINT('',(5.58974596215561,-5.,-0.000662811483619399));
#2534=CARTESIAN_POINT('',(5.5897875223179,-5.,-0.0013288748952037));
#2535=CARTESIAN_POINT('',(5.58974596215561,-5.,0.));
#2536=CARTESIAN_POINT('',(5.58974596215561,-5.,0.));
#2537=CARTESIAN_POINT('',(5.5897875223179,-5.,-2.99239799605999E-17));
#2538=CARTESIAN_POINT('',(5.58987047689302,-5.,-0.0019875180525563));
#2539=CARTESIAN_POINT('',(5.58995343146815,-5.,-0.00264616120990893));
#2540=CARTESIAN_POINT('',(5.59007788802792,-5.,-0.00329996280403393));
#2541=CARTESIAN_POINT('',(5.58987047689302,-5.,-6.80878964320897E-17));
#2542=CARTESIAN_POINT('',(5.58995343146815,-5.,-8.71698546678346E-17));
#2543=CARTESIAN_POINT('',(5.59007788802792,-5.,-1.047339298621E-16));
#2544=CARTESIAN_POINT('',(5.59024106195361,-5.,-0.00394348744840561));
#2545=CARTESIAN_POINT('',(5.59056740980499,-5.,-0.00523053673714892));
#2546=CARTESIAN_POINT('',(5.59105039402143,-5.,-0.00647659637962028));
#2547=CARTESIAN_POINT('',(5.59024106195361,-5.,-5.63785129692462E-17));
#2548=CARTESIAN_POINT('',(5.59056740980499,-5.,-1.47451495458029E-17));
#2549=CARTESIAN_POINT('',(5.59105039402143,-5.,1.14491749414469E-16));
#2550=CARTESIAN_POINT('',(5.59165099330708,-5.,-0.00766064775282632));
#2551=CARTESIAN_POINT('',(5.59225159259273,-5.,-0.00884469912603232));
#2552=CARTESIAN_POINT('',(5.59297014167917,-5.,-0.00996785386633045));
#2553=CARTESIAN_POINT('',(5.59165099330708,-5.,2.01661604082304E-16));
#2554=CARTESIAN_POINT('',(5.59225159259273,-5.,3.05311331771918E-16));
#2555=CARTESIAN_POINT('',(5.59297014167917,-5.,2.36789754470834E-16));
#2556=CARTESIAN_POINT('',(5.59376804877162,-5.,-0.0110292990966073));
#2557=CARTESIAN_POINT('',(5.59456595586407,-5.,-0.0120907443268842));
#2558=CARTESIAN_POINT('',(5.59544328176314,-5.,-0.0130913024050928));
#2559=CARTESIAN_POINT('',(5.59376804877162,-5.,7.45931094670027E-17));
#2560=CARTESIAN_POINT('',(5.59456595586407,-5.,-1.0321604682062E-16));
#2561=CARTESIAN_POINT('',(5.59544328176314,-5.,1.38777878078145E-17));
#2562=CARTESIAN_POINT('',(5.59637453942844,-5.,-0.0140381163498384));
#2563=CARTESIAN_POINT('',(5.59730579709373,-5.,-0.0149849302945839));
#2564=CARTESIAN_POINT('',(5.59828967353505,-5.,-0.0158789560767515));
#2565=CARTESIAN_POINT('',(5.59637453942844,-5.,1.33573707650214E-16));
#2566=CARTESIAN_POINT('',(5.59730579709373,-5.,2.53269627492614E-16));
#2567=CARTESIAN_POINT('',(5.59828967353505,-5.,7.45931094670027E-17));
#2568=CARTESIAN_POINT('',(5.59931060861835,-5.,-0.0167281329879925));
#2569=CARTESIAN_POINT('',(5.60033154370165,-5.,-0.0175773098992335));
#2570=CARTESIAN_POINT('',(5.60138864462456,-5.,-0.0183824314542563));
#2571=CARTESIAN_POINT('',(5.59931060861835,-5.,3.29597460435593E-17));
#2572=CARTESIAN_POINT('',(5.60033154370165,-5.,2.77555756156289E-17));
#2573=CARTESIAN_POINT('',(5.60138864462456,-5.,9.54097911787244E-17));
#2574=CARTESIAN_POINT('',(5.60247227220829,-5.,-0.0191501527766315));
#2575=CARTESIAN_POINT('',(5.60463952737575,-5.,-0.0206855954213819));
#2576=CARTESIAN_POINT('',(5.60690796770597,-5.,-0.0220747964292615));
#2577=CARTESIAN_POINT('',(5.60247227220829,-5.,1.70002900645727E-16));
#2578=CARTESIAN_POINT('',(5.60463952737575,-5.,2.75821032680312E-16));
#2579=CARTESIAN_POINT('',(5.60690796770597,-5.,2.77555756156289E-17));
#2580=CARTESIAN_POINT('',(5.60922970266294,-5.,-0.0233634252467712));
#2581=CARTESIAN_POINT('',(5.61039057014142,-5.,-0.024007739655526));
#2582=CARTESIAN_POINT('',(5.61156664696781,-5.,-0.0246251572737644));
#2583=CARTESIAN_POINT('',(5.60922970266294,-5.,8.67361737988404E-17));
#2584=CARTESIAN_POINT('',(5.61039057014143,-5.,1.16226472890446E-16));
#2585=CARTESIAN_POINT('',(5.61156664696782,-5.,1.61329283265843E-16));
#2586=CARTESIAN_POINT('',(5.61275372729465,-5.,-0.0252203822901891));
#2587=CARTESIAN_POINT('',(5.61394080762148,-5.,-0.0258156073066138));
#2588=CARTESIAN_POINT('',(5.61513847439665,-5.,-0.0263892912430066));
#2589=CARTESIAN_POINT('',(5.61275372729465,-5.,1.56125112837913E-16));
#2590=CARTESIAN_POINT('',(5.61394080762148,-5.,1.42247325030098E-16));
#2591=CARTESIAN_POINT('',(5.61513847439665,-5.,1.21430643318376E-16));
#2592=CARTESIAN_POINT('',(5.61634548486428,-5.,-0.0269430225130131));
#2593=CARTESIAN_POINT('',(5.61875950579955,-5.,-0.0280504850530259));
#2594=CARTESIAN_POINT('',(5.62120706492239,-5.,-0.029083156561631));
#2595=CARTESIAN_POINT('',(5.61634548486428,-5.,9.8879238130678E-17));
#2596=CARTESIAN_POINT('',(5.61875950579955,-5.,7.80625564189563E-17));
#2597=CARTESIAN_POINT('',(5.6212070649224,-5.,1.00613961606655E-16));
#2598=CARTESIAN_POINT('',(5.62367869840546,-5.,-0.0300551193591476));
#2599=CARTESIAN_POINT('',(5.62862196537158,-5.,-0.0319990449541808));
#2600=CARTESIAN_POINT('',(5.63365402413651,-5.,-0.033711016585241));
#2601=CARTESIAN_POINT('',(5.62367869840546,-5.,8.50014503228635E-17));
#2602=CARTESIAN_POINT('',(5.62862196537158,-5.,3.46944695195361E-17));
#2603=CARTESIAN_POINT('',(5.63365402413651,-5.,9.36750677027476E-17));
#2604=CARTESIAN_POINT('',(5.63873206719695,-5.,-0.0352682823196279));
#2605=CARTESIAN_POINT('',(5.64381011025739,-5.,-0.0368255480540148));
#2606=CARTESIAN_POINT('',(5.64893530626296,-5.,-0.0382267167442036));
#2607=CARTESIAN_POINT('',(5.63873206719695,-5.,6.24500451351651E-17));
#2608=CARTESIAN_POINT('',(5.64381011025739,-5.,4.5102810375397E-17));
#2609=CARTESIAN_POINT('',(5.64893530626296,-5.,8.67361737988404E-17));
#2610=CARTESIAN_POINT('',(5.65408843085343,-5.,-0.0395137806135796));
#2611=CARTESIAN_POINT('',(5.6592415554439,-5.,-0.0408008444829555));
#2612=CARTESIAN_POINT('',(5.66442323846906,-5.,-0.0419729544617763));
#2613=CARTESIAN_POINT('',(5.65408843085343,-5.,9.71445146547012E-17));
#2614=CARTESIAN_POINT('',(5.6592415554439,-5.,1.04083408558608E-16));
#2615=CARTESIAN_POINT('',(5.66442323846906,-5.,3.12250225675825E-17));
#2616=CARTESIAN_POINT('',(5.66962276533618,-5.,-0.0430570801191723));
#2617=CARTESIAN_POINT('',(5.6748222922033,-5.,-0.0441412057765683));
#2618=CARTESIAN_POINT('',(5.6800408694508,-5.,-0.0451344742134189));
#2619=CARTESIAN_POINT('',(5.66962276533618,-5.,4.16333634234434E-17));
#2620=CARTESIAN_POINT('',(5.6748222922033,-5.,4.85722573273506E-17));
#2621=CARTESIAN_POINT('',(5.6800408694508,-5.,5.89805981832114E-17));
#2622=CARTESIAN_POINT('',(5.68527165054393,-5.,-0.0460565788241339));
#2623=CARTESIAN_POINT('',(5.69050243163707,-5.,-0.046978683434849));
#2624=CARTESIAN_POINT('',(5.69574566859624,-5.,-0.0478289777483268));
#2625=CARTESIAN_POINT('',(5.68527165054393,-5.,5.20417042793042E-17));
#2626=CARTESIAN_POINT('',(5.69050243163707,-5.,5.20417042793042E-17));
#2627=CARTESIAN_POINT('',(5.69574566859625,-5.,2.42861286636753E-17));
#2628=CARTESIAN_POINT('',(5.70099818922604,-5.,-0.0486176894492743));
#2629=CARTESIAN_POINT('',(5.70625070985583,-5.,-0.0494064011502219));
#2630=CARTESIAN_POINT('',(5.71151220124001,-5.,-0.0501347840368557));
#2631=CARTESIAN_POINT('',(5.70099818922604,-5.,3.81639164714898E-17));
#2632=CARTESIAN_POINT('',(5.70625070985583,-5.,4.85722573273506E-17));
#2633=CARTESIAN_POINT('',(5.71151220124001,-5.,5.55111512312578E-17));
#2634=CARTESIAN_POINT('',(5.71678070285965,-5.,-0.0508095165042544));
#2635=CARTESIAN_POINT('',(5.72204920447929,-5.,-0.0514842489716531));
#2636=CARTESIAN_POINT('',(5.72732380642917,-5.,-0.0521088276822081));
#2637=CARTESIAN_POINT('',(5.71678070285965,-5.,4.85722573273506E-17));
#2638=CARTESIAN_POINT('',(5.72204920447929,-5.,4.16333634234434E-17));
#2639=CARTESIAN_POINT('',(5.72732380642917,-5.,3.46944695195361E-17));
#2640=CARTESIAN_POINT('',(5.73260389745387,-5.,-0.0526857037819262));
#2641=CARTESIAN_POINT('',(5.74316407950325,-5.,-0.0538394559813625));
#2642=CARTESIAN_POINT('',(5.75374283947283,-5.,-0.0548153718525815));
#2643=CARTESIAN_POINT('',(5.73260389745387,-5.,3.12250225675825E-17));
#2644=CARTESIAN_POINT('',(5.74316407950325,-5.,3.46944695195361E-17));
#2645=CARTESIAN_POINT('',(5.75374283947283,-5.,4.85722573273506E-17));
#2646=CARTESIAN_POINT('',(5.76433354959674,-5.,-0.0556427291772096));
#2647=CARTESIAN_POINT('',(5.78551496984458,-5.,-0.0572974438264657));
#2648=CARTESIAN_POINT('',(5.80673836989247,-5.,-0.0583818394212445));
#2649=CARTESIAN_POINT('',(5.76433354959674,-5.,3.12250225675825E-17));
#2650=CARTESIAN_POINT('',(5.78551496984458,-5.,-1.04083408558608E-17));
#2651=CARTESIAN_POINT('',(5.80673836989247,-5.,1.04083408558608E-17));
#2652=CARTESIAN_POINT('',(5.82797253821234,-5.,-0.0590692761104207));
#2653=CARTESIAN_POINT('',(5.83858962237228,-5.,-0.0594129944550088));
#2654=CARTESIAN_POINT('',(5.84921005654693,-5.,-0.0596542841115704));
#2655=CARTESIAN_POINT('',(5.82797253821234,-5.,3.46944695195361E-18));
#2656=CARTESIAN_POINT('',(5.83858962237228,-5.,3.46944695195361E-18));
#2657=CARTESIAN_POINT('',(5.84921005654694,-5.,6.93889390390723E-18));
#2658=CARTESIAN_POINT('',(5.85983177927195,-5.,-0.0598072688899675));
#2659=CARTESIAN_POINT('',(5.87045350199697,-5.,-0.0599602536683647));
#2660=CARTESIAN_POINT('',(5.88107628337399,-5.,-0.0600271390959005));
#2661=CARTESIAN_POINT('',(5.85983177927195,-5.,3.46944695195361E-18));
#2662=CARTESIAN_POINT('',(5.87045350199697,-5.,0.));
#2663=CARTESIAN_POINT('',(5.88107628337399,-5.,-1.04083408558608E-17));
#2664=CARTESIAN_POINT('',(5.89169913782851,-5.,-0.0600160108937019));
#2665=CARTESIAN_POINT('',(5.89701056505576,-5.,-0.0600104467926027));
#2666=CARTESIAN_POINT('',(5.90232179240947,-5.,-0.0599874743466363));
#2667=CARTESIAN_POINT('',(5.89169913782851,-5.,-1.04083408558608E-17));
#2668=CARTESIAN_POINT('',(5.89701056505577,-5.,-1.38777878078145E-17));
#2669=CARTESIAN_POINT('',(5.90232179240947,-5.,-3.46944695195361E-18));
#2670=CARTESIAN_POINT('',(5.9076330055304,-5.,-0.0599452144996641));
#2671=CARTESIAN_POINT('',(5.91294421865132,-5.,-0.0599029546526919));
#2672=CARTESIAN_POINT('',(5.91825538103662,-5.,-0.0598418409559037));
#2673=CARTESIAN_POINT('',(5.9076330055304,-5.,-3.46944695195361E-18));
#2674=CARTESIAN_POINT('',(5.91294421865132,-5.,-3.46944695195361E-18));
#2675=CARTESIAN_POINT('',(5.91825538103662,-5.,6.93889390390723E-18));
#2676=CARTESIAN_POINT('',(5.92356618155544,-5.,-0.0597651600703042));
#2677=CARTESIAN_POINT('',(5.9341877825931,-5.,-0.0596117982991051));
#2678=CARTESIAN_POINT('',(5.94480850586401,-5.,-0.0593893685698899));
#2679=CARTESIAN_POINT('',(5.92356618155545,-5.,3.46944695195361E-18));
#2680=CARTESIAN_POINT('',(5.9341877825931,-5.,3.46944695195361E-18));
#2681=CARTESIAN_POINT('',(5.94480850586401,-5.,-6.93889390390723E-18));
#2682=CARTESIAN_POINT('',(5.95542743476833,-5.,-0.059109984255857));
#2683=CARTESIAN_POINT('',(5.96604636367264,-5.,-0.0588305999418241));
#2684=CARTESIAN_POINT('',(5.97666390477239,-5.,-0.0584887018942662));
#2685=CARTESIAN_POINT('',(5.95542743476833,-5.,-1.04083408558608E-17));
#2686=CARTESIAN_POINT('',(5.96604636367264,-5.,-1.38777878078145E-17));
#2687=CARTESIAN_POINT('',(5.97666390477239,-5.,-1.38777878078145E-17));
#2688=CARTESIAN_POINT('',(5.98727931677213,-5.,-0.0580952768149988));
#2689=CARTESIAN_POINT('',(5.99789472877187,-5.,-0.0577018517357314));
#2690=CARTESIAN_POINT('',(6.00850819788952,-5.,-0.0572547105704471));
#2691=CARTESIAN_POINT('',(5.98727931677213,-5.,-2.08166817117217E-17));
#2692=CARTESIAN_POINT('',(5.99789472877187,-5.,-2.42861286636753E-17));
#2693=CARTESIAN_POINT('',(6.00850819788952,-5.,-1.38777878078145E-17));
#2694=CARTESIAN_POINT('',(6.01911939861422,-5.,-0.056759687567897));
#2695=CARTESIAN_POINT('',(6.04034180006362,-5.,-0.0557696415627968));
#2696=CARTESIAN_POINT('',(6.0615551509648,-5.,-0.0545905747724602));
#2697=CARTESIAN_POINT('',(6.01911939861422,-5.,-1.38777878078145E-17));
#2698=CARTESIAN_POINT('',(6.04034180006362,-5.,-1.38777878078145E-17));
#2699=CARTESIAN_POINT('',(6.0615551509648,-5.,-3.81639164714898E-17));
#2700=CARTESIAN_POINT('',(6.0827585683545,-5.,-0.0532538388642189));
#2701=CARTESIAN_POINT('',(6.10396198574421,-5.,-0.0519171029559777));
#2702=CARTESIAN_POINT('',(6.12515548361438,-5.,-0.0504272413472754));
#2703=CARTESIAN_POINT('',(6.0827585683545,-5.,-2.77555756156289E-17));
#2704=CARTESIAN_POINT('',(6.10396198574421,-5.,-1.73472347597681E-17));
#2705=CARTESIAN_POINT('',(6.12515548361438,-5.,-2.77555756156289E-17));
#2706=CARTESIAN_POINT('',(6.14633897633816,-5.,-0.048805422349909));
#2707=CARTESIAN_POINT('',(6.16752246906194,-5.,-0.0471836033525425));
#2708=CARTESIAN_POINT('',(6.18869598744291,-5.,-0.0454338878832586));
#2709=CARTESIAN_POINT('',(6.14633897633816,-5.,-2.77555756156289E-17));
#2710=CARTESIAN_POINT('',(6.16752246906194,-5.,-2.77555756156289E-17));
#2711=CARTESIAN_POINT('',(6.18869598744291,-5.,-2.77555756156289E-17));
#2712=CARTESIAN_POINT('',(6.20985972744143,-5.,-0.0435725348469768));
#2713=CARTESIAN_POINT('',(6.23102346743994,-5.,-0.041711181810695));
#2714=CARTESIAN_POINT('',(6.25217745291555,-5.,-0.0397395247324994));
#2715=CARTESIAN_POINT('',(6.20985972744143,-5.,-2.42861286636753E-17));
#2716=CARTESIAN_POINT('',(6.23102346743994,-5.,-2.08166817117217E-17));
#2717=CARTESIAN_POINT('',(6.25217745291555,-5.,-4.5102810375397E-17));
#2718=CARTESIAN_POINT('',(6.27332191752421,-5.,-0.037671288805332));
#2719=CARTESIAN_POINT('',(6.29446638213287,-5.,-0.0356030528781646));
#2720=CARTESIAN_POINT('',(6.31560131451617,-5.,-0.0334369715074658));
#2721=CARTESIAN_POINT('',(6.27332191752421,-5.,-4.85722573273506E-17));
#2722=CARTESIAN_POINT('',(6.29446638213287,-5.,-5.55111512312578E-17));
#2723=CARTESIAN_POINT('',(6.31560131451617,-5.,-3.46944695195361E-17));
#2724=CARTESIAN_POINT('',(6.33672678477282,-5.,-0.0311825661908138));
#2725=CARTESIAN_POINT('',(6.37897772528611,-5.,-0.0266737555575099));
#2726=CARTESIAN_POINT('',(6.4211912122495,-5.,-0.0218151963406354));
#2727=CARTESIAN_POINT('',(6.33672678477282,-5.,-3.12250225675825E-17));
#2728=CARTESIAN_POINT('',(6.37897772528611,-5.,-1.90819582357449E-17));
#2729=CARTESIAN_POINT('',(6.4211912122495,-5.,1.04083408558608E-17));
#2730=CARTESIAN_POINT('',(6.46336358190835,-5.,-0.0166228697062895));
#2731=CARTESIAN_POINT('',(6.50553595156719,-5.,-0.0114305430719435));
#2732=CARTESIAN_POINT('',(6.54766734649163,-5.,-0.0059040469217501));
#2733=CARTESIAN_POINT('',(6.58974596215561,-5.,0.));
#2734=CARTESIAN_POINT('',(6.46336358190835,-5.,8.67361737988404E-18));
#2735=CARTESIAN_POINT('',(6.50553595156719,-5.,1.73472347597681E-18));
#2736=CARTESIAN_POINT('',(6.54766734649162,-5.,6.15393153102772E-16));
#2737=CARTESIAN_POINT('',(6.58974596215561,-5.,0.));
#2738=B_SPLINE_SURFACE_WITH_KNOTS('Surf_FDVISKYFMZ, WingGeom, 1, 16, upper',1,3,((#2739, #2740, #2741, #2745, #2746, #2747, #2751, #2752, #2753, #2757, #2758, #2759, #2763, #2764, #2765, #2769, #2770, #2771, #2775, #2776, #2777, #2781, #2782, #2783, #2787, #2788, #2789, #2793, #2794, #2795, #2799, #2800, #2801, #2805, #2806, #2807, #2811, #2812, #2813, #2817, #2818, #2819, #2823, #2824, #2825, #2829, #2830, #2831, #2835, #2836, #2837, #2841, #2842, #2843, #2847, #2848, #2849, #2853, #2854, #2855, #2859, #2860, #2861, #2865, #2866, #2867, #2871, #2872, #2873, #2877, #2878, #2879, #2883, #2884, #2885, #2889, #2890, #2891, #2895, #2896, #2897, #2901, #2902, #2903, #2907, #2908, #2909, #2913, #2914, #2915, #2919, #2920, #2921, #2925, #2926, #2927, #2931, #2932, #2933, #2937, #2938, #2939, #2940),(#2742, #2743, #2744, #2748, #2749, #2750, #2754, #2755, #2756, #2760, #2761, #2762, #2766, #2767, #2768, #2772, #2773, #2774, #2778, #2779, #2780, #2784, #2785, #2786, #2790, #2791, #2792, #2796, #2797, #2798, #2802, #2803, #2804, #2808, #2809, #2810, #2814, #2815, #2816, #2820, #2821, #2822, #2826, #2827, #2828, #2832, #2833, #2834, #2838, #2839, #2840, #2844, #2845, #2846, #2850, #2851, #2852, #2856, #2857, #2858, #2862, #2863, #2864, #2868, #2869, #2870, #2874, #2875, #2876, #2880, #2881, #2882, #2886, #2887, #2888, #2892, #2893, #2894, #2898, #2899, #2900, #2904, #2905, #2906, #2910, #2911, #2912, #2916, #2917, #2918, #2922, #2923, #2924, #2928, #2929, #2930, #2934, #2935, #2936, #2941, #2942, #2943, #2944)),.UNSPECIFIED.,.F.,.F.,.F.,(2,2),(4,3,3,3,3,3,3,3,3,3,3,3,3,3,3,3,3,3,3,3,3,3,3,3,3,3,3,3,3,3,3,3,3,3,4),(0.,1.),(0.,1.,2.,3.,4.,5.,6.,7.,8.,9.,10.,11.,12.,13.,14.,15.,16.,17.,18.,19.,20.,21.,22.,23.,24.,25.,26.,27.,28.,29.,30.,31.,32.,33.,34.),.PIECEWISE_BEZIER_KNOTS.);
#2739=CARTESIAN_POINT('',(6.58974596215561,-5.,0.));
#2740=CARTESIAN_POINT('',(6.54766734649161,-5.,0.00590404692175133));
#2741=CARTESIAN_POINT('',(6.50553595156719,-5.,0.0114305430719435));
#2742=CARTESIAN_POINT('',(6.58974596215561,-5.,0.));
#2743=CARTESIAN_POINT('',(6.54766734649162,-5.,6.15393153102772E-16));
#2744=CARTESIAN_POINT('',(6.50553595156719,-5.,1.73472347597681E-18));
#2745=CARTESIAN_POINT('',(6.46336358190835,-5.,0.0166228697062895));
#2746=CARTESIAN_POINT('',(6.4211912122495,-5.,0.0218151963406354));
#2747=CARTESIAN_POINT('',(6.37897772528611,-5.,0.0266737555575098));
#2748=CARTESIAN_POINT('',(6.46336358190835,-5.,8.67361737988404E-18));
#2749=CARTESIAN_POINT('',(6.4211912122495,-5.,1.04083408558608E-17));
#2750=CARTESIAN_POINT('',(6.37897772528611,-5.,-1.90819582357449E-17));
#2751=CARTESIAN_POINT('',(6.33672678477282,-5.,0.0311825661908138));
#2752=CARTESIAN_POINT('',(6.31560131451617,-5.,0.0334369715074658));
#2753=CARTESIAN_POINT('',(6.29446638213287,-5.,0.0356030528781645));
#2754=CARTESIAN_POINT('',(6.33672678477282,-5.,-3.12250225675825E-17));
#2755=CARTESIAN_POINT('',(6.31560131451617,-5.,-3.46944695195361E-17));
#2756=CARTESIAN_POINT('',(6.29446638213287,-5.,-5.55111512312578E-17));
#2757=CARTESIAN_POINT('',(6.27332191752421,-5.,0.0376712888053319));
#2758=CARTESIAN_POINT('',(6.25217745291555,-5.,0.0397395247324993));
#2759=CARTESIAN_POINT('',(6.23102346743994,-5.,0.0417111818106949));
#2760=CARTESIAN_POINT('',(6.27332191752421,-5.,-4.85722573273506E-17));
#2761=CARTESIAN_POINT('',(6.25217745291555,-5.,-4.5102810375397E-17));
#2762=CARTESIAN_POINT('',(6.23102346743994,-5.,-2.08166817117217E-17));
#2763=CARTESIAN_POINT('',(6.20985972744143,-5.,0.0435725348469767));
#2764=CARTESIAN_POINT('',(6.18869598744291,-5.,0.0454338878832585));
#2765=CARTESIAN_POINT('',(6.16752246906194,-5.,0.0471836033525424));
#2766=CARTESIAN_POINT('',(6.20985972744143,-5.,-2.42861286636753E-17));
#2767=CARTESIAN_POINT('',(6.18869598744291,-5.,-2.77555756156289E-17));
#2768=CARTESIAN_POINT('',(6.16752246906194,-5.,-2.77555756156289E-17));
#2769=CARTESIAN_POINT('',(6.14633897633816,-5.,0.0488054223499089));
#2770=CARTESIAN_POINT('',(6.12515548361438,-5.,0.0504272413472754));
#2771=CARTESIAN_POINT('',(6.10396198574421,-5.,0.0519171029559776));
#2772=CARTESIAN_POINT('',(6.14633897633816,-5.,-2.77555756156289E-17));
#2773=CARTESIAN_POINT('',(6.12515548361438,-5.,-2.77555756156289E-17));
#2774=CARTESIAN_POINT('',(6.10396198574421,-5.,-1.73472347597681E-17));
#2775=CARTESIAN_POINT('',(6.0827585683545,-5.,0.0532538388642189));
#2776=CARTESIAN_POINT('',(6.0615551509648,-5.,0.0545905747724601));
#2777=CARTESIAN_POINT('',(6.04034180006362,-5.,0.0557696415627967));
#2778=CARTESIAN_POINT('',(6.0827585683545,-5.,-2.77555756156289E-17));
#2779=CARTESIAN_POINT('',(6.0615551509648,-5.,-3.81639164714898E-17));
#2780=CARTESIAN_POINT('',(6.04034180006362,-5.,-1.38777878078145E-17));
#2781=CARTESIAN_POINT('',(6.01911939861422,-5.,0.056759687567897));
#2782=CARTESIAN_POINT('',(6.00850819788953,-5.,0.0572547105704471));
#2783=CARTESIAN_POINT('',(5.99789472877187,-5.,0.0577018517357313));
#2784=CARTESIAN_POINT('',(6.01911939861422,-5.,-1.38777878078145E-17));
#2785=CARTESIAN_POINT('',(6.00850819788952,-5.,-1.38777878078145E-17));
#2786=CARTESIAN_POINT('',(5.99789472877187,-5.,-2.42861286636753E-17));
#2787=CARTESIAN_POINT('',(5.98727931677213,-5.,0.0580952768149987));
#2788=CARTESIAN_POINT('',(5.97666390477239,-5.,0.0584887018942661));
#2789=CARTESIAN_POINT('',(5.96604636367264,-5.,0.0588305999418241));
#2790=CARTESIAN_POINT('',(5.98727931677213,-5.,-2.08166817117217E-17));
#2791=CARTESIAN_POINT('',(5.97666390477239,-5.,-1.38777878078145E-17));
#2792=CARTESIAN_POINT('',(5.96604636367264,-5.,-1.38777878078145E-17));
#2793=CARTESIAN_POINT('',(5.95542743476833,-5.,0.059109984255857));
#2794=CARTESIAN_POINT('',(5.94480850586401,-5.,0.0593893685698899));
#2795=CARTESIAN_POINT('',(5.9341877825931,-5.,0.0596117982991051));
#2796=CARTESIAN_POINT('',(5.95542743476833,-5.,-1.04083408558608E-17));
#2797=CARTESIAN_POINT('',(5.94480850586401,-5.,-6.93889390390723E-18));
#2798=CARTESIAN_POINT('',(5.9341877825931,-5.,3.46944695195361E-18));
#2799=CARTESIAN_POINT('',(5.92356618155545,-5.,0.0597651600703042));
#2800=CARTESIAN_POINT('',(5.91825538103662,-5.,0.0598418409559038));
#2801=CARTESIAN_POINT('',(5.91294421865132,-5.,0.0599029546526919));
#2802=CARTESIAN_POINT('',(5.92356618155545,-5.,3.46944695195361E-18));
#2803=CARTESIAN_POINT('',(5.91825538103662,-5.,6.93889390390723E-18));
#2804=CARTESIAN_POINT('',(5.91294421865132,-5.,-3.46944695195361E-18));
#2805=CARTESIAN_POINT('',(5.9076330055304,-5.,0.0599452144996641));
#2806=CARTESIAN_POINT('',(5.90232179240947,-5.,0.0599874743466363));
#2807=CARTESIAN_POINT('',(5.89701056505577,-5.,0.0600104467926027));
#2808=CARTESIAN_POINT('',(5.9076330055304,-5.,-3.46944695195361E-18));
#2809=CARTESIAN_POINT('',(5.90232179240947,-5.,-3.46944695195361E-18));
#2810=CARTESIAN_POINT('',(5.89701056505577,-5.,-1.38777878078145E-17));
#2811=CARTESIAN_POINT('',(5.89169913782851,-5.,0.0600160108937019));
#2812=CARTESIAN_POINT('',(5.88107628337399,-5.,0.0600271390959005));
#2813=CARTESIAN_POINT('',(5.87045350199697,-5.,0.0599602536683647));
#2814=CARTESIAN_POINT('',(5.89169913782851,-5.,-1.04083408558608E-17));
#2815=CARTESIAN_POINT('',(5.88107628337399,-5.,-1.04083408558608E-17));
#2816=CARTESIAN_POINT('',(5.87045350199697,-5.,0.));
#2817=CARTESIAN_POINT('',(5.85983177927195,-5.,0.0598072688899675));
#2818=CARTESIAN_POINT('',(5.84921005654694,-5.,0.0596542841115704));
#2819=CARTESIAN_POINT('',(5.83858962237228,-5.,0.0594129944550088));
#2820=CARTESIAN_POINT('',(5.85983177927195,-5.,3.46944695195361E-18));
#2821=CARTESIAN_POINT('',(5.84921005654694,-5.,6.93889390390723E-18));
#2822=CARTESIAN_POINT('',(5.83858962237228,-5.,3.46944695195361E-18));
#2823=CARTESIAN_POINT('',(5.82797253821234,-5.,0.0590692761104207));
#2824=CARTESIAN_POINT('',(5.80673836989247,-5.,0.0583818394212445));
#2825=CARTESIAN_POINT('',(5.78551496984458,-5.,0.0572974438264657));
#2826=CARTESIAN_POINT('',(5.82797253821234,-5.,3.46944695195361E-18));
#2827=CARTESIAN_POINT('',(5.80673836989247,-5.,1.04083408558608E-17));
#2828=CARTESIAN_POINT('',(5.78551496984458,-5.,-1.04083408558608E-17));
#2829=CARTESIAN_POINT('',(5.76433354959674,-5.,0.0556427291772096));
#2830=CARTESIAN_POINT('',(5.75374283947283,-5.,0.0548153718525816));
#2831=CARTESIAN_POINT('',(5.74316407950325,-5.,0.0538394559813626));
#2832=CARTESIAN_POINT('',(5.76433354959674,-5.,3.12250225675825E-17));
#2833=CARTESIAN_POINT('',(5.75374283947283,-5.,4.85722573273506E-17));
#2834=CARTESIAN_POINT('',(5.74316407950325,-5.,3.46944695195361E-17));
#2835=CARTESIAN_POINT('',(5.73260389745387,-5.,0.0526857037819263));
#2836=CARTESIAN_POINT('',(5.72732380642917,-5.,0.0521088276822082));
#2837=CARTESIAN_POINT('',(5.72204920447929,-5.,0.0514842489716532));
#2838=CARTESIAN_POINT('',(5.73260389745387,-5.,3.12250225675825E-17));
#2839=CARTESIAN_POINT('',(5.72732380642917,-5.,3.46944695195361E-17));
#2840=CARTESIAN_POINT('',(5.72204920447929,-5.,4.16333634234434E-17));
#2841=CARTESIAN_POINT('',(5.71678070285965,-5.,0.0508095165042545));
#2842=CARTESIAN_POINT('',(5.71151220124001,-5.,0.0501347840368558));
#2843=CARTESIAN_POINT('',(5.70625070985583,-5.,0.049406401150222));
#2844=CARTESIAN_POINT('',(5.71678070285965,-5.,4.85722573273506E-17));
#2845=CARTESIAN_POINT('',(5.71151220124001,-5.,5.55111512312578E-17));
#2846=CARTESIAN_POINT('',(5.70625070985583,-5.,4.85722573273506E-17));
#2847=CARTESIAN_POINT('',(5.70099818922604,-5.,0.0486176894492744));
#2848=CARTESIAN_POINT('',(5.69574566859625,-5.,0.0478289777483268));
#2849=CARTESIAN_POINT('',(5.69050243163707,-5.,0.0469786834348491));
#2850=CARTESIAN_POINT('',(5.70099818922604,-5.,3.81639164714898E-17));
#2851=CARTESIAN_POINT('',(5.69574566859625,-5.,2.42861286636753E-17));
#2852=CARTESIAN_POINT('',(5.69050243163707,-5.,5.20417042793042E-17));
#2853=CARTESIAN_POINT('',(5.68527165054393,-5.,0.0460565788241341));
#2854=CARTESIAN_POINT('',(5.6800408694508,-5.,0.045134474213419));
#2855=CARTESIAN_POINT('',(5.6748222922033,-5.,0.0441412057765684));
#2856=CARTESIAN_POINT('',(5.68527165054393,-5.,5.20417042793042E-17));
#2857=CARTESIAN_POINT('',(5.6800408694508,-5.,5.89805981832114E-17));
#2858=CARTESIAN_POINT('',(5.6748222922033,-5.,4.85722573273506E-17));
#2859=CARTESIAN_POINT('',(5.66962276533618,-5.,0.0430570801191724));
#2860=CARTESIAN_POINT('',(5.66442323846906,-5.,0.0419729544617764));
#2861=CARTESIAN_POINT('',(5.6592415554439,-5.,0.0408008444829557));
#2862=CARTESIAN_POINT('',(5.66962276533618,-5.,4.16333634234434E-17));
#2863=CARTESIAN_POINT('',(5.66442323846906,-5.,3.12250225675825E-17));
#2864=CARTESIAN_POINT('',(5.6592415554439,-5.,1.04083408558608E-16));
#2865=CARTESIAN_POINT('',(5.65408843085343,-5.,0.0395137806135798));
#2866=CARTESIAN_POINT('',(5.64893530626296,-5.,0.0382267167442038));
#2867=CARTESIAN_POINT('',(5.64381011025739,-5.,0.0368255480540149));
#2868=CARTESIAN_POINT('',(5.65408843085343,-5.,9.71445146547012E-17));
#2869=CARTESIAN_POINT('',(5.64893530626296,-5.,8.67361737988404E-17));
#2870=CARTESIAN_POINT('',(5.64381011025739,-5.,4.5102810375397E-17));
#2871=CARTESIAN_POINT('',(5.63873206719695,-5.,0.035268282319628));
#2872=CARTESIAN_POINT('',(5.63365402413651,-5.,0.0337110165852412));
#2873=CARTESIAN_POINT('',(5.62862196537158,-5.,0.0319990449541809));
#2874=CARTESIAN_POINT('',(5.63873206719695,-5.,6.24500451351651E-17));
#2875=CARTESIAN_POINT('',(5.63365402413651,-5.,9.36750677027476E-17));
#2876=CARTESIAN_POINT('',(5.62862196537158,-5.,3.46944695195361E-17));
#2877=CARTESIAN_POINT('',(5.62367869840546,-5.,0.0300551193591478));
#2878=CARTESIAN_POINT('',(5.6212070649224,-5.,0.0290831565616312));
#2879=CARTESIAN_POINT('',(5.61875950579955,-5.,0.0280504850530261));
#2880=CARTESIAN_POINT('',(5.62367869840546,-5.,8.50014503228635E-17));
#2881=CARTESIAN_POINT('',(5.6212070649224,-5.,1.00613961606655E-16));
#2882=CARTESIAN_POINT('',(5.61875950579955,-5.,7.80625564189563E-17));
#2883=CARTESIAN_POINT('',(5.61634548486428,-5.,0.0269430225130133));
#2884=CARTESIAN_POINT('',(5.61513847439665,-5.,0.0263892912430069));
#2885=CARTESIAN_POINT('',(5.61394080762148,-5.,0.0258156073066141));
#2886=CARTESIAN_POINT('',(5.61634548486428,-5.,9.8879238130678E-17));
#2887=CARTESIAN_POINT('',(5.61513847439665,-5.,1.21430643318376E-16));
#2888=CARTESIAN_POINT('',(5.61394080762148,-5.,1.42247325030098E-16));
#2889=CARTESIAN_POINT('',(5.61275372729465,-5.,0.0252203822901894));
#2890=CARTESIAN_POINT('',(5.61156664696782,-5.,0.0246251572737647));
#2891=CARTESIAN_POINT('',(5.61039057014143,-5.,0.0240077396555263));
#2892=CARTESIAN_POINT('',(5.61275372729465,-5.,1.56125112837913E-16));
#2893=CARTESIAN_POINT('',(5.61156664696782,-5.,1.61329283265843E-16));
#2894=CARTESIAN_POINT('',(5.61039057014143,-5.,1.16226472890446E-16));
#2895=CARTESIAN_POINT('',(5.60922970266294,-5.,0.0233634252467714));
#2896=CARTESIAN_POINT('',(5.60690796770597,-5.,0.0220747964292616));
#2897=CARTESIAN_POINT('',(5.60463952737575,-5.,0.0206855954213825));
#2898=CARTESIAN_POINT('',(5.60922970266294,-5.,8.67361737988404E-17));
#2899=CARTESIAN_POINT('',(5.60690796770597,-5.,2.77555756156289E-17));
#2900=CARTESIAN_POINT('',(5.60463952737575,-5.,2.75821032680312E-16));
#2901=CARTESIAN_POINT('',(5.60247227220829,-5.,0.0191501527766318));
#2902=CARTESIAN_POINT('',(5.60138864462456,-5.,0.0183824314542565));
#2903=CARTESIAN_POINT('',(5.60033154370165,-5.,0.0175773098992336));
#2904=CARTESIAN_POINT('',(5.60247227220829,-5.,1.70002900645727E-16));
#2905=CARTESIAN_POINT('',(5.60138864462456,-5.,9.54097911787244E-17));
#2906=CARTESIAN_POINT('',(5.60033154370165,-5.,2.77555756156289E-17));
#2907=CARTESIAN_POINT('',(5.59931060861835,-5.,0.0167281329879926));
#2908=CARTESIAN_POINT('',(5.59828967353505,-5.,0.0158789560767516));
#2909=CARTESIAN_POINT('',(5.59730579709373,-5.,0.0149849302945844));
#2910=CARTESIAN_POINT('',(5.59931060861835,-5.,3.29597460435593E-17));
#2911=CARTESIAN_POINT('',(5.59828967353505,-5.,7.45931094670027E-17));
#2912=CARTESIAN_POINT('',(5.59730579709373,-5.,2.53269627492614E-16));
#2913=CARTESIAN_POINT('',(5.59637453942844,-5.,0.0140381163498386));
#2914=CARTESIAN_POINT('',(5.59544328176314,-5.,0.0130913024050928));
#2915=CARTESIAN_POINT('',(5.59456595586407,-5.,0.012090744326884));
#2916=CARTESIAN_POINT('',(5.59637453942844,-5.,1.33573707650214E-16));
#2917=CARTESIAN_POINT('',(5.59544328176314,-5.,1.38777878078145E-17));
#2918=CARTESIAN_POINT('',(5.59456595586407,-5.,-1.0321604682062E-16));
#2919=CARTESIAN_POINT('',(5.59376804877162,-5.,0.0110292990966074));
#2920=CARTESIAN_POINT('',(5.59297014167917,-5.,0.00996785386633093));
#2921=CARTESIAN_POINT('',(5.59225159259273,-5.,0.00884469912603293));
#2922=CARTESIAN_POINT('',(5.59376804877162,-5.,7.45931094670027E-17));
#2923=CARTESIAN_POINT('',(5.59297014167917,-5.,2.36789754470834E-16));
#2924=CARTESIAN_POINT('',(5.59225159259273,-5.,3.05311331771918E-16));
#2925=CARTESIAN_POINT('',(5.59165099330708,-5.,0.00766064775282672));
#2926=CARTESIAN_POINT('',(5.59105039402143,-5.,0.00647659637962051));
#2927=CARTESIAN_POINT('',(5.59056740980499,-5.,0.00523053673714889));
#2928=CARTESIAN_POINT('',(5.59165099330708,-5.,2.01661604082304E-16));
#2929=CARTESIAN_POINT('',(5.59105039402143,-5.,1.14491749414469E-16));
#2930=CARTESIAN_POINT('',(5.59056740980499,-5.,-1.47451495458029E-17));
#2931=CARTESIAN_POINT('',(5.59024106195361,-5.,0.00394348744840549));
#2932=CARTESIAN_POINT('',(5.59007788802792,-5.,0.00329996280403372));
#2933=CARTESIAN_POINT('',(5.58995343146815,-5.,0.00264616120990875));
#2934=CARTESIAN_POINT('',(5.59024106195361,-5.,-5.63785129692462E-17));
#2935=CARTESIAN_POINT('',(5.59007788802792,-5.,-1.047339298621E-16));
#2936=CARTESIAN_POINT('',(5.58995343146815,-5.,-8.71698546678346E-17));
#2937=CARTESIAN_POINT('',(5.58987047689302,-5.,0.00198751805255616));
#2938=CARTESIAN_POINT('',(5.5897875223179,-5.,0.00132887489520364));
#2939=CARTESIAN_POINT('',(5.58974596215561,-5.,0.000662811483619399));
#2940=CARTESIAN_POINT('',(5.58974596215561,-5.,0.));
#2941=CARTESIAN_POINT('',(5.58987047689302,-5.,-6.80878964320897E-17));
#2942=CARTESIAN_POINT('',(5.5897875223179,-5.,-2.99239799605999E-17));
#2943=CARTESIAN_POINT('',(5.58974596215561,-5.,0.));
#2944=CARTESIAN_POINT('',(5.58974596215561,-5.,0.));
#2945=GEOMETRIC_SET('FDVISKYFMZ, WingGeom, 1',(#1703,#1910,#2117,#2324,#2531,#2738));
#2946=GEOMETRICALLY_BOUNDED_SURFACE_SHAPE_REPRESENTATION('',(#2945),#15);
#2947=SHAPE_REPRESENTATION_RELATIONSHIP('','',#29,#2946);
#2948=B_SPLINE_SURFACE_WITH_KNOTS('Surf_YGEIDFBZRS, WingGeom, 0, 1, lower',1,3,((#2949, #2950, #2951, #2955, #2956, #2957, #2961, #2962, #2963, #2967, #2968, #2969, #2973, #2974, #2975, #2979, #2980, #2981, #2985, #2986, #2987, #2991, #2992, #2993, #2997, #2998, #2999, #3003, #3004, #3005, #3009, #3010, #3011, #3015, #3016, #3017, #3021, #3022, #3023, #3027, #3028, #3029, #3033, #3034, #3035, #3039, #3040, #3041, #3045, #3046, #3047, #3051, #3052, #3053, #3057, #3058, #3059, #3063, #3064, #3065, #3069, #3070, #3071, #3075, #3076, #3077, #3081, #3082, #3083, #3087, #3088, #3089, #3093, #3094, #3095, #3099, #3100, #3101, #3105, #3106, #3107, #3111, #3112, #3113, #3117, #3118, #3119, #3123, #3124, #3125, #3129, #3130, #3131, #3135, #3136, #3137, #3141, #3142, #3143, #3147, #3148, #3149, #3150),(#2952, #2953, #2954, #2958, #2959, #2960, #2964, #2965, #2966, #2970, #2971, #2972, #2976, #2977, #2978, #2982, #2983, #2984, #2988, #2989, #2990, #2994, #2995, #2996, #3000, #3001, #3002, #3006, #3007, #3008, #3012, #3013, #3014, #3018, #3019, #3020, #3024, #3025, #3026, #3030, #3031, #3032, #3036, #3037, #3038, #3042, #3043, #3044, #3048, #3049, #3050, #3054, #3055, #3056, #3060, #3061, #3062, #3066, #3067, #3068, #3072, #3073, #3074, #3078, #3079, #3080, #3084, #3085, #3086, #3090, #3091, #3092, #3096, #3097, #3098, #3102, #3103, #3104, #3108, #3109, #3110, #3114, #3115, #3116, #3120, #3121, #3122, #3126, #3127, #3128, #3132, #3133, #3134, #3138, #3139, #3140, #3144, #3145, #3146, #3151, #3152, #3153, #3154)),.UNSPECIFIED.,.F.,.F.,.F.,(2,2),(4,3,3,3,3,3,3,3,3,3,3,3,3,3,3,3,3,3,3,3,3,3,3,3,3,3,3,3,3,3,3,3,3,3,4),(0.,1.),(0.,1.,2.,3.,4.,5.,6.,7.,8.,9.,10.,11.,12.,13.,14.,15.,16.,17.,18.,19.,20.,21.,22.,23.,24.,25.,26.,27.,28.,29.,30.,31.,32.,33.,34.),.PIECEWISE_BEZIER_KNOTS.);
#2949=CARTESIAN_POINT('',(9.2,0.,0.));
#2950=CARTESIAN_POINT('',(9.14950566120321,0.,7.3899220076612E-16));
#2951=CARTESIAN_POINT('',(9.09894798729389,0.,-1.73472347597681E-18));
#2952=CARTESIAN_POINT('',(9.2,0.,0.));
#2953=CARTESIAN_POINT('',(9.14950566120323,0.,-0.00708485630610012));
#2954=CARTESIAN_POINT('',(9.09894798729389,0.,-0.0137166516863323));
#2955=CARTESIAN_POINT('',(9.04834114370328,0.,6.93889390390723E-18));
#2956=CARTESIAN_POINT('',(8.99773430011267,0.,1.04083408558608E-17));
#2957=CARTESIAN_POINT('',(8.9470781157566,0.,-2.42861286636753E-17));
#2958=CARTESIAN_POINT('',(9.04834114370328,0.,-0.0199474436475474));
#2959=CARTESIAN_POINT('',(8.99773430011267,0.,-0.0261782356087625));
#2960=CARTESIAN_POINT('',(8.9470781157566,0.,-0.0320085066690118));
#2961=CARTESIAN_POINT('',(8.89637698714064,0.,-3.81639164714898E-17));
#2962=CARTESIAN_POINT('',(8.87102642283267,0.,-4.16333634234434E-17));
#2963=CARTESIAN_POINT('',(8.84566450397271,0.,-5.20417042793042E-17));
#2964=CARTESIAN_POINT('',(8.89637698714064,0.,-0.0374190794289766));
#2965=CARTESIAN_POINT('',(8.87102642283267,0.,-0.040124365808959));
#2966=CARTESIAN_POINT('',(8.84566450397271,0.,-0.0427236634537975));
#2967=CARTESIAN_POINT('',(8.82029114644232,0.,-4.85722573273506E-17));
#2968=CARTESIAN_POINT('',(8.79491778891192,0.,-4.85722573273506E-17));
#2969=CARTESIAN_POINT('',(8.76953300634119,0.,-2.77555756156289E-17));
#2970=CARTESIAN_POINT('',(8.82029114644232,0.,-0.0452055465663984));
#2971=CARTESIAN_POINT('',(8.79491778891192,0.,-0.0476874296789992));
#2972=CARTESIAN_POINT('',(8.76953300634119,0.,-0.050053418172834));
#2973=CARTESIAN_POINT('',(8.74413651834297,0.,-2.77555756156289E-17));
#2974=CARTESIAN_POINT('',(8.71874003034476,0.,-2.77555756156289E-17));
#2975=CARTESIAN_POINT('',(8.69333180828759,0.,-2.08166817117217E-17));
#2976=CARTESIAN_POINT('',(8.74413651834297,0.,-0.0522870418163721));
#2977=CARTESIAN_POINT('',(8.71874003034476,0.,-0.0545206654599103));
#2978=CARTESIAN_POINT('',(8.69333180828759,0.,-0.0566203240230509));
#2979=CARTESIAN_POINT('',(8.66791161701906,0.,-2.42861286636753E-17));
#2980=CARTESIAN_POINT('',(8.64249142575052,0.,-2.42861286636753E-17));
#2981=CARTESIAN_POINT('',(8.61705922830632,0.,-3.46944695195361E-17));
#2982=CARTESIAN_POINT('',(8.66791161701906,0.,-0.0585665068198907));
#2983=CARTESIAN_POINT('',(8.64249142575052,0.,-0.0605126896167305));
#2984=CARTESIAN_POINT('',(8.61705922830632,0.,-0.0623005235471732));
#2985=CARTESIAN_POINT('',(8.59161512743867,0.,-4.16333634234434E-17));
#2986=CARTESIAN_POINT('',(8.56617102657102,0.,-4.85722573273506E-17));
#2987=CARTESIAN_POINT('',(8.54071500548961,0.,-2.77555756156289E-17));
#2988=CARTESIAN_POINT('',(8.59161512743867,0.,-0.0639046066370627));
#2989=CARTESIAN_POINT('',(8.56617102657102,0.,-0.0655086897269523));
#2990=CARTESIAN_POINT('',(8.54071500548961,0.,-0.0669235698753561));
#2991=CARTESIAN_POINT('',(8.51524812375033,0.,-2.77555756156289E-17));
#2992=CARTESIAN_POINT('',(8.50251468288069,0.,-2.77555756156289E-17));
#2993=CARTESIAN_POINT('',(8.48977851993951,0.,-2.77555756156289E-17));
#2994=CARTESIAN_POINT('',(8.51524812375033,0.,-0.0681116250814764));
#2995=CARTESIAN_POINT('',(8.50251468288069,0.,-0.0687056526845366));
#2996=CARTESIAN_POINT('',(8.48977851993951,0.,-0.0692422220828776));
#2997=CARTESIAN_POINT('',(8.47704002553982,0.,-2.77555756156289E-17));
#2998=CARTESIAN_POINT('',(8.46430153114013,0.,-2.08166817117217E-17));
#2999=CARTESIAN_POINT('',(8.45156048182043,0.,-2.77555756156289E-17));
#3000=CARTESIAN_POINT('',(8.47704002553982,0.,-0.0697143321779985));
#3001=CARTESIAN_POINT('',(8.46430153114013,0.,-0.0701864422731194));
#3002=CARTESIAN_POINT('',(8.45156048182043,0.,-0.0705967199301889));
#3003=CARTESIAN_POINT('',(8.43881776713526,0.,-2.08166817117217E-17));
#3004=CARTESIAN_POINT('',(8.42607505245008,0.,-1.38777878078145E-17));
#3005=CARTESIAN_POINT('',(8.41333018452498,0.,6.93889390390723E-18));
#3006=CARTESIAN_POINT('',(8.43881776713526,0.,-0.0709319811070284));
#3007=CARTESIAN_POINT('',(8.42607505245008,0.,-0.0712672422838678));
#3008=CARTESIAN_POINT('',(8.41333018452498,0.,-0.0715341579589261));
#3009=CARTESIAN_POINT('',(8.4005842632798,0.,6.93889390390723E-18));
#3010=CARTESIAN_POINT('',(8.39421130265721,0.,6.93889390390723E-18));
#3011=CARTESIAN_POINT('',(8.38783790779485,0.,0.));
#3012=CARTESIAN_POINT('',(8.4005842632798,0.,-0.071718192084365));
#3013=CARTESIAN_POINT('',(8.39421130265721,0.,-0.0718102091470845));
#3014=CARTESIAN_POINT('',(8.38783790779485,0.,-0.0718835455832302));
#3015=CARTESIAN_POINT('',(8.38146445204974,0.,0.));
#3016=CARTESIAN_POINT('',(8.37509099630463,0.,6.93889390390723E-18));
#3017=CARTESIAN_POINT('',(8.36871752348018,0.,-1.38777878078145E-17));
#3018=CARTESIAN_POINT('',(8.38146445204974,0.,-0.0719342573995969));
#3019=CARTESIAN_POINT('',(8.37509099630463,0.,-0.0719849692159636));
#3020=CARTESIAN_POINT('',(8.36871752348018,0.,-0.0720125361511232));
#3021=CARTESIAN_POINT('',(8.36234381080747,0.,-6.93889390390723E-18));
#3022=CARTESIAN_POINT('',(8.34959638546205,0.,-6.93889390390723E-18));
#3023=CARTESIAN_POINT('',(8.33684904780962,0.,6.93889390390723E-18));
#3024=CARTESIAN_POINT('',(8.36234381080747,0.,-0.0720192130724423));
#3025=CARTESIAN_POINT('',(8.34959638546205,0.,-0.0720325669150806));
#3026=CARTESIAN_POINT('',(8.33684904780962,0.,-0.0719523044020376));
#3027=CARTESIAN_POINT('',(8.3241029805396,0.,1.38777878078145E-17));
#3028=CARTESIAN_POINT('',(8.31135691326959,0.,2.08166817117217E-17));
#3029=CARTESIAN_POINT('',(8.29861239226,0.,6.93889390390723E-18));
#3030=CARTESIAN_POINT('',(8.3241029805396,0.,-0.071768722667961));
#3031=CARTESIAN_POINT('',(8.31135691326959,0.,-0.0715851409338844));
#3032=CARTESIAN_POINT('',(8.29861239226,0.,-0.0712955933460105));
#3033=CARTESIAN_POINT('',(8.28587189126808,0.,6.93889390390723E-18));
#3034=CARTESIAN_POINT('',(8.26039088928423,0.,1.38777878078145E-17));
#3035=CARTESIAN_POINT('',(8.23492280922676,0.,-6.93889390390723E-18));
#3036=CARTESIAN_POINT('',(8.28587189126808,0.,-0.0708831313325048));
#3037=CARTESIAN_POINT('',(8.26039088928423,0.,-0.0700582073054934));
#3038=CARTESIAN_POINT('',(8.23492280922676,0.,-0.0687569325917589));
#3039=CARTESIAN_POINT('',(8.20950510492936,0.,3.46944695195361E-17));
#3040=CARTESIAN_POINT('',(8.19679625278066,0.,4.85722573273506E-17));
#3041=CARTESIAN_POINT('',(8.18410174081717,0.,4.16333634234434E-17));
#3042=CARTESIAN_POINT('',(8.20950510492936,0.,-0.0667712750126515));
#3043=CARTESIAN_POINT('',(8.19679625278066,0.,-0.0657784462230978));
#3044=CARTESIAN_POINT('',(8.18410174081717,0.,-0.064607347177635));
#3045=CARTESIAN_POINT('',(8.1714295223579,0.,3.46944695195361E-17));
#3046=CARTESIAN_POINT('',(8.16509341312827,0.,4.16333634234434E-17));
#3047=CARTESIAN_POINT('',(8.15876389078842,0.,4.5102810375397E-17));
#3048=CARTESIAN_POINT('',(8.1714295223579,0.,-0.0632228445383115));
#3049=CARTESIAN_POINT('',(8.16509341312827,0.,-0.0625305932186497));
#3050=CARTESIAN_POINT('',(8.15876389078842,0.,-0.0617810987659837));
#3051=CARTESIAN_POINT('',(8.15244168884485,0.,5.55111512312578E-17));
#3052=CARTESIAN_POINT('',(8.14611948690128,0.,6.24500451351651E-17));
#3053=CARTESIAN_POINT('',(8.13980569724026,0.,5.89805981832114E-17));
#3054=CARTESIAN_POINT('',(8.15244168884485,0.,-0.0609714198051053));
#3055=CARTESIAN_POINT('',(8.14611948690128,0.,-0.0601617408442268));
#3056=CARTESIAN_POINT('',(8.13980569724026,0.,-0.0592876813802663));
#3057=CARTESIAN_POINT('',(8.13350267248451,0.,4.5102810375397E-17));
#3058=CARTESIAN_POINT('',(8.12719964772876,0.,2.77555756156289E-17));
#3059=CARTESIAN_POINT('',(8.12090776337774,0.,6.24500451351651E-17));
#3060=CARTESIAN_POINT('',(8.13350267248451,0.,-0.0583412273391292));
#3061=CARTESIAN_POINT('',(8.12719964772876,0.,-0.0573947732979921));
#3062=CARTESIAN_POINT('',(8.12090776337774,0.,-0.0563744201218188));
#3063=CARTESIAN_POINT('',(8.11463082606598,0.,5.89805981832114E-17));
#3064=CARTESIAN_POINT('',(8.10835388875422,0.,6.24500451351651E-17));
#3065=CARTESIAN_POINT('',(8.10209159605722,0.,6.59194920871187E-17));
#3066=CARTESIAN_POINT('',(8.11463082606598,0.,-0.0552678945889607));
#3067=CARTESIAN_POINT('',(8.10835388875422,0.,-0.0541613690561027));
#3068=CARTESIAN_POINT('',(8.10209159605722,0.,-0.0529694469318819));
#3069=CARTESIAN_POINT('',(8.09585216381668,0.,5.20417042793042E-17));
#3070=CARTESIAN_POINT('',(8.08961273157614,0.,3.46944695195361E-17));
#3071=CARTESIAN_POINT('',(8.08339471194594,0.,1.28369537222284E-16));
#3072=CARTESIAN_POINT('',(8.09585216381668,0.,-0.0516684961430067));
#3073=CARTESIAN_POINT('',(8.08961273157614,0.,-0.0503675453541316));
#3074=CARTESIAN_POINT('',(8.08339471194594,0.,-0.0489610133795466));
#3075=CARTESIAN_POINT('',(8.07721096243738,0.,1.2490009027033E-16));
#3076=CARTESIAN_POINT('',(8.07102721292881,0.,1.14491749414469E-16));
#3077=CARTESIAN_POINT('',(8.06487697772213,0.,5.55111512312578E-17));
#3078=CARTESIAN_POINT('',(8.07721096243738,0.,-0.0474165367362955));
#3079=CARTESIAN_POINT('',(8.07102721292881,0.,-0.0458720600930443));
#3080=CARTESIAN_POINT('',(8.06487697772213,0.,-0.0441906576648177));
#3081=CARTESIAN_POINT('',(8.0587833260496,0.,7.63278329429795E-17));
#3082=CARTESIAN_POINT('',(8.05268967437707,0.,1.07552855510562E-16));
#3083=CARTESIAN_POINT('',(8.04665120385916,0.,4.16333634234434E-17));
#3084=CARTESIAN_POINT('',(8.0587833260496,0.,-0.0423219387835534));
#3085=CARTESIAN_POINT('',(8.05268967437707,0.,-0.0404532199022892));
#3086=CARTESIAN_POINT('',(8.04665120385916,0.,-0.038398853945017));
#3087=CARTESIAN_POINT('',(8.04071928349981,0.,1.00613961606655E-16));
#3088=CARTESIAN_POINT('',(8.03775332332014,0.,1.14491749414469E-16));
#3089=CARTESIAN_POINT('',(8.03481625237272,0.,8.67361737988404E-17));
#3090=CARTESIAN_POINT('',(8.04071928349981,0.,-0.0360661432309772));
#3091=CARTESIAN_POINT('',(8.03775332332014,0.,-0.0348997878739572));
#3092=CARTESIAN_POINT('',(8.03481625237272,0.,-0.0336605820636311));
#3093=CARTESIAN_POINT('',(8.0319194272504,0.,1.14491749414469E-16));
#3094=CARTESIAN_POINT('',(8.03047101468924,0.,1.42247325030098E-16));
#3095=CARTESIAN_POINT('',(8.02903381455904,0.,1.73472347597681E-16));
#3096=CARTESIAN_POINT('',(8.0319194272504,0.,-0.0323316270156157));
#3097=CARTESIAN_POINT('',(8.03047101468924,0.,-0.031667149491608));
#3098=CARTESIAN_POINT('',(8.02903381455904,0.,-0.0309787287679366));
#3099=CARTESIAN_POINT('',(8.02760931816684,0.,1.89084858881472E-16));
#3100=CARTESIAN_POINT('',(8.02618482177464,0.,1.94289029309402E-16));
#3101=CARTESIAN_POINT('',(8.02477352958297,0.,1.35308431126191E-16));
#3102=CARTESIAN_POINT('',(8.02760931816684,0.,-0.0302644587482269));
#3103=CARTESIAN_POINT('',(8.02618482177464,0.,-0.0295501887285173));
#3104=CARTESIAN_POINT('',(8.02477352958297,0.,-0.0288092875866312));
#3105=CARTESIAN_POINT('',(8.02338048860879,0.,9.8879238130678E-17));
#3106=CARTESIAN_POINT('',(8.02059440666043,0.,2.77555756156289E-17));
#3107=CARTESIAN_POINT('',(8.01787227826417,0.,3.3133218391157E-16));
#3108=CARTESIAN_POINT('',(8.02338048860879,0.,-0.0280361102961255));
#3109=CARTESIAN_POINT('',(8.02059440666043,0.,-0.0264897557151138));
#3110=CARTESIAN_POINT('',(8.01787227826417,0.,-0.0248227145056583));
#3111=CARTESIAN_POINT('',(8.01527157206321,0.,2.0122792321331E-16));
#3112=CARTESIAN_POINT('',(8.01397121896274,0.,1.11022302462516E-16));
#3113=CARTESIAN_POINT('',(8.01270269785525,0.,3.12250225675825E-17));
#3114=CARTESIAN_POINT('',(8.01527157206321,0.,-0.0229801833319578));
#3115=CARTESIAN_POINT('',(8.01397121896274,0.,-0.0220589177451076));
#3116=CARTESIAN_POINT('',(8.01270269785525,0.,-0.0210927718790802));
#3117=CARTESIAN_POINT('',(8.01147757575529,0.,3.98986399474666E-17));
#3118=CARTESIAN_POINT('',(8.01025245365533,0.,9.0205620750794E-17));
#3119=CARTESIAN_POINT('',(8.00907180192574,0.,3.01841884819964E-16));
#3120=CARTESIAN_POINT('',(8.01147757575529,0.,-0.020073759585591));
#3121=CARTESIAN_POINT('',(8.01025245365533,0.,-0.0190547472921018));
#3122=CARTESIAN_POINT('',(8.00907180192574,0.,-0.0179819163535007));
#3123=CARTESIAN_POINT('',(8.00795429272739,0.,1.59594559789866E-16));
#3124=CARTESIAN_POINT('',(8.00683678352904,0.,1.73472347597681E-17));
#3125=CARTESIAN_POINT('',(8.00578399245015,0.,-1.2490009027033E-16));
#3126=CARTESIAN_POINT('',(8.00795429272739,0.,-0.016845739619806));
#3127=CARTESIAN_POINT('',(8.00683678352904,0.,-0.0157095628861114));
#3128=CARTESIAN_POINT('',(8.00578399245015,0.,-0.014508893192261));
#3129=CARTESIAN_POINT('',(8.00482650393921,0.,8.84708972748172E-17));
#3130=CARTESIAN_POINT('',(8.00386901542826,0.,2.83627288322208E-16));
#3131=CARTESIAN_POINT('',(8.00300675652454,0.,3.68628738645072E-16));
#3132=CARTESIAN_POINT('',(8.00482650393921,0.,-0.0132351589159288));
#3133=CARTESIAN_POINT('',(8.00386901542826,0.,-0.0119614246395965));
#3134=CARTESIAN_POINT('',(8.00300675652454,0.,-0.0106136389512388));
#3135=CARTESIAN_POINT('',(8.00228603738176,0.,2.41993924898765E-16));
#3136=CARTESIAN_POINT('',(8.00156531823898,0.,1.35742111995185E-16));
#3137=CARTESIAN_POINT('',(8.00098573717926,0.,-1.60461921527855E-17));
#3138=CARTESIAN_POINT('',(8.00228603738176,0.,-0.00919277730339158));
#3139=CARTESIAN_POINT('',(8.00156531823898,0.,-0.00777191565554434));
#3140=CARTESIAN_POINT('',(8.00098573717926,0.,-0.0062766440845787));
#3141=CARTESIAN_POINT('',(8.0005941197576,0.,-6.67868538251071E-17));
#3142=CARTESIAN_POINT('',(8.00039831104676,0.,-1.25333771139324E-16));
#3143=CARTESIAN_POINT('',(8.00024896317504,0.,-1.047339298621E-16));
#3144=CARTESIAN_POINT('',(8.0005941197576,0.,-0.00473218493808673));
#3145=CARTESIAN_POINT('',(8.00039831104676,0.,-0.00395995536484072));
#3146=CARTESIAN_POINT('',(8.00024896317504,0.,-0.00317539345189071));
#3147=CARTESIAN_POINT('',(8.0001494176849,0.,-8.15320033709099E-17));
#3148=CARTESIAN_POINT('',(8.00004987219475,0.,-3.57786716920216E-17));
#3149=CARTESIAN_POINT('',(8.,0.,0.));
#3150=CARTESIAN_POINT('',(8.,0.,0.));
#3151=CARTESIAN_POINT('',(8.0001494176849,0.,-0.00238502166306756));
#3152=CARTESIAN_POINT('',(8.00004987219475,0.,-0.00159464987424444));
#3153=CARTESIAN_POINT('',(8.,0.,-0.000795373780343279));
#3154=CARTESIAN_POINT('',(8.,0.,0.));
#3155=B_SPLINE_SURFACE_WITH_KNOTS('Surf_YGEIDFBZRS, WingGeom, 0, 4, upper',1,3,((#3156, #3157, #3158, #3162, #3163, #3164, #3168, #3169, #3170, #3174, #3175, #3176, #3180, #3181, #3182, #3186, #3187, #3188, #3192, #3193, #3194, #3198, #3199, #3200, #3204, #3205, #3206, #3210, #3211, #3212, #3216, #3217, #3218, #3222, #3223, #3224, #3228, #3229, #3230, #3234, #3235, #3236, #3240, #3241, #3242, #3246, #3247, #3248, #3252, #3253, #3254, #3258, #3259, #3260, #3264, #3265, #3266, #3270, #3271, #3272, #3276, #3277, #3278, #3282, #3283, #3284, #3288, #3289, #3290, #3294, #3295, #3296, #3300, #3301, #3302, #3306, #3307, #3308, #3312, #3313, #3314, #3318, #3319, #3320, #3324, #3325, #3326, #3330, #3331, #3332, #3336, #3337, #3338, #3342, #3343, #3344, #3348, #3349, #3350, #3354, #3355, #3356, #3357),(#3159, #3160, #3161, #3165, #3166, #3167, #3171, #3172, #3173, #3177, #3178, #3179, #3183, #3184, #3185, #3189, #3190, #3191, #3195, #3196, #3197, #3201, #3202, #3203, #3207, #3208, #3209, #3213, #3214, #3215, #3219, #3220, #3221, #3225, #3226, #3227, #3231, #3232, #3233, #3237, #3238, #3239, #3243, #3244, #3245, #3249, #3250, #3251, #3255, #3256, #3257, #3261, #3262, #3263, #3267, #3268, #3269, #3273, #3274, #3275, #3279, #3280, #3281, #3285, #3286, #3287, #3291, #3292, #3293, #3297, #3298, #3299, #3303, #3304, #3305, #3309, #3310, #3311, #3315, #3316, #3317, #3321, #3322, #3323, #3327, #3328, #3329, #3333, #3334, #3335, #3339, #3340, #3341, #3345, #3346, #3347, #3351, #3352, #3353, #3358, #3359, #3360, #3361)),.UNSPECIFIED.,.F.,.F.,.F.,(2,2),(4,3,3,3,3,3,3,3,3,3,3,3,3,3,3,3,3,3,3,3,3,3,3,3,3,3,3,3,3,3,3,3,3,3,4),(0.,1.),(0.,1.,2.,3.,4.,5.,6.,7.,8.,9.,10.,11.,12.,13.,14.,15.,16.,17.,18.,19.,20.,21.,22.,23.,24.,25.,26.,27.,28.,29.,30.,31.,32.,33.,34.),.PIECEWISE_BEZIER_KNOTS.);
#3156=CARTESIAN_POINT('',(8.,0.,0.));
#3157=CARTESIAN_POINT('',(8.,0.,0.));
#3158=CARTESIAN_POINT('',(8.00004987219475,0.,-3.57786716920216E-17));
#3159=CARTESIAN_POINT('',(8.,0.,0.));
#3160=CARTESIAN_POINT('',(8.,0.,0.000795373780343279));
#3161=CARTESIAN_POINT('',(8.00004987219475,0.,0.00159464987424437));
#3162=CARTESIAN_POINT('',(8.0001494176849,0.,-8.15320033709099E-17));
#3163=CARTESIAN_POINT('',(8.00024896317504,0.,-1.047339298621E-16));
#3164=CARTESIAN_POINT('',(8.00039831104676,0.,-1.25333771139324E-16));
#3165=CARTESIAN_POINT('',(8.0001494176849,0.,0.00238502166306739));
#3166=CARTESIAN_POINT('',(8.00024896317504,0.,0.0031753934518905));
#3167=CARTESIAN_POINT('',(8.00039831104676,0.,0.00395995536484047));
#3168=CARTESIAN_POINT('',(8.0005941197576,0.,-6.67868538251071E-17));
#3169=CARTESIAN_POINT('',(8.00098573717926,0.,-1.60461921527855E-17));
#3170=CARTESIAN_POINT('',(8.00156531823898,0.,1.35742111995185E-16));
#3171=CARTESIAN_POINT('',(8.0005941197576,0.,0.00473218493808659));
#3172=CARTESIAN_POINT('',(8.00098573717926,0.,0.00627664408457867));
#3173=CARTESIAN_POINT('',(8.00156531823898,0.,0.00777191565554461));
#3174=CARTESIAN_POINT('',(8.00228603738176,0.,2.41993924898765E-16));
#3175=CARTESIAN_POINT('',(8.00300675652454,0.,3.68628738645072E-16));
#3176=CARTESIAN_POINT('',(8.00386901542826,0.,2.83627288322208E-16));
#3177=CARTESIAN_POINT('',(8.00228603738176,0.,0.00919277730339207));
#3178=CARTESIAN_POINT('',(8.00300675652454,0.,0.0106136389512395));
#3179=CARTESIAN_POINT('',(8.00386901542826,0.,0.0119614246395971));
#3180=CARTESIAN_POINT('',(8.00482650393921,0.,8.84708972748172E-17));
#3181=CARTESIAN_POINT('',(8.00578399245015,0.,-1.2490009027033E-16));
#3182=CARTESIAN_POINT('',(8.00683678352904,0.,1.73472347597681E-17));
#3183=CARTESIAN_POINT('',(8.00482650393921,0.,0.0132351589159289));
#3184=CARTESIAN_POINT('',(8.00578399245015,0.,0.0145088931922607));
#3185=CARTESIAN_POINT('',(8.00683678352904,0.,0.0157095628861114));
#3186=CARTESIAN_POINT('',(8.00795429272739,0.,1.59594559789866E-16));
#3187=CARTESIAN_POINT('',(8.00907180192574,0.,3.01841884819964E-16));
#3188=CARTESIAN_POINT('',(8.01025245365533,0.,9.0205620750794E-17));
#3189=CARTESIAN_POINT('',(8.00795429272739,0.,0.0168457396198063));
#3190=CARTESIAN_POINT('',(8.00907180192574,0.,0.0179819163535013));
#3191=CARTESIAN_POINT('',(8.01025245365533,0.,0.019054747292102));
#3192=CARTESIAN_POINT('',(8.01147757575529,0.,3.98986399474666E-17));
#3193=CARTESIAN_POINT('',(8.01270269785525,0.,3.12250225675825E-17));
#3194=CARTESIAN_POINT('',(8.01397121896274,0.,1.11022302462516E-16));
#3195=CARTESIAN_POINT('',(8.01147757575529,0.,0.0200737595855911));
#3196=CARTESIAN_POINT('',(8.01270269785525,0.,0.0210927718790803));
#3197=CARTESIAN_POINT('',(8.01397121896274,0.,0.0220589177451078));
#3198=CARTESIAN_POINT('',(8.01527157206321,0.,2.0122792321331E-16));
#3199=CARTESIAN_POINT('',(8.01787227826417,0.,3.3133218391157E-16));
#3200=CARTESIAN_POINT('',(8.02059440666043,0.,2.77555756156289E-17));
#3201=CARTESIAN_POINT('',(8.01527157206321,0.,0.0229801833319582));
#3202=CARTESIAN_POINT('',(8.01787227826417,0.,0.024822714505659));
#3203=CARTESIAN_POINT('',(8.02059440666043,0.,0.0264897557151139));
#3204=CARTESIAN_POINT('',(8.02338048860879,0.,9.8879238130678E-17));
#3205=CARTESIAN_POINT('',(8.02477352958297,0.,1.35308431126191E-16));
#3206=CARTESIAN_POINT('',(8.02618482177464,0.,1.94289029309402E-16));
#3207=CARTESIAN_POINT('',(8.02338048860879,0.,0.0280361102961256));
#3208=CARTESIAN_POINT('',(8.02477352958297,0.,0.0288092875866315));
#3209=CARTESIAN_POINT('',(8.02618482177464,0.,0.0295501887285176));
#3210=CARTESIAN_POINT('',(8.02760931816684,0.,1.89084858881472E-16));
#3211=CARTESIAN_POINT('',(8.02903381455904,0.,1.73472347597681E-16));
#3212=CARTESIAN_POINT('',(8.03047101468924,0.,1.42247325030098E-16));
#3213=CARTESIAN_POINT('',(8.02760931816684,0.,0.0302644587482273));
#3214=CARTESIAN_POINT('',(8.02903381455904,0.,0.030978728767937));
#3215=CARTESIAN_POINT('',(8.03047101468924,0.,0.0316671494916082));
#3216=CARTESIAN_POINT('',(8.0319194272504,0.,1.14491749414469E-16));
#3217=CARTESIAN_POINT('',(8.03481625237272,0.,8.67361737988404E-17));
#3218=CARTESIAN_POINT('',(8.03775332332014,0.,1.14491749414469E-16));
#3219=CARTESIAN_POINT('',(8.0319194272504,0.,0.0323316270156159));
#3220=CARTESIAN_POINT('',(8.03481625237272,0.,0.0336605820636313));
#3221=CARTESIAN_POINT('',(8.03775332332014,0.,0.0348997878739575));
#3222=CARTESIAN_POINT('',(8.04071928349981,0.,1.00613961606655E-16));
#3223=CARTESIAN_POINT('',(8.04665120385916,0.,4.16333634234434E-17));
#3224=CARTESIAN_POINT('',(8.05268967437707,0.,1.07552855510562E-16));
#3225=CARTESIAN_POINT('',(8.04071928349981,0.,0.0360661432309774));
#3226=CARTESIAN_POINT('',(8.04665120385916,0.,0.0383988539450171));
#3227=CARTESIAN_POINT('',(8.05268967437707,0.,0.0404532199022894));
#3228=CARTESIAN_POINT('',(8.0587833260496,0.,7.63278329429795E-17));
#3229=CARTESIAN_POINT('',(8.06487697772213,0.,5.55111512312578E-17));
#3230=CARTESIAN_POINT('',(8.07102721292881,0.,1.14491749414469E-16));
#3231=CARTESIAN_POINT('',(8.0587833260496,0.,0.0423219387835536));
#3232=CARTESIAN_POINT('',(8.06487697772213,0.,0.0441906576648178));
#3233=CARTESIAN_POINT('',(8.07102721292881,0.,0.0458720600930446));
#3234=CARTESIAN_POINT('',(8.07721096243738,0.,1.2490009027033E-16));
#3235=CARTESIAN_POINT('',(8.08339471194594,0.,1.28369537222284E-16));
#3236=CARTESIAN_POINT('',(8.08961273157614,0.,3.46944695195361E-17));
#3237=CARTESIAN_POINT('',(8.07721096243738,0.,0.0474165367362957));
#3238=CARTESIAN_POINT('',(8.08339471194594,0.,0.0489610133795469));
#3239=CARTESIAN_POINT('',(8.08961273157614,0.,0.0503675453541316));
#3240=CARTESIAN_POINT('',(8.09585216381668,0.,5.20417042793042E-17));
#3241=CARTESIAN_POINT('',(8.10209159605722,0.,6.59194920871187E-17));
#3242=CARTESIAN_POINT('',(8.10835388875422,0.,6.24500451351651E-17));
#3243=CARTESIAN_POINT('',(8.09585216381668,0.,0.0516684961430069));
#3244=CARTESIAN_POINT('',(8.10209159605722,0.,0.0529694469318821));
#3245=CARTESIAN_POINT('',(8.10835388875422,0.,0.0541613690561028));
#3246=CARTESIAN_POINT('',(8.11463082606598,0.,5.89805981832114E-17));
#3247=CARTESIAN_POINT('',(8.12090776337774,0.,6.24500451351651E-17));
#3248=CARTESIAN_POINT('',(8.12719964772876,0.,2.77555756156289E-17));
#3249=CARTESIAN_POINT('',(8.11463082606598,0.,0.0552678945889609));
#3250=CARTESIAN_POINT('',(8.12090776337774,0.,0.0563744201218189));
#3251=CARTESIAN_POINT('',(8.12719964772876,0.,0.0573947732979922));
#3252=CARTESIAN_POINT('',(8.13350267248451,0.,4.5102810375397E-17));
#3253=CARTESIAN_POINT('',(8.13980569724026,0.,5.89805981832114E-17));
#3254=CARTESIAN_POINT('',(8.14611948690128,0.,6.24500451351651E-17));
#3255=CARTESIAN_POINT('',(8.13350267248451,0.,0.0583412273391293));
#3256=CARTESIAN_POINT('',(8.13980569724026,0.,0.0592876813802664));
#3257=CARTESIAN_POINT('',(8.14611948690128,0.,0.060161740844227));
#3258=CARTESIAN_POINT('',(8.15244168884485,0.,5.55111512312578E-17));
#3259=CARTESIAN_POINT('',(8.15876389078842,0.,4.5102810375397E-17));
#3260=CARTESIAN_POINT('',(8.16509341312827,0.,4.16333634234434E-17));
#3261=CARTESIAN_POINT('',(8.15244168884485,0.,0.0609714198051054));
#3262=CARTESIAN_POINT('',(8.15876389078842,0.,0.0617810987659838));
#3263=CARTESIAN_POINT('',(8.16509341312827,0.,0.0625305932186498));
#3264=CARTESIAN_POINT('',(8.1714295223579,0.,3.46944695195361E-17));
#3265=CARTESIAN_POINT('',(8.18410174081717,0.,4.16333634234434E-17));
#3266=CARTESIAN_POINT('',(8.19679625278066,0.,4.85722573273506E-17));
#3267=CARTESIAN_POINT('',(8.1714295223579,0.,0.0632228445383116));
#3268=CARTESIAN_POINT('',(8.18410174081717,0.,0.0646073471776351));
#3269=CARTESIAN_POINT('',(8.19679625278066,0.,0.0657784462230979));
#3270=CARTESIAN_POINT('',(8.20950510492936,0.,3.46944695195361E-17));
#3271=CARTESIAN_POINT('',(8.23492280922676,0.,-6.93889390390723E-18));
#3272=CARTESIAN_POINT('',(8.26039088928423,0.,1.38777878078145E-17));
#3273=CARTESIAN_POINT('',(8.20950510492936,0.,0.0667712750126516));
#3274=CARTESIAN_POINT('',(8.23492280922676,0.,0.0687569325917589));
#3275=CARTESIAN_POINT('',(8.26039088928423,0.,0.0700582073054934));
#3276=CARTESIAN_POINT('',(8.28587189126808,0.,6.93889390390723E-18));
#3277=CARTESIAN_POINT('',(8.29861239226,0.,6.93889390390723E-18));
#3278=CARTESIAN_POINT('',(8.31135691326959,0.,2.08166817117217E-17));
#3279=CARTESIAN_POINT('',(8.28587189126808,0.,0.0708831313325048));
#3280=CARTESIAN_POINT('',(8.29861239226,0.,0.0712955933460105));
#3281=CARTESIAN_POINT('',(8.31135691326959,0.,0.0715851409338845));
#3282=CARTESIAN_POINT('',(8.3241029805396,0.,1.38777878078145E-17));
#3283=CARTESIAN_POINT('',(8.33684904780962,0.,6.93889390390723E-18));
#3284=CARTESIAN_POINT('',(8.34959638546205,0.,-6.93889390390723E-18));
#3285=CARTESIAN_POINT('',(8.3241029805396,0.,0.0717687226679611));
#3286=CARTESIAN_POINT('',(8.33684904780962,0.,0.0719523044020376));
#3287=CARTESIAN_POINT('',(8.34959638546205,0.,0.0720325669150806));
#3288=CARTESIAN_POINT('',(8.36234381080747,0.,-6.93889390390723E-18));
#3289=CARTESIAN_POINT('',(8.36871752348018,0.,-1.38777878078145E-17));
#3290=CARTESIAN_POINT('',(8.37509099630463,0.,6.93889390390723E-18));
#3291=CARTESIAN_POINT('',(8.36234381080747,0.,0.0720192130724423));
#3292=CARTESIAN_POINT('',(8.36871752348018,0.,0.0720125361511232));
#3293=CARTESIAN_POINT('',(8.37509099630463,0.,0.0719849692159636));
#3294=CARTESIAN_POINT('',(8.38146445204974,0.,0.));
#3295=CARTESIAN_POINT('',(8.38783790779485,0.,0.));
#3296=CARTESIAN_POINT('',(8.39421130265721,0.,6.93889390390723E-18));
#3297=CARTESIAN_POINT('',(8.38146445204974,0.,0.0719342573995969));
#3298=CARTESIAN_POINT('',(8.38783790779485,0.,0.0718835455832302));
#3299=CARTESIAN_POINT('',(8.39421130265721,0.,0.0718102091470845));
#3300=CARTESIAN_POINT('',(8.4005842632798,0.,6.93889390390723E-18));
#3301=CARTESIAN_POINT('',(8.41333018452498,0.,6.93889390390723E-18));
#3302=CARTESIAN_POINT('',(8.42607505245008,0.,-1.38777878078145E-17));
#3303=CARTESIAN_POINT('',(8.4005842632798,0.,0.071718192084365));
#3304=CARTESIAN_POINT('',(8.41333018452498,0.,0.0715341579589261));
#3305=CARTESIAN_POINT('',(8.42607505245008,0.,0.0712672422838678));
#3306=CARTESIAN_POINT('',(8.43881776713526,0.,-2.08166817117217E-17));
#3307=CARTESIAN_POINT('',(8.45156048182043,0.,-2.77555756156289E-17));
#3308=CARTESIAN_POINT('',(8.46430153114013,0.,-2.08166817117217E-17));
#3309=CARTESIAN_POINT('',(8.43881776713526,0.,0.0709319811070283));
#3310=CARTESIAN_POINT('',(8.45156048182043,0.,0.0705967199301889));
#3311=CARTESIAN_POINT('',(8.46430153114013,0.,0.0701864422731194));
#3312=CARTESIAN_POINT('',(8.47704002553982,0.,-2.77555756156289E-17));
#3313=CARTESIAN_POINT('',(8.48977851993951,0.,-2.77555756156289E-17));
#3314=CARTESIAN_POINT('',(8.50251468288069,0.,-2.77555756156289E-17));
#3315=CARTESIAN_POINT('',(8.47704002553982,0.,0.0697143321779985));
#3316=CARTESIAN_POINT('',(8.48977851993951,0.,0.0692422220828776));
#3317=CARTESIAN_POINT('',(8.50251468288069,0.,0.0687056526845365));
#3318=CARTESIAN_POINT('',(8.51524812375033,0.,-2.77555756156289E-17));
#3319=CARTESIAN_POINT('',(8.54071500548961,0.,-2.77555756156289E-17));
#3320=CARTESIAN_POINT('',(8.56617102657102,0.,-4.85722573273506E-17));
#3321=CARTESIAN_POINT('',(8.51524812375033,0.,0.0681116250814764));
#3322=CARTESIAN_POINT('',(8.54071500548961,0.,0.0669235698753561));
#3323=CARTESIAN_POINT('',(8.56617102657102,0.,0.0655086897269522));
#3324=CARTESIAN_POINT('',(8.59161512743867,0.,-4.16333634234434E-17));
#3325=CARTESIAN_POINT('',(8.61705922830632,0.,-3.46944695195361E-17));
#3326=CARTESIAN_POINT('',(8.64249142575052,0.,-2.42861286636753E-17));
#3327=CARTESIAN_POINT('',(8.59161512743867,0.,0.0639046066370627));
#3328=CARTESIAN_POINT('',(8.61705922830632,0.,0.0623005235471731));
#3329=CARTESIAN_POINT('',(8.64249142575052,0.,0.0605126896167305));
#3330=CARTESIAN_POINT('',(8.66791161701906,0.,-2.42861286636753E-17));
#3331=CARTESIAN_POINT('',(8.69333180828759,0.,-2.08166817117217E-17));
#3332=CARTESIAN_POINT('',(8.71874003034476,0.,-2.77555756156289E-17));
#3333=CARTESIAN_POINT('',(8.66791161701906,0.,0.0585665068198907));
#3334=CARTESIAN_POINT('',(8.6933318082876,0.,0.0566203240230509));
#3335=CARTESIAN_POINT('',(8.71874003034476,0.,0.0545206654599103));
#3336=CARTESIAN_POINT('',(8.74413651834297,0.,-2.77555756156289E-17));
#3337=CARTESIAN_POINT('',(8.76953300634119,0.,-2.77555756156289E-17));
#3338=CARTESIAN_POINT('',(8.79491778891192,0.,-4.85722573273506E-17));
#3339=CARTESIAN_POINT('',(8.74413651834297,0.,0.0522870418163721));
#3340=CARTESIAN_POINT('',(8.76953300634119,0.,0.0500534181728339));
#3341=CARTESIAN_POINT('',(8.79491778891192,0.,0.0476874296789991));
#3342=CARTESIAN_POINT('',(8.82029114644232,0.,-4.85722573273506E-17));
#3343=CARTESIAN_POINT('',(8.84566450397271,0.,-5.20417042793042E-17));
#3344=CARTESIAN_POINT('',(8.87102642283267,0.,-4.16333634234434E-17));
#3345=CARTESIAN_POINT('',(8.82029114644232,0.,0.0452055465663983));
#3346=CARTESIAN_POINT('',(8.84566450397271,0.,0.0427236634537974));
#3347=CARTESIAN_POINT('',(8.87102642283267,0.,0.0401243658089589));
#3348=CARTESIAN_POINT('',(8.89637698714064,0.,-3.81639164714898E-17));
#3349=CARTESIAN_POINT('',(8.9470781157566,0.,-2.42861286636753E-17));
#3350=CARTESIAN_POINT('',(8.99773430011267,0.,1.04083408558608E-17));
#3351=CARTESIAN_POINT('',(8.89637698714064,0.,0.0374190794289765));
#3352=CARTESIAN_POINT('',(8.9470781157566,0.,0.0320085066690118));
#3353=CARTESIAN_POINT('',(8.99773430011267,0.,0.0261782356087625));
#3354=CARTESIAN_POINT('',(9.04834114370328,0.,6.93889390390723E-18));
#3355=CARTESIAN_POINT('',(9.09894798729389,0.,-1.73472347597681E-18));
#3356=CARTESIAN_POINT('',(9.14950566120321,0.,7.3899220076612E-16));
#3357=CARTESIAN_POINT('',(9.2,0.,0.));
#3358=CARTESIAN_POINT('',(9.04834114370328,0.,0.0199474436475474));
#3359=CARTESIAN_POINT('',(9.09894798729389,0.,0.0137166516863322));
#3360=CARTESIAN_POINT('',(9.14950566120319,0.,0.0070848563061016));
#3361=CARTESIAN_POINT('',(9.2,0.,0.));
#3362=B_SPLINE_SURFACE_WITH_KNOTS('Surf_YGEIDFBZRS, WingGeom, 0, 7, lower',1,3,((#3363, #3364, #3365, #3369, #3370, #3371, #3375, #3376, #3377, #3381, #3382, #3383, #3387, #3388, #3389, #3393, #3394, #3395, #3399, #3400, #3401, #3405, #3406, #3407, #3411, #3412, #3413, #3417, #3418, #3419, #3423, #3424, #3425, #3429, #3430, #3431, #3435, #3436, #3437, #3441, #3442, #3443, #3447, #3448, #3449, #3453, #3454, #3455, #3459, #3460, #3461, #3465, #3466, #3467, #3471, #3472, #3473, #3477, #3478, #3479, #3483, #3484, #3485, #3489, #3490, #3491, #3495, #3496, #3497, #3501, #3502, #3503, #3507, #3508, #3509, #3513, #3514, #3515, #3519, #3520, #3521, #3525, #3526, #3527, #3531, #3532, #3533, #3537, #3538, #3539, #3543, #3544, #3545, #3549, #3550, #3551, #3555, #3556, #3557, #3561, #3562, #3563, #3564),(#3366, #3367, #3368, #3372, #3373, #3374, #3378, #3379, #3380, #3384, #3385, #3386, #3390, #3391, #3392, #3396, #3397, #3398, #3402, #3403, #3404, #3408, #3409, #3410, #3414, #3415, #3416, #3420, #3421, #3422, #3426, #3427, #3428, #3432, #3433, #3434, #3438, #3439, #3440, #3444, #3445, #3446, #3450, #3451, #3452, #3456, #3457, #3458, #3462, #3463, #3464, #3468, #3469, #3470, #3474, #3475, #3476, #3480, #3481, #3482, #3486, #3487, #3488, #3492, #3493, #3494, #3498, #3499, #3500, #3504, #3505, #3506, #3510, #3511, #3512, #3516, #3517, #3518, #3522, #3523, #3524, #3528, #3529, #3530, #3534, #3535, #3536, #3540, #3541, #3542, #3546, #3547, #3548, #3552, #3553, #3554, #3558, #3559, #3560, #3565, #3566, #3567, #3568)),.UNSPECIFIED.,.F.,.F.,.F.,(2,2),(4,3,3,3,3,3,3,3,3,3,3,3,3,3,3,3,3,3,3,3,3,3,3,3,3,3,3,3,3,3,3,3,3,3,4),(0.,1.),(0.,1.,2.,3.,4.,5.,6.,7.,8.,9.,10.,11.,12.,13.,14.,15.,16.,17.,18.,19.,20.,21.,22.,23.,24.,25.,26.,27.,28.,29.,30.,31.,32.,33.,34.),.PIECEWISE_BEZIER_KNOTS.);
#3363=CARTESIAN_POINT('',(9.2,0.,0.));
#3364=CARTESIAN_POINT('',(9.14950566120323,0.,-0.00708485630610012));
#3365=CARTESIAN_POINT('',(9.09894798729389,0.,-0.0137166516863323));
#3366=CARTESIAN_POINT('',(9.28589838486224,2.,0.));
#3367=CARTESIAN_POINT('',(9.26065121546386,2.,-0.00354242815305006));
#3368=CARTESIAN_POINT('',(9.23537237850919,2.,-0.00685832584316613));
#3369=CARTESIAN_POINT('',(9.04834114370328,0.,-0.0199474436475474));
#3370=CARTESIAN_POINT('',(8.99773430011267,0.,-0.0261782356087625));
#3371=CARTESIAN_POINT('',(8.9470781157566,0.,-0.0320085066690118));
#3372=CARTESIAN_POINT('',(9.21006895671388,2.,-0.00997372182377368));
#3373=CARTESIAN_POINT('',(9.18476553491858,2.,-0.0130891178043812));
#3374=CARTESIAN_POINT('',(9.15943744274054,2.,-0.0160042533345059));
#3375=CARTESIAN_POINT('',(8.89637698714064,0.,-0.0374190794289766));
#3376=CARTESIAN_POINT('',(8.87102642283267,0.,-0.040124365808959));
#3377=CARTESIAN_POINT('',(8.84566450397271,0.,-0.0427236634537975));
#3378=CARTESIAN_POINT('',(9.13408687843257,2.,-0.0187095397144883));
#3379=CARTESIAN_POINT('',(9.12141159627858,2.,-0.0200621829044795));
#3380=CARTESIAN_POINT('',(9.1087306368486,2.,-0.0213618317268988));
#3381=CARTESIAN_POINT('',(8.82029114644232,0.,-0.0452055465663984));
#3382=CARTESIAN_POINT('',(8.79491778891192,0.,-0.0476874296789992));
#3383=CARTESIAN_POINT('',(8.76953300634119,0.,-0.050053418172834));
#3384=CARTESIAN_POINT('',(9.0960439580834,2.,-0.0226027732831992));
#3385=CARTESIAN_POINT('',(9.08335727931821,2.,-0.0238437148394996));
#3386=CARTESIAN_POINT('',(9.07066488803284,2.,-0.025026709086417));
#3387=CARTESIAN_POINT('',(8.74413651834297,0.,-0.0522870418163721));
#3388=CARTESIAN_POINT('',(8.71874003034476,0.,-0.0545206654599103));
#3389=CARTESIAN_POINT('',(8.69333180828759,0.,-0.0566203240230509));
#3390=CARTESIAN_POINT('',(9.05796664403373,2.,-0.0261435209081861));
#3391=CARTESIAN_POINT('',(9.04526840003462,2.,-0.0272603327299552));
#3392=CARTESIAN_POINT('',(9.03256428900604,2.,-0.0283101620115255));
#3393=CARTESIAN_POINT('',(8.66791161701906,0.,-0.0585665068198907));
#3394=CARTESIAN_POINT('',(8.64249142575052,0.,-0.0605126896167305));
#3395=CARTESIAN_POINT('',(8.61705922830632,0.,-0.0623005235471732));
#3396=CARTESIAN_POINT('',(9.01985419337177,2.,-0.0292832534099454));
#3397=CARTESIAN_POINT('',(9.00714409773751,2.,-0.0302563448083653));
#3398=CARTESIAN_POINT('',(8.9944279990154,2.,-0.0311502617735866));
#3399=CARTESIAN_POINT('',(8.59161512743867,0.,-0.0639046066370627));
#3400=CARTESIAN_POINT('',(8.56617102657102,0.,-0.0655086897269523));
#3401=CARTESIAN_POINT('',(8.54071500548961,0.,-0.0669235698753561));
#3402=CARTESIAN_POINT('',(8.98170594858158,2.,-0.0319523033185314));
#3403=CARTESIAN_POINT('',(8.96898389814776,2.,-0.0327543448634761));
#3404=CARTESIAN_POINT('',(8.95625588760705,2.,-0.0334617849376781));
#3405=CARTESIAN_POINT('',(8.51524812375033,0.,-0.0681116250814764));
#3406=CARTESIAN_POINT('',(8.50251468288069,0.,-0.0687056526845366));
#3407=CARTESIAN_POINT('',(8.48977851993951,0.,-0.0692422220828776));
#3408=CARTESIAN_POINT('',(8.94352244673741,2.,-0.0340558125407382));
#3409=CARTESIAN_POINT('',(8.93715572630259,2.,-0.0343528263422683));
#3410=CARTESIAN_POINT('',(8.930787644832,2.,-0.0346211110414388));
#3411=CARTESIAN_POINT('',(8.47704002553982,0.,-0.0697143321779985));
#3412=CARTESIAN_POINT('',(8.46430153114013,0.,-0.0701864422731194));
#3413=CARTESIAN_POINT('',(8.45156048182043,0.,-0.0705967199301889));
#3414=CARTESIAN_POINT('',(8.92441839763215,2.,-0.0348571660889993));
#3415=CARTESIAN_POINT('',(8.91804915043231,2.,-0.0350932211365597));
#3416=CARTESIAN_POINT('',(8.91167862577246,2.,-0.0352983599650945));
#3417=CARTESIAN_POINT('',(8.43881776713526,0.,-0.0709319811070284));
#3418=CARTESIAN_POINT('',(8.42607505245008,0.,-0.0712672422838678));
#3419=CARTESIAN_POINT('',(8.41333018452498,0.,-0.0715341579589261));
#3420=CARTESIAN_POINT('',(8.90530726842987,2.,-0.0354659905535142));
#3421=CARTESIAN_POINT('',(8.89893591108729,2.,-0.0356336211419339));
#3422=CARTESIAN_POINT('',(8.89256347712474,2.,-0.0357670789794631));
#3423=CARTESIAN_POINT('',(8.4005842632798,0.,-0.071718192084365));
#3424=CARTESIAN_POINT('',(8.39421130265721,0.,-0.0718102091470845));
#3425=CARTESIAN_POINT('',(8.38783790779485,0.,-0.0718835455832302));
#3426=CARTESIAN_POINT('',(8.88619051650214,2.,-0.0358590960421825));
#3427=CARTESIAN_POINT('',(8.88300403619085,2.,-0.0359051045735423));
#3428=CARTESIAN_POINT('',(8.87981733875967,2.,-0.0359417727916151));
#3429=CARTESIAN_POINT('',(8.38146445204974,0.,-0.0719342573995969));
#3430=CARTESIAN_POINT('',(8.37509099630463,0.,-0.0719849692159636));
#3431=CARTESIAN_POINT('',(8.36871752348018,0.,-0.0720125361511232));
#3432=CARTESIAN_POINT('',(8.87663061088712,2.,-0.0359671286997985));
#3433=CARTESIAN_POINT('',(8.87344388301456,2.,-0.0359924846079818));
#3434=CARTESIAN_POINT('',(8.87025714660234,2.,-0.0360062680755616));
#3435=CARTESIAN_POINT('',(8.36234381080747,0.,-0.0720192130724423));
#3436=CARTESIAN_POINT('',(8.34959638546205,0.,-0.0720325669150806));
#3437=CARTESIAN_POINT('',(8.33684904780962,0.,-0.0719523044020376));
#3438=CARTESIAN_POINT('',(8.86707029026598,2.,-0.0360096065362212));
#3439=CARTESIAN_POINT('',(8.86069657759327,2.,-0.0360162834575403));
#3440=CARTESIAN_POINT('',(8.85432290876706,2.,-0.0359761522010188));
#3441=CARTESIAN_POINT('',(8.3241029805396,0.,-0.071768722667961));
#3442=CARTESIAN_POINT('',(8.31135691326959,0.,-0.0715851409338844));
#3443=CARTESIAN_POINT('',(8.29861239226,0.,-0.0712955933460105));
#3444=CARTESIAN_POINT('',(8.84794987513205,2.,-0.0358843613339805));
#3445=CARTESIAN_POINT('',(8.84157684149704,2.,-0.0357925704669422));
#3446=CARTESIAN_POINT('',(8.83520458099224,2.,-0.0356477966730053));
#3447=CARTESIAN_POINT('',(8.28587189126808,0.,-0.0708831313325048));
#3448=CARTESIAN_POINT('',(8.26039088928423,0.,-0.0700582073054934));
#3449=CARTESIAN_POINT('',(8.23492280922676,0.,-0.0687569325917589));
#3450=CARTESIAN_POINT('',(8.82883433049628,2.,-0.0354415656662524));
#3451=CARTESIAN_POINT('',(8.81609382950436,2.,-0.0350291036527467));
#3452=CARTESIAN_POINT('',(8.80335978947562,2.,-0.0343784662958794));
#3453=CARTESIAN_POINT('',(8.20950510492936,0.,-0.0667712750126515));
#3454=CARTESIAN_POINT('',(8.19679625278066,0.,-0.0657784462230978));
#3455=CARTESIAN_POINT('',(8.18410174081717,0.,-0.064607347177635));
#3456=CARTESIAN_POINT('',(8.79065093732692,2.,-0.0333856375063257));
#3457=CARTESIAN_POINT('',(8.78429651125257,2.,-0.0328892231115489));
#3458=CARTESIAN_POINT('',(8.77794925527083,2.,-0.0323036735888175));
#3459=CARTESIAN_POINT('',(8.1714295223579,0.,-0.0632228445383115));
#3460=CARTESIAN_POINT('',(8.16509341312827,0.,-0.0625305932186497));
#3461=CARTESIAN_POINT('',(8.15876389078842,0.,-0.0617810987659837));
#3462=CARTESIAN_POINT('',(8.7716131460412,2.,-0.0316114222691558));
#3463=CARTESIAN_POINT('',(8.76844509142638,2.,-0.0312652966093249));
#3464=CARTESIAN_POINT('',(8.76528033025645,2.,-0.0308905493829919));
#3465=CARTESIAN_POINT('',(8.15244168884485,0.,-0.0609714198051053));
#3466=CARTESIAN_POINT('',(8.14611948690128,0.,-0.0601617408442268));
#3467=CARTESIAN_POINT('',(8.13980569724026,0.,-0.0592876813802663));
#3468=CARTESIAN_POINT('',(8.76211922928467,2.,-0.0304857099025526));
#3469=CARTESIAN_POINT('',(8.75895812831288,2.,-0.0300808704221134));
#3470=CARTESIAN_POINT('',(8.75580123348238,2.,-0.0296438406901331));
#3471=CARTESIAN_POINT('',(8.13350267248451,0.,-0.0583412273391292));
#3472=CARTESIAN_POINT('',(8.12719964772876,0.,-0.0573947732979921));
#3473=CARTESIAN_POINT('',(8.12090776337774,0.,-0.0563744201218188));
#3474=CARTESIAN_POINT('',(8.7526497211045,2.,-0.0291706136695646));
#3475=CARTESIAN_POINT('',(8.74949820872662,2.,-0.0286973866489961));
#3476=CARTESIAN_POINT('',(8.74635226655112,2.,-0.0281872100609094));
#3477=CARTESIAN_POINT('',(8.11463082606598,0.,-0.0552678945889607));
#3478=CARTESIAN_POINT('',(8.10835388875422,0.,-0.0541613690561027));
#3479=CARTESIAN_POINT('',(8.10209159605722,0.,-0.0529694469318819));
#3480=CARTESIAN_POINT('',(8.74321379789524,2.,-0.0276339472944804));
#3481=CARTESIAN_POINT('',(8.74007532923935,2.,-0.0270806845280514));
#3482=CARTESIAN_POINT('',(8.73694418289086,2.,-0.026484723465941));
#3483=CARTESIAN_POINT('',(8.09585216381668,0.,-0.0516684961430067));
#3484=CARTESIAN_POINT('',(8.08961273157614,0.,-0.0503675453541316));
#3485=CARTESIAN_POINT('',(8.08339471194594,0.,-0.0489610133795466));
#3486=CARTESIAN_POINT('',(8.73382446677059,2.,-0.0258342480715034));
#3487=CARTESIAN_POINT('',(8.73070475065031,2.,-0.0251837726770658));
#3488=CARTESIAN_POINT('',(8.72759574083522,2.,-0.0244805066897733));
#3489=CARTESIAN_POINT('',(8.07721096243738,0.,-0.0474165367362955));
#3490=CARTESIAN_POINT('',(8.07102721292881,0.,-0.0458720600930443));
#3491=CARTESIAN_POINT('',(8.06487697772213,0.,-0.0441906576648177));
#3492=CARTESIAN_POINT('',(8.72450386608093,2.,-0.0237082683681477));
#3493=CARTESIAN_POINT('',(8.72141199132665,2.,-0.0229360300465222));
#3494=CARTESIAN_POINT('',(8.71833687372331,2.,-0.0220953288324089));
#3495=CARTESIAN_POINT('',(8.0587833260496,0.,-0.0423219387835534));
#3496=CARTESIAN_POINT('',(8.05268967437707,0.,-0.0404532199022892));
#3497=CARTESIAN_POINT('',(8.04665120385916,0.,-0.038398853945017));
#3498=CARTESIAN_POINT('',(8.71529004788704,2.,-0.0211609693917767));
#3499=CARTESIAN_POINT('',(8.71224322205078,2.,-0.0202266099511446));
#3500=CARTESIAN_POINT('',(8.70922398679183,2.,-0.0191994269725085));
#3501=CARTESIAN_POINT('',(8.04071928349981,0.,-0.0360661432309772));
#3502=CARTESIAN_POINT('',(8.03775332332014,0.,-0.0348997878739572));
#3503=CARTESIAN_POINT('',(8.03481625237272,0.,-0.0336605820636311));
#3504=CARTESIAN_POINT('',(8.70625802661215,2.,-0.0180330716154886));
#3505=CARTESIAN_POINT('',(8.70477504652231,2.,-0.0174498939369786));
#3506=CARTESIAN_POINT('',(8.70330651104861,2.,-0.0168302910318155));
#3507=CARTESIAN_POINT('',(8.0319194272504,0.,-0.0323316270156157));
#3508=CARTESIAN_POINT('',(8.03047101468924,0.,-0.031667149491608));
#3509=CARTESIAN_POINT('',(8.02903381455904,0.,-0.0309787287679366));
#3510=CARTESIAN_POINT('',(8.70185809848745,2.,-0.0161658135078078));
#3511=CARTESIAN_POINT('',(8.70113389220687,2.,-0.015833574745804));
#3512=CARTESIAN_POINT('',(8.70041529214177,2.,-0.0154893643839683));
#3513=CARTESIAN_POINT('',(8.02760931816684,0.,-0.0302644587482269));
#3514=CARTESIAN_POINT('',(8.02618482177464,0.,-0.0295501887285173));
#3515=CARTESIAN_POINT('',(8.02477352958297,0.,-0.0288092875866312));
#3516=CARTESIAN_POINT('',(8.69970304394567,2.,-0.0151322293741135));
#3517=CARTESIAN_POINT('',(8.69899079574957,2.,-0.0147750943642586));
#3518=CARTESIAN_POINT('',(8.69828514965373,2.,-0.0144046437933156));
#3519=CARTESIAN_POINT('',(8.02338048860879,0.,-0.0280361102961255));
#3520=CARTESIAN_POINT('',(8.02059440666043,0.,-0.0264897557151138));
#3521=CARTESIAN_POINT('',(8.01787227826417,0.,-0.0248227145056583));
#3522=CARTESIAN_POINT('',(8.69758862916664,2.,-0.0140180551480627));
#3523=CARTESIAN_POINT('',(8.69619558819246,2.,-0.0132448778575569));
#3524=CARTESIAN_POINT('',(8.69483452399433,2.,-0.0124113572528292));
#3525=CARTESIAN_POINT('',(8.01527157206321,0.,-0.0229801833319578));
#3526=CARTESIAN_POINT('',(8.01397121896274,0.,-0.0220589177451076));
#3527=CARTESIAN_POINT('',(8.01270269785525,0.,-0.0210927718790802));
#3528=CARTESIAN_POINT('',(8.69353417089385,2.,-0.0114900916659789));
#3529=CARTESIAN_POINT('',(8.69288399434361,2.,-0.0110294588725538));
#3530=CARTESIAN_POINT('',(8.69224973378987,2.,-0.0105463859395401));
#3531=CARTESIAN_POINT('',(8.01147757575529,0.,-0.020073759585591));
#3532=CARTESIAN_POINT('',(8.01025245365533,0.,-0.0190547472921018));
#3533=CARTESIAN_POINT('',(8.00907180192574,0.,-0.0179819163535007));
#3534=CARTESIAN_POINT('',(8.69163717273989,2.,-0.0100368797927955));
#3535=CARTESIAN_POINT('',(8.69102461168991,2.,-0.00952737364605089));
#3536=CARTESIAN_POINT('',(8.69043428582512,2.,-0.00899095817675034));
#3537=CARTESIAN_POINT('',(8.00795429272739,0.,-0.016845739619806));
#3538=CARTESIAN_POINT('',(8.00683678352904,0.,-0.0157095628861114));
#3539=CARTESIAN_POINT('',(8.00578399245015,0.,-0.014508893192261));
#3540=CARTESIAN_POINT('',(8.68987553122594,2.,-0.00842286980990301));
#3541=CARTESIAN_POINT('',(8.68931677662676,2.,-0.00785478144305568));
#3542=CARTESIAN_POINT('',(8.68879038108732,2.,-0.0072544465961305));
#3543=CARTESIAN_POINT('',(8.00482650393921,0.,-0.0132351589159288));
#3544=CARTESIAN_POINT('',(8.00386901542826,0.,-0.0119614246395965));
#3545=CARTESIAN_POINT('',(8.00300675652454,0.,-0.0106136389512388));
#3546=CARTESIAN_POINT('',(8.68831163683185,2.,-0.00661757945796438));
#3547=CARTESIAN_POINT('',(8.68783289257638,2.,-0.00598071231979827));
#3548=CARTESIAN_POINT('',(8.68740176312452,2.,-0.00530681947561939));
#3549=CARTESIAN_POINT('',(8.00228603738176,0.,-0.00919277730339158));
#3550=CARTESIAN_POINT('',(8.00156531823898,0.,-0.00777191565554434));
#3551=CARTESIAN_POINT('',(8.00098573717926,0.,-0.0062766440845787));
#3552=CARTESIAN_POINT('',(8.68704140355313,2.,-0.00459638865169579));
#3553=CARTESIAN_POINT('',(8.68668104398174,2.,-0.00388595782777217));
#3554=CARTESIAN_POINT('',(8.68639125345187,2.,-0.00313832204228935));
#3555=CARTESIAN_POINT('',(8.0005941197576,0.,-0.00473218493808673));
#3556=CARTESIAN_POINT('',(8.00039831104676,0.,-0.00395995536484072));
#3557=CARTESIAN_POINT('',(8.00024896317504,0.,-0.00317539345189071));
#3558=CARTESIAN_POINT('',(8.68619544474104,2.,-0.00236609246904336));
#3559=CARTESIAN_POINT('',(8.68609754038563,2.,-0.00197997768242036));
#3560=CARTESIAN_POINT('',(8.68602286644977,2.,-0.00158769672594536));
#3561=CARTESIAN_POINT('',(8.0001494176849,0.,-0.00238502166306756));
#3562=CARTESIAN_POINT('',(8.00004987219475,0.,-0.00159464987424444));
#3563=CARTESIAN_POINT('',(8.,0.,-0.000795373780343279));
#3564=CARTESIAN_POINT('',(8.,0.,0.));
#3565=CARTESIAN_POINT('',(8.68597309370469,2.,-0.00119251083153378));
#3566=CARTESIAN_POINT('',(8.68592332095962,2.,-0.000797324937122221));
#3567=CARTESIAN_POINT('',(8.68589838486225,2.,-0.00039768689017164));
#3568=CARTESIAN_POINT('',(8.68589838486225,2.,0.));
#3569=B_SPLINE_SURFACE_WITH_KNOTS('Surf_YGEIDFBZRS, WingGeom, 0, 10, upper',1,3,((#3570, #3571, #3572, #3576, #3577, #3578, #3582, #3583, #3584, #3588, #3589, #3590, #3594, #3595, #3596, #3600, #3601, #3602, #3606, #3607, #3608, #3612, #3613, #3614, #3618, #3619, #3620, #3624, #3625, #3626, #3630, #3631, #3632, #3636, #3637, #3638, #3642, #3643, #3644, #3648, #3649, #3650, #3654, #3655, #3656, #3660, #3661, #3662, #3666, #3667, #3668, #3672, #3673, #3674, #3678, #3679, #3680, #3684, #3685, #3686, #3690, #3691, #3692, #3696, #3697, #3698, #3702, #3703, #3704, #3708, #3709, #3710, #3714, #3715, #3716, #3720, #3721, #3722, #3726, #3727, #3728, #3732, #3733, #3734, #3738, #3739, #3740, #3744, #3745, #3746, #3750, #3751, #3752, #3756, #3757, #3758, #3762, #3763, #3764, #3768, #3769, #3770, #3771),(#3573, #3574, #3575, #3579, #3580, #3581, #3585, #3586, #3587, #3591, #3592, #3593, #3597, #3598, #3599, #3603, #3604, #3605, #3609, #3610, #3611, #3615, #3616, #3617, #3621, #3622, #3623, #3627, #3628, #3629, #3633, #3634, #3635, #3639, #3640, #3641, #3645, #3646, #3647, #3651, #3652, #3653, #3657, #3658, #3659, #3663, #3664, #3665, #3669, #3670, #3671, #3675, #3676, #3677, #3681, #3682, #3683, #3687, #3688, #3689, #3693, #3694, #3695, #3699, #3700, #3701, #3705, #3706, #3707, #3711, #3712, #3713, #3717, #3718, #3719, #3723, #3724, #3725, #3729, #3730, #3731, #3735, #3736, #3737, #3741, #3742, #3743, #3747, #3748, #3749, #3753, #3754, #3755, #3759, #3760, #3761, #3765, #3766, #3767, #3772, #3773, #3774, #3775)),.UNSPECIFIED.,.F.,.F.,.F.,(2,2),(4,3,3,3,3,3,3,3,3,3,3,3,3,3,3,3,3,3,3,3,3,3,3,3,3,3,3,3,3,3,3,3,3,3,4),(0.,1.),(0.,1.,2.,3.,4.,5.,6.,7.,8.,9.,10.,11.,12.,13.,14.,15.,16.,17.,18.,19.,20.,21.,22.,23.,24.,25.,26.,27.,28.,29.,30.,31.,32.,33.,34.),.PIECEWISE_BEZIER_KNOTS.);
#3570=CARTESIAN_POINT('',(8.,0.,0.));
#3571=CARTESIAN_POINT('',(8.,0.,0.000795373780343279));
#3572=CARTESIAN_POINT('',(8.00004987219475,0.,0.00159464987424437));
#3573=CARTESIAN_POINT('',(8.68589838486225,2.,0.));
#3574=CARTESIAN_POINT('',(8.68589838486225,2.,0.00039768689017164));
#3575=CARTESIAN_POINT('',(8.68592332095962,2.,0.000797324937122185));
#3576=CARTESIAN_POINT('',(8.0001494176849,0.,0.00238502166306739));
#3577=CARTESIAN_POINT('',(8.00024896317504,0.,0.0031753934518905));
#3578=CARTESIAN_POINT('',(8.00039831104676,0.,0.00395995536484047));
#3579=CARTESIAN_POINT('',(8.68597309370469,2.,0.0011925108315337));
#3580=CARTESIAN_POINT('',(8.68602286644977,2.,0.00158769672594525));
#3581=CARTESIAN_POINT('',(8.68609754038563,2.,0.00197997768242023));
#3582=CARTESIAN_POINT('',(8.0005941197576,0.,0.00473218493808659));
#3583=CARTESIAN_POINT('',(8.00098573717926,0.,0.00627664408457867));
#3584=CARTESIAN_POINT('',(8.00156531823898,0.,0.00777191565554461));
#3585=CARTESIAN_POINT('',(8.68619544474104,2.,0.0023660924690433));
#3586=CARTESIAN_POINT('',(8.68639125345187,2.,0.00313832204228933));
#3587=CARTESIAN_POINT('',(8.68668104398174,2.,0.00388595782777231));
#3588=CARTESIAN_POINT('',(8.00228603738176,0.,0.00919277730339207));
#3589=CARTESIAN_POINT('',(8.00300675652454,0.,0.0106136389512395));
#3590=CARTESIAN_POINT('',(8.00386901542826,0.,0.0119614246395971));
#3591=CARTESIAN_POINT('',(8.68704140355313,2.,0.00459638865169603));
#3592=CARTESIAN_POINT('',(8.68740176312452,2.,0.00530681947561976));
#3593=CARTESIAN_POINT('',(8.68783289257638,2.,0.00598071231979856));
#3594=CARTESIAN_POINT('',(8.00482650393921,0.,0.0132351589159289));
#3595=CARTESIAN_POINT('',(8.00578399245015,0.,0.0145088931922607));
#3596=CARTESIAN_POINT('',(8.00683678352904,0.,0.0157095628861114));
#3597=CARTESIAN_POINT('',(8.68831163683185,2.,0.00661757945796447));
#3598=CARTESIAN_POINT('',(8.68879038108732,2.,0.00725444659613038));
#3599=CARTESIAN_POINT('',(8.68931677662676,2.,0.0078547814430557));
#3600=CARTESIAN_POINT('',(8.00795429272739,0.,0.0168457396198063));
#3601=CARTESIAN_POINT('',(8.00907180192574,0.,0.0179819163535013));
#3602=CARTESIAN_POINT('',(8.01025245365533,0.,0.019054747292102));
#3603=CARTESIAN_POINT('',(8.68987553122594,2.,0.00842286980990317));
#3604=CARTESIAN_POINT('',(8.69043428582512,2.,0.00899095817675065));
#3605=CARTESIAN_POINT('',(8.69102461168991,2.,0.00952737364605098));
#3606=CARTESIAN_POINT('',(8.01147757575529,0.,0.0200737595855911));
#3607=CARTESIAN_POINT('',(8.01270269785525,0.,0.0210927718790803));
#3608=CARTESIAN_POINT('',(8.01397121896274,0.,0.0220589177451078));
#3609=CARTESIAN_POINT('',(8.69163717273989,2.,0.0100368797927955));
#3610=CARTESIAN_POINT('',(8.69224973378987,2.,0.0105463859395401));
#3611=CARTESIAN_POINT('',(8.69288399434362,2.,0.0110294588725539));
#3612=CARTESIAN_POINT('',(8.01527157206321,0.,0.0229801833319582));
#3613=CARTESIAN_POINT('',(8.01787227826417,0.,0.024822714505659));
#3614=CARTESIAN_POINT('',(8.02059440666043,0.,0.0264897557151139));
#3615=CARTESIAN_POINT('',(8.69353417089385,2.,0.0114900916659791));
#3616=CARTESIAN_POINT('',(8.69483452399433,2.,0.0124113572528295));
#3617=CARTESIAN_POINT('',(8.69619558819246,2.,0.0132448778575569));
#3618=CARTESIAN_POINT('',(8.02338048860879,0.,0.0280361102961256));
#3619=CARTESIAN_POINT('',(8.02477352958297,0.,0.0288092875866315));
#3620=CARTESIAN_POINT('',(8.02618482177464,0.,0.0295501887285176));
#3621=CARTESIAN_POINT('',(8.69758862916664,2.,0.0140180551480628));
#3622=CARTESIAN_POINT('',(8.69828514965373,2.,0.0144046437933158));
#3623=CARTESIAN_POINT('',(8.69899079574957,2.,0.0147750943642588));
#3624=CARTESIAN_POINT('',(8.02760931816684,0.,0.0302644587482273));
#3625=CARTESIAN_POINT('',(8.02903381455904,0.,0.030978728767937));
#3626=CARTESIAN_POINT('',(8.03047101468924,0.,0.0316671494916082));
#3627=CARTESIAN_POINT('',(8.69970304394567,2.,0.0151322293741137));
#3628=CARTESIAN_POINT('',(8.70041529214177,2.,0.0154893643839685));
#3629=CARTESIAN_POINT('',(8.70113389220687,2.,0.0158335747458041));
#3630=CARTESIAN_POINT('',(8.0319194272504,0.,0.0323316270156159));
#3631=CARTESIAN_POINT('',(8.03481625237272,0.,0.0336605820636313));
#3632=CARTESIAN_POINT('',(8.03775332332014,0.,0.0348997878739575));
#3633=CARTESIAN_POINT('',(8.70185809848745,2.,0.016165813507808));
#3634=CARTESIAN_POINT('',(8.70330651104861,2.,0.0168302910318156));
#3635=CARTESIAN_POINT('',(8.70477504652231,2.,0.0174498939369787));
#3636=CARTESIAN_POINT('',(8.04071928349981,0.,0.0360661432309774));
#3637=CARTESIAN_POINT('',(8.04665120385916,0.,0.0383988539450171));
#3638=CARTESIAN_POINT('',(8.05268967437707,0.,0.0404532199022894));
#3639=CARTESIAN_POINT('',(8.70625802661215,2.,0.0180330716154887));
#3640=CARTESIAN_POINT('',(8.70922398679183,2.,0.0191994269725086));
#3641=CARTESIAN_POINT('',(8.71224322205078,2.,0.0202266099511447));
#3642=CARTESIAN_POINT('',(8.0587833260496,0.,0.0423219387835536));
#3643=CARTESIAN_POINT('',(8.06487697772213,0.,0.0441906576648178));
#3644=CARTESIAN_POINT('',(8.07102721292881,0.,0.0458720600930446));
#3645=CARTESIAN_POINT('',(8.71529004788704,2.,0.0211609693917768));
#3646=CARTESIAN_POINT('',(8.71833687372331,2.,0.0220953288324089));
#3647=CARTESIAN_POINT('',(8.72141199132665,2.,0.0229360300465223));
#3648=CARTESIAN_POINT('',(8.07721096243738,0.,0.0474165367362957));
#3649=CARTESIAN_POINT('',(8.08339471194594,0.,0.0489610133795469));
#3650=CARTESIAN_POINT('',(8.08961273157614,0.,0.0503675453541316));
#3651=CARTESIAN_POINT('',(8.72450386608093,2.,0.0237082683681479));
#3652=CARTESIAN_POINT('',(8.72759574083522,2.,0.0244805066897734));
#3653=CARTESIAN_POINT('',(8.73070475065031,2.,0.0251837726770658));
#3654=CARTESIAN_POINT('',(8.09585216381668,0.,0.0516684961430069));
#3655=CARTESIAN_POINT('',(8.10209159605722,0.,0.0529694469318821));
#3656=CARTESIAN_POINT('',(8.10835388875422,0.,0.0541613690561028));
#3657=CARTESIAN_POINT('',(8.73382446677059,2.,0.0258342480715034));
#3658=CARTESIAN_POINT('',(8.73694418289086,2.,0.026484723465941));
#3659=CARTESIAN_POINT('',(8.74007532923935,2.,0.0270806845280514));
#3660=CARTESIAN_POINT('',(8.11463082606598,0.,0.0552678945889609));
#3661=CARTESIAN_POINT('',(8.12090776337774,0.,0.0563744201218189));
#3662=CARTESIAN_POINT('',(8.12719964772876,0.,0.0573947732979922));
#3663=CARTESIAN_POINT('',(8.74321379789524,2.,0.0276339472944804));
#3664=CARTESIAN_POINT('',(8.74635226655112,2.,0.0281872100609095));
#3665=CARTESIAN_POINT('',(8.74949820872662,2.,0.0286973866489961));
#3666=CARTESIAN_POINT('',(8.13350267248451,0.,0.0583412273391293));
#3667=CARTESIAN_POINT('',(8.13980569724026,0.,0.0592876813802664));
#3668=CARTESIAN_POINT('',(8.14611948690128,0.,0.060161740844227));
#3669=CARTESIAN_POINT('',(8.7526497211045,2.,0.0291706136695646));
#3670=CARTESIAN_POINT('',(8.75580123348238,2.,0.0296438406901332));
#3671=CARTESIAN_POINT('',(8.75895812831289,2.,0.0300808704221135));
#3672=CARTESIAN_POINT('',(8.15244168884485,0.,0.0609714198051054));
#3673=CARTESIAN_POINT('',(8.15876389078842,0.,0.0617810987659838));
#3674=CARTESIAN_POINT('',(8.16509341312827,0.,0.0625305932186498));
#3675=CARTESIAN_POINT('',(8.76211922928467,2.,0.0304857099025527));
#3676=CARTESIAN_POINT('',(8.76528033025645,2.,0.0308905493829919));
#3677=CARTESIAN_POINT('',(8.76844509142638,2.,0.0312652966093249));
#3678=CARTESIAN_POINT('',(8.1714295223579,0.,0.0632228445383116));
#3679=CARTESIAN_POINT('',(8.18410174081717,0.,0.0646073471776351));
#3680=CARTESIAN_POINT('',(8.19679625278066,0.,0.0657784462230979));
#3681=CARTESIAN_POINT('',(8.7716131460412,2.,0.0316114222691558));
#3682=CARTESIAN_POINT('',(8.77794925527083,2.,0.0323036735888175));
#3683=CARTESIAN_POINT('',(8.78429651125257,2.,0.032889223111549));
#3684=CARTESIAN_POINT('',(8.20950510492936,0.,0.0667712750126516));
#3685=CARTESIAN_POINT('',(8.23492280922676,0.,0.0687569325917589));
#3686=CARTESIAN_POINT('',(8.26039088928423,0.,0.0700582073054934));
#3687=CARTESIAN_POINT('',(8.79065093732692,2.,0.0333856375063258));
#3688=CARTESIAN_POINT('',(8.80335978947562,2.,0.0343784662958794));
#3689=CARTESIAN_POINT('',(8.81609382950436,2.,0.0350291036527467));
#3690=CARTESIAN_POINT('',(8.28587189126808,0.,0.0708831313325048));
#3691=CARTESIAN_POINT('',(8.29861239226,0.,0.0712955933460105));
#3692=CARTESIAN_POINT('',(8.31135691326959,0.,0.0715851409338845));
#3693=CARTESIAN_POINT('',(8.82883433049628,2.,0.0354415656662524));
#3694=CARTESIAN_POINT('',(8.83520458099225,2.,0.0356477966730053));
#3695=CARTESIAN_POINT('',(8.84157684149704,2.,0.0357925704669422));
#3696=CARTESIAN_POINT('',(8.3241029805396,0.,0.0717687226679611));
#3697=CARTESIAN_POINT('',(8.33684904780962,0.,0.0719523044020376));
#3698=CARTESIAN_POINT('',(8.34959638546205,0.,0.0720325669150806));
#3699=CARTESIAN_POINT('',(8.84794987513205,2.,0.0358843613339805));
#3700=CARTESIAN_POINT('',(8.85432290876706,2.,0.0359761522010188));
#3701=CARTESIAN_POINT('',(8.86069657759327,2.,0.0360162834575403));
#3702=CARTESIAN_POINT('',(8.36234381080747,0.,0.0720192130724423));
#3703=CARTESIAN_POINT('',(8.36871752348018,0.,0.0720125361511232));
#3704=CARTESIAN_POINT('',(8.37509099630463,0.,0.0719849692159636));
#3705=CARTESIAN_POINT('',(8.86707029026598,2.,0.0360096065362212));
#3706=CARTESIAN_POINT('',(8.87025714660234,2.,0.0360062680755616));
#3707=CARTESIAN_POINT('',(8.87344388301456,2.,0.0359924846079818));
#3708=CARTESIAN_POINT('',(8.38146445204974,0.,0.0719342573995969));
#3709=CARTESIAN_POINT('',(8.38783790779485,0.,0.0718835455832302));
#3710=CARTESIAN_POINT('',(8.39421130265721,0.,0.0718102091470845));
#3711=CARTESIAN_POINT('',(8.87663061088712,2.,0.0359671286997985));
#3712=CARTESIAN_POINT('',(8.87981733875967,2.,0.0359417727916151));
#3713=CARTESIAN_POINT('',(8.88300403619085,2.,0.0359051045735422));
#3714=CARTESIAN_POINT('',(8.4005842632798,0.,0.071718192084365));
#3715=CARTESIAN_POINT('',(8.41333018452498,0.,0.0715341579589261));
#3716=CARTESIAN_POINT('',(8.42607505245008,0.,0.0712672422838678));
#3717=CARTESIAN_POINT('',(8.88619051650215,2.,0.0358590960421825));
#3718=CARTESIAN_POINT('',(8.89256347712474,2.,0.0357670789794631));
#3719=CARTESIAN_POINT('',(8.89893591108729,2.,0.0356336211419339));
#3720=CARTESIAN_POINT('',(8.43881776713526,0.,0.0709319811070283));
#3721=CARTESIAN_POINT('',(8.45156048182043,0.,0.0705967199301889));
#3722=CARTESIAN_POINT('',(8.46430153114013,0.,0.0701864422731194));
#3723=CARTESIAN_POINT('',(8.90530726842987,2.,0.0354659905535142));
#3724=CARTESIAN_POINT('',(8.91167862577246,2.,0.0352983599650945));
#3725=CARTESIAN_POINT('',(8.91804915043231,2.,0.0350932211365597));
#3726=CARTESIAN_POINT('',(8.47704002553982,0.,0.0697143321779985));
#3727=CARTESIAN_POINT('',(8.48977851993951,0.,0.0692422220828776));
#3728=CARTESIAN_POINT('',(8.50251468288069,0.,0.0687056526845365));
#3729=CARTESIAN_POINT('',(8.92441839763215,2.,0.0348571660889992));
#3730=CARTESIAN_POINT('',(8.930787644832,2.,0.0346211110414388));
#3731=CARTESIAN_POINT('',(8.93715572630259,2.,0.0343528263422683));
#3732=CARTESIAN_POINT('',(8.51524812375033,0.,0.0681116250814764));
#3733=CARTESIAN_POINT('',(8.54071500548961,0.,0.0669235698753561));
#3734=CARTESIAN_POINT('',(8.56617102657102,0.,0.0655086897269522));
#3735=CARTESIAN_POINT('',(8.94352244673741,2.,0.0340558125407382));
#3736=CARTESIAN_POINT('',(8.95625588760705,2.,0.033461784937678));
#3737=CARTESIAN_POINT('',(8.96898389814776,2.,0.0327543448634761));
#3738=CARTESIAN_POINT('',(8.59161512743867,0.,0.0639046066370627));
#3739=CARTESIAN_POINT('',(8.61705922830632,0.,0.0623005235471731));
#3740=CARTESIAN_POINT('',(8.64249142575052,0.,0.0605126896167305));
#3741=CARTESIAN_POINT('',(8.98170594858158,2.,0.0319523033185313));
#3742=CARTESIAN_POINT('',(8.9944279990154,2.,0.0311502617735866));
#3743=CARTESIAN_POINT('',(9.00714409773751,2.,0.0302563448083652));
#3744=CARTESIAN_POINT('',(8.66791161701906,0.,0.0585665068198907));
#3745=CARTESIAN_POINT('',(8.6933318082876,0.,0.0566203240230509));
#3746=CARTESIAN_POINT('',(8.71874003034476,0.,0.0545206654599103));
#3747=CARTESIAN_POINT('',(9.01985419337177,2.,0.0292832534099453));
#3748=CARTESIAN_POINT('',(9.03256428900604,2.,0.0283101620115255));
#3749=CARTESIAN_POINT('',(9.04526840003462,2.,0.0272603327299551));
#3750=CARTESIAN_POINT('',(8.74413651834297,0.,0.0522870418163721));
#3751=CARTESIAN_POINT('',(8.76953300634119,0.,0.0500534181728339));
#3752=CARTESIAN_POINT('',(8.79491778891192,0.,0.0476874296789991));
#3753=CARTESIAN_POINT('',(9.05796664403373,2.,0.0261435209081861));
#3754=CARTESIAN_POINT('',(9.07066488803284,2.,0.025026709086417));
#3755=CARTESIAN_POINT('',(9.08335727931821,2.,0.0238437148394996));
#3756=CARTESIAN_POINT('',(8.82029114644232,0.,0.0452055465663983));
#3757=CARTESIAN_POINT('',(8.84566450397271,0.,0.0427236634537974));
#3758=CARTESIAN_POINT('',(8.87102642283267,0.,0.0401243658089589));
#3759=CARTESIAN_POINT('',(9.0960439580834,2.,0.0226027732831991));
#3760=CARTESIAN_POINT('',(9.1087306368486,2.,0.0213618317268987));
#3761=CARTESIAN_POINT('',(9.12141159627858,2.,0.0200621829044795));
#3762=CARTESIAN_POINT('',(8.89637698714064,0.,0.0374190794289765));
#3763=CARTESIAN_POINT('',(8.9470781157566,0.,0.0320085066690118));
#3764=CARTESIAN_POINT('',(8.99773430011267,0.,0.0261782356087625));
#3765=CARTESIAN_POINT('',(9.13408687843257,2.,0.0187095397144883));
#3766=CARTESIAN_POINT('',(9.15943744274055,2.,0.0160042533345059));
#3767=CARTESIAN_POINT('',(9.18476553491858,2.,0.0130891178043812));
#3768=CARTESIAN_POINT('',(9.04834114370328,0.,0.0199474436475474));
#3769=CARTESIAN_POINT('',(9.09894798729389,0.,0.0137166516863322));
#3770=CARTESIAN_POINT('',(9.14950566120319,0.,0.0070848563061016));
#3771=CARTESIAN_POINT('',(9.2,0.,0.));
#3772=CARTESIAN_POINT('',(9.21006895671388,2.,0.00997372182377369));
#3773=CARTESIAN_POINT('',(9.23537237850919,2.,0.00685832584316613));
#3774=CARTESIAN_POINT('',(9.26065121546384,2.,0.0035424281530508));
#3775=CARTESIAN_POINT('',(9.28589838486224,2.,0.));
#3776=B_SPLINE_SURFACE_WITH_KNOTS('Surf_YGEIDFBZRS, WingGeom, 0, 13, lower',1,3,((#3777, #3778, #3779, #3783, #3784, #3785, #3789, #3790, #3791, #3795, #3796, #3797, #3801, #3802, #3803, #3807, #3808, #3809, #3813, #3814, #3815, #3819, #3820, #3821, #3825, #3826, #3827, #3831, #3832, #3833, #3837, #3838, #3839, #3843, #3844, #3845, #3849, #3850, #3851, #3855, #3856, #3857, #3861, #3862, #3863, #3867, #3868, #3869, #3873, #3874, #3875, #3879, #3880, #3881, #3885, #3886, #3887, #3891, #3892, #3893, #3897, #3898, #3899, #3903, #3904, #3905, #3909, #3910, #3911, #3915, #3916, #3917, #3921, #3922, #3923, #3927, #3928, #3929, #3933, #3934, #3935, #3939, #3940, #3941, #3945, #3946, #3947, #3951, #3952, #3953, #3957, #3958, #3959, #3963, #3964, #3965, #3969, #3970, #3971, #3975, #3976, #3977, #3978),(#3780, #3781, #3782, #3786, #3787, #3788, #3792, #3793, #3794, #3798, #3799, #3800, #3804, #3805, #3806, #3810, #3811, #3812, #3816, #3817, #3818, #3822, #3823, #3824, #3828, #3829, #3830, #3834, #3835, #3836, #3840, #3841, #3842, #3846, #3847, #3848, #3852, #3853, #3854, #3858, #3859, #3860, #3864, #3865, #3866, #3870, #3871, #3872, #3876, #3877, #3878, #3882, #3883, #3884, #3888, #3889, #3890, #3894, #3895, #3896, #3900, #3901, #3902, #3906, #3907, #3908, #3912, #3913, #3914, #3918, #3919, #3920, #3924, #3925, #3926, #3930, #3931, #3932, #3936, #3937, #3938, #3942, #3943, #3944, #3948, #3949, #3950, #3954, #3955, #3956, #3960, #3961, #3962, #3966, #3967, #3968, #3972, #3973, #3974, #3979, #3980, #3981, #3982)),.UNSPECIFIED.,.F.,.F.,.F.,(2,2),(4,3,3,3,3,3,3,3,3,3,3,3,3,3,3,3,3,3,3,3,3,3,3,3,3,3,3,3,3,3,3,3,3,3,4),(0.,1.),(0.,1.,2.,3.,4.,5.,6.,7.,8.,9.,10.,11.,12.,13.,14.,15.,16.,17.,18.,19.,20.,21.,22.,23.,24.,25.,26.,27.,28.,29.,30.,31.,32.,33.,34.),.PIECEWISE_BEZIER_KNOTS.);
#3777=CARTESIAN_POINT('',(9.28589838486224,2.,0.));
#3778=CARTESIAN_POINT('',(9.26065121546386,2.,-0.00354242815305006));
#3779=CARTESIAN_POINT('',(9.23537237850919,2.,-0.00685832584316613));
#3780=CARTESIAN_POINT('',(9.28589838486224,2.,0.));
#3781=CARTESIAN_POINT('',(9.26065121546385,2.,3.69712940817557E-16));
#3782=CARTESIAN_POINT('',(9.23537237850919,2.,8.67361737988404E-19));
#3783=CARTESIAN_POINT('',(9.21006895671388,2.,-0.00997372182377368));
#3784=CARTESIAN_POINT('',(9.18476553491858,2.,-0.0130891178043812));
#3785=CARTESIAN_POINT('',(9.15943744274054,2.,-0.0160042533345059));
#3786=CARTESIAN_POINT('',(9.21006895671388,2.,5.20417042793042E-18));
#3787=CARTESIAN_POINT('',(9.18476553491858,2.,6.93889390390723E-18));
#3788=CARTESIAN_POINT('',(9.15943744274055,2.,-1.04083408558608E-17));
#3789=CARTESIAN_POINT('',(9.13408687843257,2.,-0.0187095397144883));
#3790=CARTESIAN_POINT('',(9.12141159627858,2.,-0.0200621829044795));
#3791=CARTESIAN_POINT('',(9.1087306368486,2.,-0.0213618317268988));
#3792=CARTESIAN_POINT('',(9.13408687843257,2.,-1.90819582357449E-17));
#3793=CARTESIAN_POINT('',(9.12141159627858,2.,-1.90819582357449E-17));
#3794=CARTESIAN_POINT('',(9.1087306368486,2.,-2.60208521396521E-17));
#3795=CARTESIAN_POINT('',(9.0960439580834,2.,-0.0226027732831992));
#3796=CARTESIAN_POINT('',(9.08335727931821,2.,-0.0238437148394996));
#3797=CARTESIAN_POINT('',(9.07066488803284,2.,-0.025026709086417));
#3798=CARTESIAN_POINT('',(9.0960439580834,2.,-2.08166817117217E-17));
#3799=CARTESIAN_POINT('',(9.08335727931821,2.,-1.73472347597681E-17));
#3800=CARTESIAN_POINT('',(9.07066488803284,2.,-1.21430643318376E-17));
#3801=CARTESIAN_POINT('',(9.05796664403373,2.,-0.0261435209081861));
#3802=CARTESIAN_POINT('',(9.04526840003462,2.,-0.0272603327299552));
#3803=CARTESIAN_POINT('',(9.03256428900604,2.,-0.0283101620115255));
#3804=CARTESIAN_POINT('',(9.05796664403373,2.,-1.38777878078145E-17));
#3805=CARTESIAN_POINT('',(9.04526840003462,2.,-1.56125112837913E-17));
#3806=CARTESIAN_POINT('',(9.03256428900604,2.,-1.21430643318376E-17));
#3807=CARTESIAN_POINT('',(9.01985419337177,2.,-0.0292832534099454));
#3808=CARTESIAN_POINT('',(9.00714409773751,2.,-0.0302563448083653));
#3809=CARTESIAN_POINT('',(8.9944279990154,2.,-0.0311502617735866));
#3810=CARTESIAN_POINT('',(9.01985419337177,2.,-1.38777878078145E-17));
#3811=CARTESIAN_POINT('',(9.00714409773751,2.,-1.38777878078145E-17));
#3812=CARTESIAN_POINT('',(8.9944279990154,2.,-1.21430643318376E-17));
#3813=CARTESIAN_POINT('',(8.98170594858158,2.,-0.0319523033185314));
#3814=CARTESIAN_POINT('',(8.96898389814776,2.,-0.0327543448634761));
#3815=CARTESIAN_POINT('',(8.95625588760705,2.,-0.0334617849376781));
#3816=CARTESIAN_POINT('',(8.98170594858158,2.,-1.73472347597681E-17));
#3817=CARTESIAN_POINT('',(8.96898389814776,2.,-2.42861286636753E-17));
#3818=CARTESIAN_POINT('',(8.95625588760705,2.,-1.38777878078145E-17));
#3819=CARTESIAN_POINT('',(8.94352244673741,2.,-0.0340558125407382));
#3820=CARTESIAN_POINT('',(8.93715572630259,2.,-0.0343528263422683));
#3821=CARTESIAN_POINT('',(8.930787644832,2.,-0.0346211110414388));
#3822=CARTESIAN_POINT('',(8.94352244673741,2.,-1.38777878078145E-17));
#3823=CARTESIAN_POINT('',(8.93715572630259,2.,-1.38777878078145E-17));
#3824=CARTESIAN_POINT('',(8.930787644832,2.,-1.73472347597681E-17));
#3825=CARTESIAN_POINT('',(8.92441839763215,2.,-0.0348571660889993));
#3826=CARTESIAN_POINT('',(8.91804915043231,2.,-0.0350932211365597));
#3827=CARTESIAN_POINT('',(8.91167862577246,2.,-0.0352983599650945));
#3828=CARTESIAN_POINT('',(8.92441839763215,2.,-1.73472347597681E-17));
#3829=CARTESIAN_POINT('',(8.91804915043231,2.,-1.38777878078145E-17));
#3830=CARTESIAN_POINT('',(8.91167862577246,2.,-1.38777878078145E-17));
#3831=CARTESIAN_POINT('',(8.90530726842987,2.,-0.0354659905535142));
#3832=CARTESIAN_POINT('',(8.89893591108729,2.,-0.0356336211419339));
#3833=CARTESIAN_POINT('',(8.89256347712474,2.,-0.0357670789794631));
#3834=CARTESIAN_POINT('',(8.90530726842987,2.,-1.04083408558608E-17));
#3835=CARTESIAN_POINT('',(8.89893591108729,2.,-6.93889390390723E-18));
#3836=CARTESIAN_POINT('',(8.89256347712474,2.,-3.46944695195361E-18));
#3837=CARTESIAN_POINT('',(8.88619051650214,2.,-0.0358590960421825));
#3838=CARTESIAN_POINT('',(8.88300403619085,2.,-0.0359051045735423));
#3839=CARTESIAN_POINT('',(8.87981733875967,2.,-0.0359417727916151));
#3840=CARTESIAN_POINT('',(8.88619051650215,2.,-3.46944695195361E-18));
#3841=CARTESIAN_POINT('',(8.88300403619085,2.,-3.46944695195361E-18));
#3842=CARTESIAN_POINT('',(8.87981733875967,2.,0.));
#3843=CARTESIAN_POINT('',(8.87663061088712,2.,-0.0359671286997985));
#3844=CARTESIAN_POINT('',(8.87344388301456,2.,-0.0359924846079818));
#3845=CARTESIAN_POINT('',(8.87025714660234,2.,-0.0360062680755616));
#3846=CARTESIAN_POINT('',(8.87663061088712,2.,0.));
#3847=CARTESIAN_POINT('',(8.87344388301456,2.,3.46944695195361E-18));
#3848=CARTESIAN_POINT('',(8.87025714660234,2.,-1.04083408558608E-17));
#3849=CARTESIAN_POINT('',(8.86707029026598,2.,-0.0360096065362212));
#3850=CARTESIAN_POINT('',(8.86069657759327,2.,-0.0360162834575403));
#3851=CARTESIAN_POINT('',(8.85432290876706,2.,-0.0359761522010188));
#3852=CARTESIAN_POINT('',(8.86707029026598,2.,-6.93889390390723E-18));
#3853=CARTESIAN_POINT('',(8.86069657759327,2.,-6.93889390390723E-18));
#3854=CARTESIAN_POINT('',(8.85432290876706,2.,0.));
#3855=CARTESIAN_POINT('',(8.84794987513205,2.,-0.0358843613339805));
#3856=CARTESIAN_POINT('',(8.84157684149704,2.,-0.0357925704669422));
#3857=CARTESIAN_POINT('',(8.83520458099224,2.,-0.0356477966730053));
#3858=CARTESIAN_POINT('',(8.84794987513205,2.,3.46944695195361E-18));
#3859=CARTESIAN_POINT('',(8.84157684149704,2.,6.93889390390723E-18));
#3860=CARTESIAN_POINT('',(8.83520458099224,2.,0.));
#3861=CARTESIAN_POINT('',(8.82883433049628,2.,-0.0354415656662524));
#3862=CARTESIAN_POINT('',(8.81609382950436,2.,-0.0350291036527467));
#3863=CARTESIAN_POINT('',(8.80335978947562,2.,-0.0343784662958794));
#3864=CARTESIAN_POINT('',(8.82883433049628,2.,0.));
#3865=CARTESIAN_POINT('',(8.81609382950436,2.,3.46944695195361E-18));
#3866=CARTESIAN_POINT('',(8.80335978947562,2.,0.));
#3867=CARTESIAN_POINT('',(8.79065093732692,2.,-0.0333856375063257));
#3868=CARTESIAN_POINT('',(8.78429651125257,2.,-0.0328892231115489));
#3869=CARTESIAN_POINT('',(8.77794925527083,2.,-0.0323036735888175));
#3870=CARTESIAN_POINT('',(8.79065093732692,2.,2.08166817117217E-17));
#3871=CARTESIAN_POINT('',(8.78429651125257,2.,2.77555756156289E-17));
#3872=CARTESIAN_POINT('',(8.77794925527083,2.,2.08166817117217E-17));
#3873=CARTESIAN_POINT('',(8.7716131460412,2.,-0.0316114222691558));
#3874=CARTESIAN_POINT('',(8.76844509142638,2.,-0.0312652966093249));
#3875=CARTESIAN_POINT('',(8.76528033025645,2.,-0.0308905493829919));
#3876=CARTESIAN_POINT('',(8.7716131460412,2.,1.73472347597681E-17));
#3877=CARTESIAN_POINT('',(8.76844509142638,2.,2.08166817117217E-17));
#3878=CARTESIAN_POINT('',(8.76528033025645,2.,2.25514051876985E-17));
#3879=CARTESIAN_POINT('',(8.76211922928467,2.,-0.0304857099025526));
#3880=CARTESIAN_POINT('',(8.75895812831288,2.,-0.0300808704221134));
#3881=CARTESIAN_POINT('',(8.75580123348238,2.,-0.0296438406901331));
#3882=CARTESIAN_POINT('',(8.76211922928467,2.,2.77555756156289E-17));
#3883=CARTESIAN_POINT('',(8.75895812831289,2.,3.12250225675825E-17));
#3884=CARTESIAN_POINT('',(8.75580123348238,2.,2.60208521396521E-17));
#3885=CARTESIAN_POINT('',(8.7526497211045,2.,-0.0291706136695646));
#3886=CARTESIAN_POINT('',(8.74949820872662,2.,-0.0286973866489961));
#3887=CARTESIAN_POINT('',(8.74635226655112,2.,-0.0281872100609094));
#3888=CARTESIAN_POINT('',(8.7526497211045,2.,1.90819582357449E-17));
#3889=CARTESIAN_POINT('',(8.74949820872662,2.,1.04083408558608E-17));
#3890=CARTESIAN_POINT('',(8.74635226655112,2.,3.29597460435593E-17));
#3891=CARTESIAN_POINT('',(8.74321379789524,2.,-0.0276339472944804));
#3892=CARTESIAN_POINT('',(8.74007532923935,2.,-0.0270806845280514));
#3893=CARTESIAN_POINT('',(8.73694418289086,2.,-0.026484723465941));
#3894=CARTESIAN_POINT('',(8.74321379789524,2.,3.29597460435593E-17));
#3895=CARTESIAN_POINT('',(8.74007532923935,2.,3.64291929955129E-17));
#3896=CARTESIAN_POINT('',(8.73694418289086,2.,3.12250225675825E-17));
#3897=CARTESIAN_POINT('',(8.73382446677059,2.,-0.0258342480715034));
#3898=CARTESIAN_POINT('',(8.73070475065031,2.,-0.0251837726770658));
#3899=CARTESIAN_POINT('',(8.72759574083522,2.,-0.0244805066897733));
#3900=CARTESIAN_POINT('',(8.73382446677059,2.,2.77555756156289E-17));
#3901=CARTESIAN_POINT('',(8.73070475065031,2.,2.25514051876985E-17));
#3902=CARTESIAN_POINT('',(8.72759574083522,2.,6.41847686111419E-17));
#3903=CARTESIAN_POINT('',(8.72450386608093,2.,-0.0237082683681477));
#3904=CARTESIAN_POINT('',(8.72141199132665,2.,-0.0229360300465222));
#3905=CARTESIAN_POINT('',(8.71833687372331,2.,-0.0220953288324089));
#3906=CARTESIAN_POINT('',(8.72450386608093,2.,6.24500451351651E-17));
#3907=CARTESIAN_POINT('',(8.72141199132665,2.,5.72458747072346E-17));
#3908=CARTESIAN_POINT('',(8.71833687372331,2.,2.77555756156289E-17));
#3909=CARTESIAN_POINT('',(8.71529004788704,2.,-0.0211609693917767));
#3910=CARTESIAN_POINT('',(8.71224322205078,2.,-0.0202266099511446));
#3911=CARTESIAN_POINT('',(8.70922398679183,2.,-0.0191994269725085));
#3912=CARTESIAN_POINT('',(8.71529004788704,2.,3.81639164714898E-17));
#3913=CARTESIAN_POINT('',(8.71224322205078,2.,5.3776427755281E-17));
#3914=CARTESIAN_POINT('',(8.70922398679183,2.,2.25514051876985E-17));
#3915=CARTESIAN_POINT('',(8.70625802661215,2.,-0.0180330716154886));
#3916=CARTESIAN_POINT('',(8.70477504652231,2.,-0.0174498939369786));
#3917=CARTESIAN_POINT('',(8.70330651104861,2.,-0.0168302910318155));
#3918=CARTESIAN_POINT('',(8.70625802661215,2.,5.20417042793042E-17));
#3919=CARTESIAN_POINT('',(8.70477504652231,2.,5.89805981832114E-17));
#3920=CARTESIAN_POINT('',(8.70330651104861,2.,4.33680868994202E-17));
#3921=CARTESIAN_POINT('',(8.70185809848745,2.,-0.0161658135078078));
#3922=CARTESIAN_POINT('',(8.70113389220687,2.,-0.015833574745804));
#3923=CARTESIAN_POINT('',(8.70041529214177,2.,-0.0154893643839683));
#3924=CARTESIAN_POINT('',(8.70185809848745,2.,5.72458747072346E-17));
#3925=CARTESIAN_POINT('',(8.70113389220687,2.,7.11236625150491E-17));
#3926=CARTESIAN_POINT('',(8.70041529214177,2.,8.50014503228635E-17));
#3927=CARTESIAN_POINT('',(8.69970304394567,2.,-0.0151322293741135));
#3928=CARTESIAN_POINT('',(8.69899079574957,2.,-0.0147750943642586));
#3929=CARTESIAN_POINT('',(8.69828514965373,2.,-0.0144046437933156));
#3930=CARTESIAN_POINT('',(8.69970304394567,2.,9.28077059647592E-17));
#3931=CARTESIAN_POINT('',(8.69899079574957,2.,9.62771529167128E-17));
#3932=CARTESIAN_POINT('',(8.69828514965373,2.,6.67868538251071E-17));
#3933=CARTESIAN_POINT('',(8.69758862916664,2.,-0.0140180551480627));
#3934=CARTESIAN_POINT('',(8.69619558819246,2.,-0.0132448778575569));
#3935=CARTESIAN_POINT('',(8.69483452399433,2.,-0.0124113572528292));
#3936=CARTESIAN_POINT('',(8.69758862916664,2.,4.9439619065339E-17));
#3937=CARTESIAN_POINT('',(8.69619558819246,2.,1.47451495458029E-17));
#3938=CARTESIAN_POINT('',(8.69483452399433,2.,1.61329283265843E-16));
#3939=CARTESIAN_POINT('',(8.69353417089385,2.,-0.0114900916659789));
#3940=CARTESIAN_POINT('',(8.69288399434361,2.,-0.0110294588725538));
#3941=CARTESIAN_POINT('',(8.69224973378987,2.,-0.0105463859395401));
#3942=CARTESIAN_POINT('',(8.69353417089385,2.,9.8879238130678E-17));
#3943=CARTESIAN_POINT('',(8.69288399434361,2.,5.46437894932694E-17));
#3944=CARTESIAN_POINT('',(8.69224973378987,2.,1.64798730217797E-17));
#3945=CARTESIAN_POINT('',(8.69163717273989,2.,-0.0100368797927955));
#3946=CARTESIAN_POINT('',(8.69102461168991,2.,-0.00952737364605089));
#3947=CARTESIAN_POINT('',(8.69043428582512,2.,-0.00899095817675034));
#3948=CARTESIAN_POINT('',(8.69163717273989,2.,1.99493199737333E-17));
#3949=CARTESIAN_POINT('',(8.69102461168991,2.,4.59701721133854E-17));
#3950=CARTESIAN_POINT('',(8.69043428582512,2.,1.52655665885959E-16));
#3951=CARTESIAN_POINT('',(8.68987553122594,2.,-0.00842286980990301));
#3952=CARTESIAN_POINT('',(8.68931677662676,2.,-0.00785478144305568));
#3953=CARTESIAN_POINT('',(8.68879038108732,2.,-0.0072544465961305));
#3954=CARTESIAN_POINT('',(8.68987553122594,2.,8.06646416329215E-17));
#3955=CARTESIAN_POINT('',(8.68931677662676,2.,8.67361737988404E-18));
#3956=CARTESIAN_POINT('',(8.68879038108732,2.,-6.20163642661709E-17));
#3957=CARTESIAN_POINT('',(8.68831163683185,2.,-0.00661757945796438));
#3958=CARTESIAN_POINT('',(8.68783289257638,2.,-0.00598071231979827));
#3959=CARTESIAN_POINT('',(8.68740176312452,2.,-0.00530681947561939));
#3960=CARTESIAN_POINT('',(8.68831163683185,2.,4.42354486374086E-17));
#3961=CARTESIAN_POINT('',(8.68783289257638,2.,1.4137996329211E-16));
#3962=CARTESIAN_POINT('',(8.68740176312452,2.,1.84314369322536E-16));
#3963=CARTESIAN_POINT('',(8.68704140355313,2.,-0.00459638865169579));
#3964=CARTESIAN_POINT('',(8.68668104398174,2.,-0.00388595782777217));
#3965=CARTESIAN_POINT('',(8.68639125345187,2.,-0.00313832204228935));
#3966=CARTESIAN_POINT('',(8.68704140355313,2.,1.20996962449382E-16));
#3967=CARTESIAN_POINT('',(8.68668104398174,2.,6.78710559975926E-17));
#3968=CARTESIAN_POINT('',(8.68639125345187,2.,-8.45677694538693E-18));
#3969=CARTESIAN_POINT('',(8.68619544474104,2.,-0.00236609246904336));
#3970=CARTESIAN_POINT('',(8.68609754038563,2.,-0.00197997768242036));
#3971=CARTESIAN_POINT('',(8.68602286644977,2.,-0.00158769672594536));
#3972=CARTESIAN_POINT('',(8.68619544474104,2.,-3.38271077815477E-17));
#3973=CARTESIAN_POINT('',(8.68609754038563,2.,-6.31005664386564E-17));
#3974=CARTESIAN_POINT('',(8.68602286644977,2.,-5.21501244965528E-17));
#3975=CARTESIAN_POINT('',(8.68597309370469,2.,-0.00119251083153378));
#3976=CARTESIAN_POINT('',(8.68592332095962,2.,-0.000797324937122221));
#3977=CARTESIAN_POINT('',(8.68589838486225,2.,-0.00039768689017164));
#3978=CARTESIAN_POINT('',(8.68589838486225,2.,0.));
#3979=CARTESIAN_POINT('',(8.68597309370469,2.,-4.06575814682064E-17));
#3980=CARTESIAN_POINT('',(8.68592332095962,2.,-1.78893358460108E-17));
#3981=CARTESIAN_POINT('',(8.68589838486225,2.,-5.42101086242752E-20));
#3982=CARTESIAN_POINT('',(8.68589838486225,2.,0.));
#3983=B_SPLINE_SURFACE_WITH_KNOTS('Surf_YGEIDFBZRS, WingGeom, 0, 16, upper',1,3,((#3984, #3985, #3986, #3990, #3991, #3992, #3996, #3997, #3998, #4002, #4003, #4004, #4008, #4009, #4010, #4014, #4015, #4016, #4020, #4021, #4022, #4026, #4027, #4028, #4032, #4033, #4034, #4038, #4039, #4040, #4044, #4045, #4046, #4050, #4051, #4052, #4056, #4057, #4058, #4062, #4063, #4064, #4068, #4069, #4070, #4074, #4075, #4076, #4080, #4081, #4082, #4086, #4087, #4088, #4092, #4093, #4094, #4098, #4099, #4100, #4104, #4105, #4106, #4110, #4111, #4112, #4116, #4117, #4118, #4122, #4123, #4124, #4128, #4129, #4130, #4134, #4135, #4136, #4140, #4141, #4142, #4146, #4147, #4148, #4152, #4153, #4154, #4158, #4159, #4160, #4164, #4165, #4166, #4170, #4171, #4172, #4176, #4177, #4178, #4182, #4183, #4184, #4185),(#3987, #3988, #3989, #3993, #3994, #3995, #3999, #4000, #4001, #4005, #4006, #4007, #4011, #4012, #4013, #4017, #4018, #4019, #4023, #4024, #4025, #4029, #4030, #4031, #4035, #4036, #4037, #4041, #4042, #4043, #4047, #4048, #4049, #4053, #4054, #4055, #4059, #4060, #4061, #4065, #4066, #4067, #4071, #4072, #4073, #4077, #4078, #4079, #4083, #4084, #4085, #4089, #4090, #4091, #4095, #4096, #4097, #4101, #4102, #4103, #4107, #4108, #4109, #4113, #4114, #4115, #4119, #4120, #4121, #4125, #4126, #4127, #4131, #4132, #4133, #4137, #4138, #4139, #4143, #4144, #4145, #4149, #4150, #4151, #4155, #4156, #4157, #4161, #4162, #4163, #4167, #4168, #4169, #4173, #4174, #4175, #4179, #4180, #4181, #4186, #4187, #4188, #4189)),.UNSPECIFIED.,.F.,.F.,.F.,(2,2),(4,3,3,3,3,3,3,3,3,3,3,3,3,3,3,3,3,3,3,3,3,3,3,3,3,3,3,3,3,3,3,3,3,3,4),(0.,1.),(0.,1.,2.,3.,4.,5.,6.,7.,8.,9.,10.,11.,12.,13.,14.,15.,16.,17.,18.,19.,20.,21.,22.,23.,24.,25.,26.,27.,28.,29.,30.,31.,32.,33.,34.),.PIECEWISE_BEZIER_KNOTS.);
#3984=CARTESIAN_POINT('',(8.68589838486225,2.,0.));
#3985=CARTESIAN_POINT('',(8.68589838486225,2.,0.00039768689017164));
#3986=CARTESIAN_POINT('',(8.68592332095962,2.,0.000797324937122185));
#3987=CARTESIAN_POINT('',(8.68589838486225,2.,0.));
#3988=CARTESIAN_POINT('',(8.68589838486225,2.,-5.42101086242752E-20));
#3989=CARTESIAN_POINT('',(8.68592332095962,2.,-1.78893358460108E-17));
#3990=CARTESIAN_POINT('',(8.68597309370469,2.,0.0011925108315337));
#3991=CARTESIAN_POINT('',(8.68602286644977,2.,0.00158769672594525));
#3992=CARTESIAN_POINT('',(8.68609754038563,2.,0.00197997768242023));
#3993=CARTESIAN_POINT('',(8.68597309370469,2.,-4.06575814682064E-17));
#3994=CARTESIAN_POINT('',(8.68602286644977,2.,-5.21501244965528E-17));
#3995=CARTESIAN_POINT('',(8.68609754038563,2.,-6.31005664386564E-17));
#3996=CARTESIAN_POINT('',(8.68619544474104,2.,0.0023660924690433));
#3997=CARTESIAN_POINT('',(8.68639125345187,2.,0.00313832204228933));
#3998=CARTESIAN_POINT('',(8.68668104398174,2.,0.00388595782777231));
#3999=CARTESIAN_POINT('',(8.68619544474104,2.,-3.38271077815477E-17));
#4000=CARTESIAN_POINT('',(8.68639125345187,2.,-8.45677694538693E-18));
#4001=CARTESIAN_POINT('',(8.68668104398174,2.,6.78710559975926E-17));
#4002=CARTESIAN_POINT('',(8.68704140355313,2.,0.00459638865169603));
#4003=CARTESIAN_POINT('',(8.68740176312452,2.,0.00530681947561976));
#4004=CARTESIAN_POINT('',(8.68783289257638,2.,0.00598071231979856));
#4005=CARTESIAN_POINT('',(8.68704140355313,2.,1.20996962449382E-16));
#4006=CARTESIAN_POINT('',(8.68740176312452,2.,1.84314369322536E-16));
#4007=CARTESIAN_POINT('',(8.68783289257638,2.,1.4137996329211E-16));
#4008=CARTESIAN_POINT('',(8.68831163683185,2.,0.00661757945796447));
#4009=CARTESIAN_POINT('',(8.68879038108732,2.,0.00725444659613038));
#4010=CARTESIAN_POINT('',(8.68931677662676,2.,0.0078547814430557));
#4011=CARTESIAN_POINT('',(8.68831163683185,2.,4.42354486374086E-17));
#4012=CARTESIAN_POINT('',(8.68879038108732,2.,-6.20163642661709E-17));
#4013=CARTESIAN_POINT('',(8.68931677662676,2.,8.67361737988404E-18));
#4014=CARTESIAN_POINT('',(8.68987553122594,2.,0.00842286980990317));
#4015=CARTESIAN_POINT('',(8.69043428582512,2.,0.00899095817675065));
#4016=CARTESIAN_POINT('',(8.69102461168991,2.,0.00952737364605098));
#4017=CARTESIAN_POINT('',(8.68987553122594,2.,8.06646416329215E-17));
#4018=CARTESIAN_POINT('',(8.69043428582512,2.,1.52655665885959E-16));
#4019=CARTESIAN_POINT('',(8.69102461168991,2.,4.59701721133854E-17));
#4020=CARTESIAN_POINT('',(8.69163717273989,2.,0.0100368797927955));
#4021=CARTESIAN_POINT('',(8.69224973378987,2.,0.0105463859395401));
#4022=CARTESIAN_POINT('',(8.69288399434362,2.,0.0110294588725539));
#4023=CARTESIAN_POINT('',(8.69163717273989,2.,1.99493199737333E-17));
#4024=CARTESIAN_POINT('',(8.69224973378987,2.,1.64798730217797E-17));
#4025=CARTESIAN_POINT('',(8.69288399434361,2.,5.46437894932694E-17));
#4026=CARTESIAN_POINT('',(8.69353417089385,2.,0.0114900916659791));
#4027=CARTESIAN_POINT('',(8.69483452399433,2.,0.0124113572528295));
#4028=CARTESIAN_POINT('',(8.69619558819246,2.,0.0132448778575569));
#4029=CARTESIAN_POINT('',(8.69353417089385,2.,9.8879238130678E-17));
#4030=CARTESIAN_POINT('',(8.69483452399433,2.,1.61329283265843E-16));
#4031=CARTESIAN_POINT('',(8.69619558819246,2.,1.47451495458029E-17));
#4032=CARTESIAN_POINT('',(8.69758862916664,2.,0.0140180551480628));
#4033=CARTESIAN_POINT('',(8.69828514965373,2.,0.0144046437933158));
#4034=CARTESIAN_POINT('',(8.69899079574957,2.,0.0147750943642588));
#4035=CARTESIAN_POINT('',(8.69758862916664,2.,4.9439619065339E-17));
#4036=CARTESIAN_POINT('',(8.69828514965373,2.,6.67868538251071E-17));
#4037=CARTESIAN_POINT('',(8.69899079574957,2.,9.62771529167128E-17));
#4038=CARTESIAN_POINT('',(8.69970304394567,2.,0.0151322293741137));
#4039=CARTESIAN_POINT('',(8.70041529214177,2.,0.0154893643839685));
#4040=CARTESIAN_POINT('',(8.70113389220687,2.,0.0158335747458041));
#4041=CARTESIAN_POINT('',(8.69970304394567,2.,9.28077059647592E-17));
#4042=CARTESIAN_POINT('',(8.70041529214177,2.,8.50014503228635E-17));
#4043=CARTESIAN_POINT('',(8.70113389220687,2.,7.11236625150491E-17));
#4044=CARTESIAN_POINT('',(8.70185809848745,2.,0.016165813507808));
#4045=CARTESIAN_POINT('',(8.70330651104861,2.,0.0168302910318156));
#4046=CARTESIAN_POINT('',(8.70477504652231,2.,0.0174498939369787));
#4047=CARTESIAN_POINT('',(8.70185809848745,2.,5.72458747072346E-17));
#4048=CARTESIAN_POINT('',(8.70330651104861,2.,4.33680868994202E-17));
#4049=CARTESIAN_POINT('',(8.70477504652231,2.,5.89805981832114E-17));
#4050=CARTESIAN_POINT('',(8.70625802661215,2.,0.0180330716154887));
#4051=CARTESIAN_POINT('',(8.70922398679183,2.,0.0191994269725086));
#4052=CARTESIAN_POINT('',(8.71224322205078,2.,0.0202266099511447));
#4053=CARTESIAN_POINT('',(8.70625802661215,2.,5.20417042793042E-17));
#4054=CARTESIAN_POINT('',(8.70922398679183,2.,2.25514051876985E-17));
#4055=CARTESIAN_POINT('',(8.71224322205078,2.,5.3776427755281E-17));
#4056=CARTESIAN_POINT('',(8.71529004788704,2.,0.0211609693917768));
#4057=CARTESIAN_POINT('',(8.71833687372331,2.,0.0220953288324089));
#4058=CARTESIAN_POINT('',(8.72141199132665,2.,0.0229360300465223));
#4059=CARTESIAN_POINT('',(8.71529004788704,2.,3.81639164714898E-17));
#4060=CARTESIAN_POINT('',(8.71833687372331,2.,2.77555756156289E-17));
#4061=CARTESIAN_POINT('',(8.72141199132665,2.,5.72458747072346E-17));
#4062=CARTESIAN_POINT('',(8.72450386608093,2.,0.0237082683681479));
#4063=CARTESIAN_POINT('',(8.72759574083522,2.,0.0244805066897734));
#4064=CARTESIAN_POINT('',(8.73070475065031,2.,0.0251837726770658));
#4065=CARTESIAN_POINT('',(8.72450386608093,2.,6.24500451351651E-17));
#4066=CARTESIAN_POINT('',(8.72759574083522,2.,6.41847686111419E-17));
#4067=CARTESIAN_POINT('',(8.73070475065031,2.,2.25514051876985E-17));
#4068=CARTESIAN_POINT('',(8.73382446677059,2.,0.0258342480715034));
#4069=CARTESIAN_POINT('',(8.73694418289086,2.,0.026484723465941));
#4070=CARTESIAN_POINT('',(8.74007532923935,2.,0.0270806845280514));
#4071=CARTESIAN_POINT('',(8.73382446677059,2.,2.77555756156289E-17));
#4072=CARTESIAN_POINT('',(8.73694418289086,2.,3.12250225675825E-17));
#4073=CARTESIAN_POINT('',(8.74007532923935,2.,3.64291929955129E-17));
#4074=CARTESIAN_POINT('',(8.74321379789524,2.,0.0276339472944804));
#4075=CARTESIAN_POINT('',(8.74635226655112,2.,0.0281872100609095));
#4076=CARTESIAN_POINT('',(8.74949820872662,2.,0.0286973866489961));
#4077=CARTESIAN_POINT('',(8.74321379789524,2.,3.29597460435593E-17));
#4078=CARTESIAN_POINT('',(8.74635226655112,2.,3.29597460435593E-17));
#4079=CARTESIAN_POINT('',(8.74949820872662,2.,1.04083408558608E-17));
#4080=CARTESIAN_POINT('',(8.7526497211045,2.,0.0291706136695646));
#4081=CARTESIAN_POINT('',(8.75580123348238,2.,0.0296438406901332));
#4082=CARTESIAN_POINT('',(8.75895812831289,2.,0.0300808704221135));
#4083=CARTESIAN_POINT('',(8.7526497211045,2.,1.90819582357449E-17));
#4084=CARTESIAN_POINT('',(8.75580123348238,2.,2.60208521396521E-17));
#4085=CARTESIAN_POINT('',(8.75895812831289,2.,3.12250225675825E-17));
#4086=CARTESIAN_POINT('',(8.76211922928467,2.,0.0304857099025527));
#4087=CARTESIAN_POINT('',(8.76528033025645,2.,0.0308905493829919));
#4088=CARTESIAN_POINT('',(8.76844509142638,2.,0.0312652966093249));
#4089=CARTESIAN_POINT('',(8.76211922928467,2.,2.77555756156289E-17));
#4090=CARTESIAN_POINT('',(8.76528033025645,2.,2.25514051876985E-17));
#4091=CARTESIAN_POINT('',(8.76844509142638,2.,2.08166817117217E-17));
#4092=CARTESIAN_POINT('',(8.7716131460412,2.,0.0316114222691558));
#4093=CARTESIAN_POINT('',(8.77794925527083,2.,0.0323036735888175));
#4094=CARTESIAN_POINT('',(8.78429651125257,2.,0.032889223111549));
#4095=CARTESIAN_POINT('',(8.7716131460412,2.,1.73472347597681E-17));
#4096=CARTESIAN_POINT('',(8.77794925527083,2.,2.08166817117217E-17));
#4097=CARTESIAN_POINT('',(8.78429651125257,2.,2.77555756156289E-17));
#4098=CARTESIAN_POINT('',(8.79065093732692,2.,0.0333856375063258));
#4099=CARTESIAN_POINT('',(8.80335978947562,2.,0.0343784662958794));
#4100=CARTESIAN_POINT('',(8.81609382950436,2.,0.0350291036527467));
#4101=CARTESIAN_POINT('',(8.79065093732692,2.,2.08166817117217E-17));
#4102=CARTESIAN_POINT('',(8.80335978947562,2.,0.));
#4103=CARTESIAN_POINT('',(8.81609382950436,2.,3.46944695195361E-18));
#4104=CARTESIAN_POINT('',(8.82883433049628,2.,0.0354415656662524));
#4105=CARTESIAN_POINT('',(8.83520458099225,2.,0.0356477966730053));
#4106=CARTESIAN_POINT('',(8.84157684149704,2.,0.0357925704669422));
#4107=CARTESIAN_POINT('',(8.82883433049628,2.,0.));
#4108=CARTESIAN_POINT('',(8.83520458099224,2.,0.));
#4109=CARTESIAN_POINT('',(8.84157684149704,2.,6.93889390390723E-18));
#4110=CARTESIAN_POINT('',(8.84794987513205,2.,0.0358843613339805));
#4111=CARTESIAN_POINT('',(8.85432290876706,2.,0.0359761522010188));
#4112=CARTESIAN_POINT('',(8.86069657759327,2.,0.0360162834575403));
#4113=CARTESIAN_POINT('',(8.84794987513205,2.,3.46944695195361E-18));
#4114=CARTESIAN_POINT('',(8.85432290876706,2.,0.));
#4115=CARTESIAN_POINT('',(8.86069657759327,2.,-6.93889390390723E-18));
#4116=CARTESIAN_POINT('',(8.86707029026598,2.,0.0360096065362212));
#4117=CARTESIAN_POINT('',(8.87025714660234,2.,0.0360062680755616));
#4118=CARTESIAN_POINT('',(8.87344388301456,2.,0.0359924846079818));
#4119=CARTESIAN_POINT('',(8.86707029026598,2.,-6.93889390390723E-18));
#4120=CARTESIAN_POINT('',(8.87025714660234,2.,-1.04083408558608E-17));
#4121=CARTESIAN_POINT('',(8.87344388301456,2.,3.46944695195361E-18));
#4122=CARTESIAN_POINT('',(8.87663061088712,2.,0.0359671286997985));
#4123=CARTESIAN_POINT('',(8.87981733875967,2.,0.0359417727916151));
#4124=CARTESIAN_POINT('',(8.88300403619085,2.,0.0359051045735422));
#4125=CARTESIAN_POINT('',(8.87663061088712,2.,0.));
#4126=CARTESIAN_POINT('',(8.87981733875967,2.,0.));
#4127=CARTESIAN_POINT('',(8.88300403619085,2.,-3.46944695195361E-18));
#4128=CARTESIAN_POINT('',(8.88619051650215,2.,0.0358590960421825));
#4129=CARTESIAN_POINT('',(8.89256347712474,2.,0.0357670789794631));
#4130=CARTESIAN_POINT('',(8.89893591108729,2.,0.0356336211419339));
#4131=CARTESIAN_POINT('',(8.88619051650215,2.,-3.46944695195361E-18));
#4132=CARTESIAN_POINT('',(8.89256347712474,2.,-3.46944695195361E-18));
#4133=CARTESIAN_POINT('',(8.89893591108729,2.,-6.93889390390723E-18));
#4134=CARTESIAN_POINT('',(8.90530726842987,2.,0.0354659905535142));
#4135=CARTESIAN_POINT('',(8.91167862577246,2.,0.0352983599650945));
#4136=CARTESIAN_POINT('',(8.91804915043231,2.,0.0350932211365597));
#4137=CARTESIAN_POINT('',(8.90530726842987,2.,-1.04083408558608E-17));
#4138=CARTESIAN_POINT('',(8.91167862577246,2.,-1.38777878078145E-17));
#4139=CARTESIAN_POINT('',(8.91804915043231,2.,-1.38777878078145E-17));
#4140=CARTESIAN_POINT('',(8.92441839763215,2.,0.0348571660889992));
#4141=CARTESIAN_POINT('',(8.930787644832,2.,0.0346211110414388));
#4142=CARTESIAN_POINT('',(8.93715572630259,2.,0.0343528263422683));
#4143=CARTESIAN_POINT('',(8.92441839763215,2.,-1.73472347597681E-17));
#4144=CARTESIAN_POINT('',(8.930787644832,2.,-1.73472347597681E-17));
#4145=CARTESIAN_POINT('',(8.93715572630259,2.,-1.38777878078145E-17));
#4146=CARTESIAN_POINT('',(8.94352244673741,2.,0.0340558125407382));
#4147=CARTESIAN_POINT('',(8.95625588760705,2.,0.033461784937678));
#4148=CARTESIAN_POINT('',(8.96898389814776,2.,0.0327543448634761));
#4149=CARTESIAN_POINT('',(8.94352244673741,2.,-1.38777878078145E-17));
#4150=CARTESIAN_POINT('',(8.95625588760705,2.,-1.38777878078145E-17));
#4151=CARTESIAN_POINT('',(8.96898389814776,2.,-2.42861286636753E-17));
#4152=CARTESIAN_POINT('',(8.98170594858158,2.,0.0319523033185313));
#4153=CARTESIAN_POINT('',(8.9944279990154,2.,0.0311502617735866));
#4154=CARTESIAN_POINT('',(9.00714409773751,2.,0.0302563448083652));
#4155=CARTESIAN_POINT('',(8.98170594858158,2.,-1.73472347597681E-17));
#4156=CARTESIAN_POINT('',(8.9944279990154,2.,-1.21430643318376E-17));
#4157=CARTESIAN_POINT('',(9.00714409773751,2.,-1.38777878078145E-17));
#4158=CARTESIAN_POINT('',(9.01985419337177,2.,0.0292832534099453));
#4159=CARTESIAN_POINT('',(9.03256428900604,2.,0.0283101620115255));
#4160=CARTESIAN_POINT('',(9.04526840003462,2.,0.0272603327299551));
#4161=CARTESIAN_POINT('',(9.01985419337177,2.,-1.38777878078145E-17));
#4162=CARTESIAN_POINT('',(9.03256428900604,2.,-1.21430643318376E-17));
#4163=CARTESIAN_POINT('',(9.04526840003462,2.,-1.56125112837913E-17));
#4164=CARTESIAN_POINT('',(9.05796664403373,2.,0.0261435209081861));
#4165=CARTESIAN_POINT('',(9.07066488803284,2.,0.025026709086417));
#4166=CARTESIAN_POINT('',(9.08335727931821,2.,0.0238437148394996));
#4167=CARTESIAN_POINT('',(9.05796664403373,2.,-1.38777878078145E-17));
#4168=CARTESIAN_POINT('',(9.07066488803284,2.,-1.21430643318376E-17));
#4169=CARTESIAN_POINT('',(9.08335727931821,2.,-1.73472347597681E-17));
#4170=CARTESIAN_POINT('',(9.0960439580834,2.,0.0226027732831991));
#4171=CARTESIAN_POINT('',(9.1087306368486,2.,0.0213618317268987));
#4172=CARTESIAN_POINT('',(9.12141159627858,2.,0.0200621829044795));
#4173=CARTESIAN_POINT('',(9.0960439580834,2.,-2.08166817117217E-17));
#4174=CARTESIAN_POINT('',(9.1087306368486,2.,-2.60208521396521E-17));
#4175=CARTESIAN_POINT('',(9.12141159627858,2.,-1.90819582357449E-17));
#4176=CARTESIAN_POINT('',(9.13408687843257,2.,0.0187095397144883));
#4177=CARTESIAN_POINT('',(9.15943744274055,2.,0.0160042533345059));
#4178=CARTESIAN_POINT('',(9.18476553491858,2.,0.0130891178043812));
#4179=CARTESIAN_POINT('',(9.13408687843257,2.,-1.90819582357449E-17));
#4180=CARTESIAN_POINT('',(9.15943744274055,2.,-1.04083408558608E-17));
#4181=CARTESIAN_POINT('',(9.18476553491858,2.,6.93889390390723E-18));
#4182=CARTESIAN_POINT('',(9.21006895671388,2.,0.00997372182377369));
#4183=CARTESIAN_POINT('',(9.23537237850919,2.,0.00685832584316613));
#4184=CARTESIAN_POINT('',(9.26065121546384,2.,0.0035424281530508));
#4185=CARTESIAN_POINT('',(9.28589838486224,2.,0.));
#4186=CARTESIAN_POINT('',(9.21006895671388,2.,5.20417042793042E-18));
#4187=CARTESIAN_POINT('',(9.23537237850919,2.,8.67361737988404E-19));
#4188=CARTESIAN_POINT('',(9.26065121546385,2.,3.69712940817557E-16));
#4189=CARTESIAN_POINT('',(9.28589838486224,2.,0.));
#4190=GEOMETRIC_SET('YGEIDFBZRS, WingGeom, 0',(#2948,#3155,#3362,#3569,#3776,#3983));
#4191=GEOMETRICALLY_BOUNDED_SURFACE_SHAPE_REPRESENTATION('',(#4190),#15);
#4192=SHAPE_REPRESENTATION_RELATIONSHIP('','',#29,#4191);
#4193=B_SPLINE_SURFACE_WITH_KNOTS('Surf_YGEIDFBZRS, WingGeom, 1, 1, lower',1,3,((#4194, #4195, #4196, #4200, #4201, #4202, #4206, #4207, #4208, #4212, #4213, #4214, #4218, #4219, #4220, #4224, #4225, #4226, #4230, #4231, #4232, #4236, #4237, #4238, #4242, #4243, #4244, #4248, #4249, #4250, #4254, #4255, #4256, #4260, #4261, #4262, #4266, #4267, #4268, #4272, #4273, #4274, #4278, #4279, #4280, #4284, #4285, #4286, #4290, #4291, #4292, #4296, #4297, #4298, #4302, #4303, #4304, #4308, #4309, #4310, #4314, #4315, #4316, #4320, #4321, #4322, #4326, #4327, #4328, #4332, #4333, #4334, #4338, #4339, #4340, #4344, #4345, #4346, #4350, #4351, #4352, #4356, #4357, #4358, #4362, #4363, #4364, #4368, #4369, #4370, #4374, #4375, #4376, #4380, #4381, #4382, #4386, #4387, #4388, #4392, #4393, #4394, #4395),(#4197, #4198, #4199, #4203, #4204, #4205, #4209, #4210, #4211, #4215, #4216, #4217, #4221, #4222, #4223, #4227, #4228, #4229, #4233, #4234, #4235, #4239, #4240, #4241, #4245, #4246, #4247, #4251, #4252, #4253, #4257, #4258, #4259, #4263, #4264, #4265, #4269, #4270, #4271, #4275, #4276, #4277, #4281, #4282, #4283, #4287, #4288, #4289, #4293, #4294, #4295, #4299, #4300, #4301, #4305, #4306, #4307, #4311, #4312, #4313, #4317, #4318, #4319, #4323, #4324, #4325, #4329, #4330, #4331, #4335, #4336, #4337, #4341, #4342, #4343, #4347, #4348, #4349, #4353, #4354, #4355, #4359, #4360, #4361, #4365, #4366, #4367, #4371, #4372, #4373, #4377, #4378, #4379, #4383, #4384, #4385, #4389, #4390, #4391, #4396, #4397, #4398, #4399)),.UNSPECIFIED.,.F.,.F.,.F.,(2,2),(4,3,3,3,3,3,3,3,3,3,3,3,3,3,3,3,3,3,3,3,3,3,3,3,3,3,3,3,3,3,3,3,3,3,4),(0.,1.),(0.,1.,2.,3.,4.,5.,6.,7.,8.,9.,10.,11.,12.,13.,14.,15.,16.,17.,18.,19.,20.,21.,22.,23.,24.,25.,26.,27.,28.,29.,30.,31.,32.,33.,34.),.PIECEWISE_BEZIER_KNOTS.);
#4194=CARTESIAN_POINT('',(8.,0.,0.));
#4195=CARTESIAN_POINT('',(8.,0.,0.));
#4196=CARTESIAN_POINT('',(8.00004987219475,0.,-3.57786716920216E-17));
#4197=CARTESIAN_POINT('',(8.,0.,0.));
#4198=CARTESIAN_POINT('',(8.,0.,-0.000795373780343279));
#4199=CARTESIAN_POINT('',(8.00004987219475,0.,-0.00159464987424444));
#4200=CARTESIAN_POINT('',(8.0001494176849,0.,-8.15320033709099E-17));
#4201=CARTESIAN_POINT('',(8.00024896317504,0.,-1.047339298621E-16));
#4202=CARTESIAN_POINT('',(8.00039831104676,0.,-1.25333771139324E-16));
#4203=CARTESIAN_POINT('',(8.0001494176849,0.,-0.00238502166306756));
#4204=CARTESIAN_POINT('',(8.00024896317504,0.,-0.00317539345189071));
#4205=CARTESIAN_POINT('',(8.00039831104676,0.,-0.00395995536484072));
#4206=CARTESIAN_POINT('',(8.0005941197576,0.,-6.67868538251071E-17));
#4207=CARTESIAN_POINT('',(8.00098573717926,0.,-1.60461921527855E-17));
#4208=CARTESIAN_POINT('',(8.00156531823898,0.,1.35742111995185E-16));
#4209=CARTESIAN_POINT('',(8.0005941197576,0.,-0.00473218493808673));
#4210=CARTESIAN_POINT('',(8.00098573717926,0.,-0.0062766440845787));
#4211=CARTESIAN_POINT('',(8.00156531823898,0.,-0.00777191565554434));
#4212=CARTESIAN_POINT('',(8.00228603738176,0.,2.41993924898765E-16));
#4213=CARTESIAN_POINT('',(8.00300675652454,0.,3.68628738645072E-16));
#4214=CARTESIAN_POINT('',(8.00386901542826,0.,2.83627288322208E-16));
#4215=CARTESIAN_POINT('',(8.00228603738176,0.,-0.00919277730339158));
#4216=CARTESIAN_POINT('',(8.00300675652454,0.,-0.0106136389512388));
#4217=CARTESIAN_POINT('',(8.00386901542826,0.,-0.0119614246395965));
#4218=CARTESIAN_POINT('',(8.00482650393921,0.,8.84708972748172E-17));
#4219=CARTESIAN_POINT('',(8.00578399245015,0.,-1.2490009027033E-16));
#4220=CARTESIAN_POINT('',(8.00683678352904,0.,1.73472347597681E-17));
#4221=CARTESIAN_POINT('',(8.00482650393921,0.,-0.0132351589159288));
#4222=CARTESIAN_POINT('',(8.00578399245015,0.,-0.014508893192261));
#4223=CARTESIAN_POINT('',(8.00683678352904,0.,-0.0157095628861114));
#4224=CARTESIAN_POINT('',(8.00795429272739,0.,1.59594559789866E-16));
#4225=CARTESIAN_POINT('',(8.00907180192574,0.,3.01841884819964E-16));
#4226=CARTESIAN_POINT('',(8.01025245365533,0.,9.0205620750794E-17));
#4227=CARTESIAN_POINT('',(8.00795429272739,0.,-0.016845739619806));
#4228=CARTESIAN_POINT('',(8.00907180192574,0.,-0.0179819163535007));
#4229=CARTESIAN_POINT('',(8.01025245365533,0.,-0.0190547472921018));
#4230=CARTESIAN_POINT('',(8.01147757575529,0.,3.98986399474666E-17));
#4231=CARTESIAN_POINT('',(8.01270269785525,0.,3.12250225675825E-17));
#4232=CARTESIAN_POINT('',(8.01397121896274,0.,1.11022302462516E-16));
#4233=CARTESIAN_POINT('',(8.01147757575529,0.,-0.020073759585591));
#4234=CARTESIAN_POINT('',(8.01270269785525,0.,-0.0210927718790802));
#4235=CARTESIAN_POINT('',(8.01397121896274,0.,-0.0220589177451076));
#4236=CARTESIAN_POINT('',(8.01527157206321,0.,2.0122792321331E-16));
#4237=CARTESIAN_POINT('',(8.01787227826417,0.,3.3133218391157E-16));
#4238=CARTESIAN_POINT('',(8.02059440666043,0.,2.77555756156289E-17));
#4239=CARTESIAN_POINT('',(8.01527157206321,0.,-0.0229801833319578));
#4240=CARTESIAN_POINT('',(8.01787227826417,0.,-0.0248227145056583));
#4241=CARTESIAN_POINT('',(8.02059440666043,0.,-0.0264897557151138));
#4242=CARTESIAN_POINT('',(8.02338048860879,0.,9.8879238130678E-17));
#4243=CARTESIAN_POINT('',(8.02477352958297,0.,1.35308431126191E-16));
#4244=CARTESIAN_POINT('',(8.02618482177464,0.,1.94289029309402E-16));
#4245=CARTESIAN_POINT('',(8.02338048860879,0.,-0.0280361102961255));
#4246=CARTESIAN_POINT('',(8.02477352958297,0.,-0.0288092875866312));
#4247=CARTESIAN_POINT('',(8.02618482177464,0.,-0.0295501887285173));
#4248=CARTESIAN_POINT('',(8.02760931816684,0.,1.89084858881472E-16));
#4249=CARTESIAN_POINT('',(8.02903381455904,0.,1.73472347597681E-16));
#4250=CARTESIAN_POINT('',(8.03047101468924,0.,1.42247325030098E-16));
#4251=CARTESIAN_POINT('',(8.02760931816684,0.,-0.0302644587482269));
#4252=CARTESIAN_POINT('',(8.02903381455904,0.,-0.0309787287679366));
#4253=CARTESIAN_POINT('',(8.03047101468924,0.,-0.031667149491608));
#4254=CARTESIAN_POINT('',(8.0319194272504,0.,1.14491749414469E-16));
#4255=CARTESIAN_POINT('',(8.03481625237272,0.,8.67361737988404E-17));
#4256=CARTESIAN_POINT('',(8.03775332332014,0.,1.14491749414469E-16));
#4257=CARTESIAN_POINT('',(8.0319194272504,0.,-0.0323316270156157));
#4258=CARTESIAN_POINT('',(8.03481625237272,0.,-0.0336605820636311));
#4259=CARTESIAN_POINT('',(8.03775332332014,0.,-0.0348997878739572));
#4260=CARTESIAN_POINT('',(8.04071928349981,0.,1.00613961606655E-16));
#4261=CARTESIAN_POINT('',(8.04665120385916,0.,4.16333634234434E-17));
#4262=CARTESIAN_POINT('',(8.05268967437707,0.,1.07552855510562E-16));
#4263=CARTESIAN_POINT('',(8.04071928349981,0.,-0.0360661432309772));
#4264=CARTESIAN_POINT('',(8.04665120385916,0.,-0.038398853945017));
#4265=CARTESIAN_POINT('',(8.05268967437707,0.,-0.0404532199022892));
#4266=CARTESIAN_POINT('',(8.0587833260496,0.,7.63278329429795E-17));
#4267=CARTESIAN_POINT('',(8.06487697772213,0.,5.55111512312578E-17));
#4268=CARTESIAN_POINT('',(8.07102721292881,0.,1.14491749414469E-16));
#4269=CARTESIAN_POINT('',(8.0587833260496,0.,-0.0423219387835534));
#4270=CARTESIAN_POINT('',(8.06487697772213,0.,-0.0441906576648177));
#4271=CARTESIAN_POINT('',(8.07102721292881,0.,-0.0458720600930443));
#4272=CARTESIAN_POINT('',(8.07721096243738,0.,1.2490009027033E-16));
#4273=CARTESIAN_POINT('',(8.08339471194594,0.,1.28369537222284E-16));
#4274=CARTESIAN_POINT('',(8.08961273157614,0.,3.46944695195361E-17));
#4275=CARTESIAN_POINT('',(8.07721096243738,0.,-0.0474165367362955));
#4276=CARTESIAN_POINT('',(8.08339471194594,0.,-0.0489610133795466));
#4277=CARTESIAN_POINT('',(8.08961273157614,0.,-0.0503675453541316));
#4278=CARTESIAN_POINT('',(8.09585216381668,0.,5.20417042793042E-17));
#4279=CARTESIAN_POINT('',(8.10209159605722,0.,6.59194920871187E-17));
#4280=CARTESIAN_POINT('',(8.10835388875422,0.,6.24500451351651E-17));
#4281=CARTESIAN_POINT('',(8.09585216381668,0.,-0.0516684961430067));
#4282=CARTESIAN_POINT('',(8.10209159605722,0.,-0.0529694469318819));
#4283=CARTESIAN_POINT('',(8.10835388875422,0.,-0.0541613690561027));
#4284=CARTESIAN_POINT('',(8.11463082606598,0.,5.89805981832114E-17));
#4285=CARTESIAN_POINT('',(8.12090776337774,0.,6.24500451351651E-17));
#4286=CARTESIAN_POINT('',(8.12719964772876,0.,2.77555756156289E-17));
#4287=CARTESIAN_POINT('',(8.11463082606598,0.,-0.0552678945889607));
#4288=CARTESIAN_POINT('',(8.12090776337774,0.,-0.0563744201218188));
#4289=CARTESIAN_POINT('',(8.12719964772876,0.,-0.0573947732979921));
#4290=CARTESIAN_POINT('',(8.13350267248451,0.,4.5102810375397E-17));
#4291=CARTESIAN_POINT('',(8.13980569724026,0.,5.89805981832114E-17));
#4292=CARTESIAN_POINT('',(8.14611948690128,0.,6.24500451351651E-17));
#4293=CARTESIAN_POINT('',(8.13350267248451,0.,-0.0583412273391292));
#4294=CARTESIAN_POINT('',(8.13980569724026,0.,-0.0592876813802663));
#4295=CARTESIAN_POINT('',(8.14611948690128,0.,-0.0601617408442268));
#4296=CARTESIAN_POINT('',(8.15244168884485,0.,5.55111512312578E-17));
#4297=CARTESIAN_POINT('',(8.15876389078842,0.,4.5102810375397E-17));
#4298=CARTESIAN_POINT('',(8.16509341312827,0.,4.16333634234434E-17));
#4299=CARTESIAN_POINT('',(8.15244168884485,0.,-0.0609714198051053));
#4300=CARTESIAN_POINT('',(8.15876389078842,0.,-0.0617810987659837));
#4301=CARTESIAN_POINT('',(8.16509341312827,0.,-0.0625305932186497));
#4302=CARTESIAN_POINT('',(8.1714295223579,0.,3.46944695195361E-17));
#4303=CARTESIAN_POINT('',(8.18410174081717,0.,4.16333634234434E-17));
#4304=CARTESIAN_POINT('',(8.19679625278066,0.,4.85722573273506E-17));
#4305=CARTESIAN_POINT('',(8.1714295223579,0.,-0.0632228445383115));
#4306=CARTESIAN_POINT('',(8.18410174081717,0.,-0.064607347177635));
#4307=CARTESIAN_POINT('',(8.19679625278066,0.,-0.0657784462230978));
#4308=CARTESIAN_POINT('',(8.20950510492936,0.,3.46944695195361E-17));
#4309=CARTESIAN_POINT('',(8.23492280922676,0.,-6.93889390390723E-18));
#4310=CARTESIAN_POINT('',(8.26039088928423,0.,1.38777878078145E-17));
#4311=CARTESIAN_POINT('',(8.20950510492936,0.,-0.0667712750126515));
#4312=CARTESIAN_POINT('',(8.23492280922676,0.,-0.0687569325917589));
#4313=CARTESIAN_POINT('',(8.26039088928423,0.,-0.0700582073054934));
#4314=CARTESIAN_POINT('',(8.28587189126808,0.,6.93889390390723E-18));
#4315=CARTESIAN_POINT('',(8.29861239226,0.,6.93889390390723E-18));
#4316=CARTESIAN_POINT('',(8.31135691326959,0.,2.08166817117217E-17));
#4317=CARTESIAN_POINT('',(8.28587189126808,0.,-0.0708831313325048));
#4318=CARTESIAN_POINT('',(8.29861239226,0.,-0.0712955933460105));
#4319=CARTESIAN_POINT('',(8.31135691326959,0.,-0.0715851409338844));
#4320=CARTESIAN_POINT('',(8.3241029805396,0.,1.38777878078145E-17));
#4321=CARTESIAN_POINT('',(8.33684904780962,0.,6.93889390390723E-18));
#4322=CARTESIAN_POINT('',(8.34959638546205,0.,-6.93889390390723E-18));
#4323=CARTESIAN_POINT('',(8.3241029805396,0.,-0.071768722667961));
#4324=CARTESIAN_POINT('',(8.33684904780962,0.,-0.0719523044020376));
#4325=CARTESIAN_POINT('',(8.34959638546205,0.,-0.0720325669150806));
#4326=CARTESIAN_POINT('',(8.36234381080747,0.,-6.93889390390723E-18));
#4327=CARTESIAN_POINT('',(8.36871752348018,0.,-1.38777878078145E-17));
#4328=CARTESIAN_POINT('',(8.37509099630463,0.,6.93889390390723E-18));
#4329=CARTESIAN_POINT('',(8.36234381080747,0.,-0.0720192130724423));
#4330=CARTESIAN_POINT('',(8.36871752348018,0.,-0.0720125361511232));
#4331=CARTESIAN_POINT('',(8.37509099630463,0.,-0.0719849692159636));
#4332=CARTESIAN_POINT('',(8.38146445204974,0.,0.));
#4333=CARTESIAN_POINT('',(8.38783790779485,0.,0.));
#4334=CARTESIAN_POINT('',(8.39421130265721,0.,6.93889390390723E-18));
#4335=CARTESIAN_POINT('',(8.38146445204974,0.,-0.0719342573995969));
#4336=CARTESIAN_POINT('',(8.38783790779485,0.,-0.0718835455832302));
#4337=CARTESIAN_POINT('',(8.39421130265721,0.,-0.0718102091470845));
#4338=CARTESIAN_POINT('',(8.4005842632798,0.,6.93889390390723E-18));
#4339=CARTESIAN_POINT('',(8.41333018452498,0.,6.93889390390723E-18));
#4340=CARTESIAN_POINT('',(8.42607505245008,0.,-1.38777878078145E-17));
#4341=CARTESIAN_POINT('',(8.4005842632798,0.,-0.071718192084365));
#4342=CARTESIAN_POINT('',(8.41333018452498,0.,-0.0715341579589261));
#4343=CARTESIAN_POINT('',(8.42607505245008,0.,-0.0712672422838678));
#4344=CARTESIAN_POINT('',(8.43881776713526,0.,-2.08166817117217E-17));
#4345=CARTESIAN_POINT('',(8.45156048182043,0.,-2.77555756156289E-17));
#4346=CARTESIAN_POINT('',(8.46430153114013,0.,-2.08166817117217E-17));
#4347=CARTESIAN_POINT('',(8.43881776713526,0.,-0.0709319811070284));
#4348=CARTESIAN_POINT('',(8.45156048182043,0.,-0.0705967199301889));
#4349=CARTESIAN_POINT('',(8.46430153114013,0.,-0.0701864422731194));
#4350=CARTESIAN_POINT('',(8.47704002553982,0.,-2.77555756156289E-17));
#4351=CARTESIAN_POINT('',(8.48977851993951,0.,-2.77555756156289E-17));
#4352=CARTESIAN_POINT('',(8.50251468288069,0.,-2.77555756156289E-17));
#4353=CARTESIAN_POINT('',(8.47704002553982,0.,-0.0697143321779985));
#4354=CARTESIAN_POINT('',(8.48977851993951,0.,-0.0692422220828776));
#4355=CARTESIAN_POINT('',(8.50251468288069,0.,-0.0687056526845366));
#4356=CARTESIAN_POINT('',(8.51524812375033,0.,-2.77555756156289E-17));
#4357=CARTESIAN_POINT('',(8.54071500548961,0.,-2.77555756156289E-17));
#4358=CARTESIAN_POINT('',(8.56617102657102,0.,-4.85722573273506E-17));
#4359=CARTESIAN_POINT('',(8.51524812375033,0.,-0.0681116250814764));
#4360=CARTESIAN_POINT('',(8.54071500548961,0.,-0.0669235698753561));
#4361=CARTESIAN_POINT('',(8.56617102657102,0.,-0.0655086897269523));
#4362=CARTESIAN_POINT('',(8.59161512743867,0.,-4.16333634234434E-17));
#4363=CARTESIAN_POINT('',(8.61705922830632,0.,-3.46944695195361E-17));
#4364=CARTESIAN_POINT('',(8.64249142575052,0.,-2.42861286636753E-17));
#4365=CARTESIAN_POINT('',(8.59161512743867,0.,-0.0639046066370627));
#4366=CARTESIAN_POINT('',(8.61705922830632,0.,-0.0623005235471732));
#4367=CARTESIAN_POINT('',(8.64249142575052,0.,-0.0605126896167305));
#4368=CARTESIAN_POINT('',(8.66791161701906,0.,-2.42861286636753E-17));
#4369=CARTESIAN_POINT('',(8.69333180828759,0.,-2.08166817117217E-17));
#4370=CARTESIAN_POINT('',(8.71874003034476,0.,-2.77555756156289E-17));
#4371=CARTESIAN_POINT('',(8.66791161701906,0.,-0.0585665068198907));
#4372=CARTESIAN_POINT('',(8.69333180828759,0.,-0.0566203240230509));
#4373=CARTESIAN_POINT('',(8.71874003034476,0.,-0.0545206654599103));
#4374=CARTESIAN_POINT('',(8.74413651834297,0.,-2.77555756156289E-17));
#4375=CARTESIAN_POINT('',(8.76953300634119,0.,-2.77555756156289E-17));
#4376=CARTESIAN_POINT('',(8.79491778891192,0.,-4.85722573273506E-17));
#4377=CARTESIAN_POINT('',(8.74413651834297,0.,-0.0522870418163721));
#4378=CARTESIAN_POINT('',(8.76953300634119,0.,-0.050053418172834));
#4379=CARTESIAN_POINT('',(8.79491778891192,0.,-0.0476874296789992));
#4380=CARTESIAN_POINT('',(8.82029114644232,0.,-4.85722573273506E-17));
#4381=CARTESIAN_POINT('',(8.84566450397271,0.,-5.20417042793042E-17));
#4382=CARTESIAN_POINT('',(8.87102642283267,0.,-4.16333634234434E-17));
#4383=CARTESIAN_POINT('',(8.82029114644232,0.,-0.0452055465663984));
#4384=CARTESIAN_POINT('',(8.84566450397271,0.,-0.0427236634537975));
#4385=CARTESIAN_POINT('',(8.87102642283267,0.,-0.040124365808959));
#4386=CARTESIAN_POINT('',(8.89637698714064,0.,-3.81639164714898E-17));
#4387=CARTESIAN_POINT('',(8.9470781157566,0.,-2.42861286636753E-17));
#4388=CARTESIAN_POINT('',(8.99773430011267,0.,1.04083408558608E-17));
#4389=CARTESIAN_POINT('',(8.89637698714064,0.,-0.0374190794289766));
#4390=CARTESIAN_POINT('',(8.9470781157566,0.,-0.0320085066690118));
#4391=CARTESIAN_POINT('',(8.99773430011267,0.,-0.0261782356087625));
#4392=CARTESIAN_POINT('',(9.04834114370328,0.,6.93889390390723E-18));
#4393=CARTESIAN_POINT('',(9.09894798729389,0.,-1.73472347597681E-18));
#4394=CARTESIAN_POINT('',(9.14950566120321,0.,7.3899220076612E-16));
#4395=CARTESIAN_POINT('',(9.2,0.,0.));
#4396=CARTESIAN_POINT('',(9.04834114370328,0.,-0.0199474436475474));
#4397=CARTESIAN_POINT('',(9.09894798729389,0.,-0.0137166516863323));
#4398=CARTESIAN_POINT('',(9.14950566120323,0.,-0.00708485630610012));
#4399=CARTESIAN_POINT('',(9.2,0.,0.));
#4400=B_SPLINE_SURFACE_WITH_KNOTS('Surf_YGEIDFBZRS, WingGeom, 1, 4, upper',1,3,((#4401, #4402, #4403, #4407, #4408, #4409, #4413, #4414, #4415, #4419, #4420, #4421, #4425, #4426, #4427, #4431, #4432, #4433, #4437, #4438, #4439, #4443, #4444, #4445, #4449, #4450, #4451, #4455, #4456, #4457, #4461, #4462, #4463, #4467, #4468, #4469, #4473, #4474, #4475, #4479, #4480, #4481, #4485, #4486, #4487, #4491, #4492, #4493, #4497, #4498, #4499, #4503, #4504, #4505, #4509, #4510, #4511, #4515, #4516, #4517, #4521, #4522, #4523, #4527, #4528, #4529, #4533, #4534, #4535, #4539, #4540, #4541, #4545, #4546, #4547, #4551, #4552, #4553, #4557, #4558, #4559, #4563, #4564, #4565, #4569, #4570, #4571, #4575, #4576, #4577, #4581, #4582, #4583, #4587, #4588, #4589, #4593, #4594, #4595, #4599, #4600, #4601, #4602),(#4404, #4405, #4406, #4410, #4411, #4412, #4416, #4417, #4418, #4422, #4423, #4424, #4428, #4429, #4430, #4434, #4435, #4436, #4440, #4441, #4442, #4446, #4447, #4448, #4452, #4453, #4454, #4458, #4459, #4460, #4464, #4465, #4466, #4470, #4471, #4472, #4476, #4477, #4478, #4482, #4483, #4484, #4488, #4489, #4490, #4494, #4495, #4496, #4500, #4501, #4502, #4506, #4507, #4508, #4512, #4513, #4514, #4518, #4519, #4520, #4524, #4525, #4526, #4530, #4531, #4532, #4536, #4537, #4538, #4542, #4543, #4544, #4548, #4549, #4550, #4554, #4555, #4556, #4560, #4561, #4562, #4566, #4567, #4568, #4572, #4573, #4574, #4578, #4579, #4580, #4584, #4585, #4586, #4590, #4591, #4592, #4596, #4597, #4598, #4603, #4604, #4605, #4606)),.UNSPECIFIED.,.F.,.F.,.F.,(2,2),(4,3,3,3,3,3,3,3,3,3,3,3,3,3,3,3,3,3,3,3,3,3,3,3,3,3,3,3,3,3,3,3,3,3,4),(0.,1.),(0.,1.,2.,3.,4.,5.,6.,7.,8.,9.,10.,11.,12.,13.,14.,15.,16.,17.,18.,19.,20.,21.,22.,23.,24.,25.,26.,27.,28.,29.,30.,31.,32.,33.,34.),.PIECEWISE_BEZIER_KNOTS.);
#4401=CARTESIAN_POINT('',(9.2,0.,0.));
#4402=CARTESIAN_POINT('',(9.14950566120321,0.,7.3899220076612E-16));
#4403=CARTESIAN_POINT('',(9.09894798729389,0.,-1.73472347597681E-18));
#4404=CARTESIAN_POINT('',(9.2,0.,0.));
#4405=CARTESIAN_POINT('',(9.14950566120319,0.,0.0070848563061016));
#4406=CARTESIAN_POINT('',(9.09894798729389,0.,0.0137166516863322));
#4407=CARTESIAN_POINT('',(9.04834114370328,0.,6.93889390390723E-18));
#4408=CARTESIAN_POINT('',(8.99773430011267,0.,1.04083408558608E-17));
#4409=CARTESIAN_POINT('',(8.9470781157566,0.,-2.42861286636753E-17));
#4410=CARTESIAN_POINT('',(9.04834114370328,0.,0.0199474436475474));
#4411=CARTESIAN_POINT('',(8.99773430011267,0.,0.0261782356087625));
#4412=CARTESIAN_POINT('',(8.9470781157566,0.,0.0320085066690118));
#4413=CARTESIAN_POINT('',(8.89637698714064,0.,-3.81639164714898E-17));
#4414=CARTESIAN_POINT('',(8.87102642283267,0.,-4.16333634234434E-17));
#4415=CARTESIAN_POINT('',(8.84566450397271,0.,-5.20417042793042E-17));
#4416=CARTESIAN_POINT('',(8.89637698714064,0.,0.0374190794289765));
#4417=CARTESIAN_POINT('',(8.87102642283267,0.,0.0401243658089589));
#4418=CARTESIAN_POINT('',(8.84566450397271,0.,0.0427236634537974));
#4419=CARTESIAN_POINT('',(8.82029114644232,0.,-4.85722573273506E-17));
#4420=CARTESIAN_POINT('',(8.79491778891192,0.,-4.85722573273506E-17));
#4421=CARTESIAN_POINT('',(8.76953300634119,0.,-2.77555756156289E-17));
#4422=CARTESIAN_POINT('',(8.82029114644232,0.,0.0452055465663983));
#4423=CARTESIAN_POINT('',(8.79491778891192,0.,0.0476874296789991));
#4424=CARTESIAN_POINT('',(8.76953300634119,0.,0.0500534181728339));
#4425=CARTESIAN_POINT('',(8.74413651834297,0.,-2.77555756156289E-17));
#4426=CARTESIAN_POINT('',(8.71874003034476,0.,-2.77555756156289E-17));
#4427=CARTESIAN_POINT('',(8.69333180828759,0.,-2.08166817117217E-17));
#4428=CARTESIAN_POINT('',(8.74413651834297,0.,0.0522870418163721));
#4429=CARTESIAN_POINT('',(8.71874003034476,0.,0.0545206654599103));
#4430=CARTESIAN_POINT('',(8.6933318082876,0.,0.0566203240230509));
#4431=CARTESIAN_POINT('',(8.66791161701906,0.,-2.42861286636753E-17));
#4432=CARTESIAN_POINT('',(8.64249142575052,0.,-2.42861286636753E-17));
#4433=CARTESIAN_POINT('',(8.61705922830632,0.,-3.46944695195361E-17));
#4434=CARTESIAN_POINT('',(8.66791161701906,0.,0.0585665068198907));
#4435=CARTESIAN_POINT('',(8.64249142575052,0.,0.0605126896167305));
#4436=CARTESIAN_POINT('',(8.61705922830632,0.,0.0623005235471731));
#4437=CARTESIAN_POINT('',(8.59161512743867,0.,-4.16333634234434E-17));
#4438=CARTESIAN_POINT('',(8.56617102657102,0.,-4.85722573273506E-17));
#4439=CARTESIAN_POINT('',(8.54071500548961,0.,-2.77555756156289E-17));
#4440=CARTESIAN_POINT('',(8.59161512743867,0.,0.0639046066370627));
#4441=CARTESIAN_POINT('',(8.56617102657102,0.,0.0655086897269522));
#4442=CARTESIAN_POINT('',(8.54071500548961,0.,0.0669235698753561));
#4443=CARTESIAN_POINT('',(8.51524812375033,0.,-2.77555756156289E-17));
#4444=CARTESIAN_POINT('',(8.50251468288069,0.,-2.77555756156289E-17));
#4445=CARTESIAN_POINT('',(8.48977851993951,0.,-2.77555756156289E-17));
#4446=CARTESIAN_POINT('',(8.51524812375033,0.,0.0681116250814764));
#4447=CARTESIAN_POINT('',(8.50251468288069,0.,0.0687056526845365));
#4448=CARTESIAN_POINT('',(8.48977851993951,0.,0.0692422220828776));
#4449=CARTESIAN_POINT('',(8.47704002553982,0.,-2.77555756156289E-17));
#4450=CARTESIAN_POINT('',(8.46430153114013,0.,-2.08166817117217E-17));
#4451=CARTESIAN_POINT('',(8.45156048182043,0.,-2.77555756156289E-17));
#4452=CARTESIAN_POINT('',(8.47704002553982,0.,0.0697143321779985));
#4453=CARTESIAN_POINT('',(8.46430153114013,0.,0.0701864422731194));
#4454=CARTESIAN_POINT('',(8.45156048182043,0.,0.0705967199301889));
#4455=CARTESIAN_POINT('',(8.43881776713526,0.,-2.08166817117217E-17));
#4456=CARTESIAN_POINT('',(8.42607505245008,0.,-1.38777878078145E-17));
#4457=CARTESIAN_POINT('',(8.41333018452498,0.,6.93889390390723E-18));
#4458=CARTESIAN_POINT('',(8.43881776713526,0.,0.0709319811070283));
#4459=CARTESIAN_POINT('',(8.42607505245008,0.,0.0712672422838678));
#4460=CARTESIAN_POINT('',(8.41333018452498,0.,0.0715341579589261));
#4461=CARTESIAN_POINT('',(8.4005842632798,0.,6.93889390390723E-18));
#4462=CARTESIAN_POINT('',(8.39421130265721,0.,6.93889390390723E-18));
#4463=CARTESIAN_POINT('',(8.38783790779485,0.,0.));
#4464=CARTESIAN_POINT('',(8.4005842632798,0.,0.071718192084365));
#4465=CARTESIAN_POINT('',(8.39421130265721,0.,0.0718102091470845));
#4466=CARTESIAN_POINT('',(8.38783790779485,0.,0.0718835455832302));
#4467=CARTESIAN_POINT('',(8.38146445204974,0.,0.));
#4468=CARTESIAN_POINT('',(8.37509099630463,0.,6.93889390390723E-18));
#4469=CARTESIAN_POINT('',(8.36871752348018,0.,-1.38777878078145E-17));
#4470=CARTESIAN_POINT('',(8.38146445204974,0.,0.0719342573995969));
#4471=CARTESIAN_POINT('',(8.37509099630463,0.,0.0719849692159636));
#4472=CARTESIAN_POINT('',(8.36871752348018,0.,0.0720125361511232));
#4473=CARTESIAN_POINT('',(8.36234381080747,0.,-6.93889390390723E-18));
#4474=CARTESIAN_POINT('',(8.34959638546205,0.,-6.93889390390723E-18));
#4475=CARTESIAN_POINT('',(8.33684904780962,0.,6.93889390390723E-18));
#4476=CARTESIAN_POINT('',(8.36234381080747,0.,0.0720192130724423));
#4477=CARTESIAN_POINT('',(8.34959638546205,0.,0.0720325669150806));
#4478=CARTESIAN_POINT('',(8.33684904780962,0.,0.0719523044020376));
#4479=CARTESIAN_POINT('',(8.3241029805396,0.,1.38777878078145E-17));
#4480=CARTESIAN_POINT('',(8.31135691326959,0.,2.08166817117217E-17));
#4481=CARTESIAN_POINT('',(8.29861239226,0.,6.93889390390723E-18));
#4482=CARTESIAN_POINT('',(8.3241029805396,0.,0.0717687226679611));
#4483=CARTESIAN_POINT('',(8.31135691326959,0.,0.0715851409338845));
#4484=CARTESIAN_POINT('',(8.29861239226,0.,0.0712955933460105));
#4485=CARTESIAN_POINT('',(8.28587189126808,0.,6.93889390390723E-18));
#4486=CARTESIAN_POINT('',(8.26039088928423,0.,1.38777878078145E-17));
#4487=CARTESIAN_POINT('',(8.23492280922676,0.,-6.93889390390723E-18));
#4488=CARTESIAN_POINT('',(8.28587189126808,0.,0.0708831313325048));
#4489=CARTESIAN_POINT('',(8.26039088928423,0.,0.0700582073054934));
#4490=CARTESIAN_POINT('',(8.23492280922676,0.,0.0687569325917589));
#4491=CARTESIAN_POINT('',(8.20950510492936,0.,3.46944695195361E-17));
#4492=CARTESIAN_POINT('',(8.19679625278066,0.,4.85722573273506E-17));
#4493=CARTESIAN_POINT('',(8.18410174081717,0.,4.16333634234434E-17));
#4494=CARTESIAN_POINT('',(8.20950510492936,0.,0.0667712750126516));
#4495=CARTESIAN_POINT('',(8.19679625278066,0.,0.0657784462230979));
#4496=CARTESIAN_POINT('',(8.18410174081717,0.,0.0646073471776351));
#4497=CARTESIAN_POINT('',(8.1714295223579,0.,3.46944695195361E-17));
#4498=CARTESIAN_POINT('',(8.16509341312827,0.,4.16333634234434E-17));
#4499=CARTESIAN_POINT('',(8.15876389078842,0.,4.5102810375397E-17));
#4500=CARTESIAN_POINT('',(8.1714295223579,0.,0.0632228445383116));
#4501=CARTESIAN_POINT('',(8.16509341312827,0.,0.0625305932186498));
#4502=CARTESIAN_POINT('',(8.15876389078842,0.,0.0617810987659838));
#4503=CARTESIAN_POINT('',(8.15244168884485,0.,5.55111512312578E-17));
#4504=CARTESIAN_POINT('',(8.14611948690128,0.,6.24500451351651E-17));
#4505=CARTESIAN_POINT('',(8.13980569724026,0.,5.89805981832114E-17));
#4506=CARTESIAN_POINT('',(8.15244168884485,0.,0.0609714198051054));
#4507=CARTESIAN_POINT('',(8.14611948690128,0.,0.060161740844227));
#4508=CARTESIAN_POINT('',(8.13980569724026,0.,0.0592876813802664));
#4509=CARTESIAN_POINT('',(8.13350267248451,0.,4.5102810375397E-17));
#4510=CARTESIAN_POINT('',(8.12719964772876,0.,2.77555756156289E-17));
#4511=CARTESIAN_POINT('',(8.12090776337774,0.,6.24500451351651E-17));
#4512=CARTESIAN_POINT('',(8.13350267248451,0.,0.0583412273391293));
#4513=CARTESIAN_POINT('',(8.12719964772876,0.,0.0573947732979922));
#4514=CARTESIAN_POINT('',(8.12090776337774,0.,0.0563744201218189));
#4515=CARTESIAN_POINT('',(8.11463082606598,0.,5.89805981832114E-17));
#4516=CARTESIAN_POINT('',(8.10835388875422,0.,6.24500451351651E-17));
#4517=CARTESIAN_POINT('',(8.10209159605722,0.,6.59194920871187E-17));
#4518=CARTESIAN_POINT('',(8.11463082606598,0.,0.0552678945889609));
#4519=CARTESIAN_POINT('',(8.10835388875422,0.,0.0541613690561028));
#4520=CARTESIAN_POINT('',(8.10209159605722,0.,0.0529694469318821));
#4521=CARTESIAN_POINT('',(8.09585216381668,0.,5.20417042793042E-17));
#4522=CARTESIAN_POINT('',(8.08961273157614,0.,3.46944695195361E-17));
#4523=CARTESIAN_POINT('',(8.08339471194594,0.,1.28369537222284E-16));
#4524=CARTESIAN_POINT('',(8.09585216381668,0.,0.0516684961430069));
#4525=CARTESIAN_POINT('',(8.08961273157614,0.,0.0503675453541316));
#4526=CARTESIAN_POINT('',(8.08339471194594,0.,0.0489610133795469));
#4527=CARTESIAN_POINT('',(8.07721096243738,0.,1.2490009027033E-16));
#4528=CARTESIAN_POINT('',(8.07102721292881,0.,1.14491749414469E-16));
#4529=CARTESIAN_POINT('',(8.06487697772213,0.,5.55111512312578E-17));
#4530=CARTESIAN_POINT('',(8.07721096243738,0.,0.0474165367362957));
#4531=CARTESIAN_POINT('',(8.07102721292881,0.,0.0458720600930446));
#4532=CARTESIAN_POINT('',(8.06487697772213,0.,0.0441906576648178));
#4533=CARTESIAN_POINT('',(8.0587833260496,0.,7.63278329429795E-17));
#4534=CARTESIAN_POINT('',(8.05268967437707,0.,1.07552855510562E-16));
#4535=CARTESIAN_POINT('',(8.04665120385916,0.,4.16333634234434E-17));
#4536=CARTESIAN_POINT('',(8.0587833260496,0.,0.0423219387835536));
#4537=CARTESIAN_POINT('',(8.05268967437707,0.,0.0404532199022894));
#4538=CARTESIAN_POINT('',(8.04665120385916,0.,0.0383988539450171));
#4539=CARTESIAN_POINT('',(8.04071928349981,0.,1.00613961606655E-16));
#4540=CARTESIAN_POINT('',(8.03775332332014,0.,1.14491749414469E-16));
#4541=CARTESIAN_POINT('',(8.03481625237272,0.,8.67361737988404E-17));
#4542=CARTESIAN_POINT('',(8.04071928349981,0.,0.0360661432309774));
#4543=CARTESIAN_POINT('',(8.03775332332014,0.,0.0348997878739575));
#4544=CARTESIAN_POINT('',(8.03481625237272,0.,0.0336605820636313));
#4545=CARTESIAN_POINT('',(8.0319194272504,0.,1.14491749414469E-16));
#4546=CARTESIAN_POINT('',(8.03047101468924,0.,1.42247325030098E-16));
#4547=CARTESIAN_POINT('',(8.02903381455904,0.,1.73472347597681E-16));
#4548=CARTESIAN_POINT('',(8.0319194272504,0.,0.0323316270156159));
#4549=CARTESIAN_POINT('',(8.03047101468924,0.,0.0316671494916082));
#4550=CARTESIAN_POINT('',(8.02903381455904,0.,0.030978728767937));
#4551=CARTESIAN_POINT('',(8.02760931816684,0.,1.89084858881472E-16));
#4552=CARTESIAN_POINT('',(8.02618482177464,0.,1.94289029309402E-16));
#4553=CARTESIAN_POINT('',(8.02477352958297,0.,1.35308431126191E-16));
#4554=CARTESIAN_POINT('',(8.02760931816684,0.,0.0302644587482273));
#4555=CARTESIAN_POINT('',(8.02618482177464,0.,0.0295501887285176));
#4556=CARTESIAN_POINT('',(8.02477352958297,0.,0.0288092875866315));
#4557=CARTESIAN_POINT('',(8.02338048860879,0.,9.8879238130678E-17));
#4558=CARTESIAN_POINT('',(8.02059440666043,0.,2.77555756156289E-17));
#4559=CARTESIAN_POINT('',(8.01787227826417,0.,3.3133218391157E-16));
#4560=CARTESIAN_POINT('',(8.02338048860879,0.,0.0280361102961256));
#4561=CARTESIAN_POINT('',(8.02059440666043,0.,0.0264897557151139));
#4562=CARTESIAN_POINT('',(8.01787227826417,0.,0.024822714505659));
#4563=CARTESIAN_POINT('',(8.01527157206321,0.,2.0122792321331E-16));
#4564=CARTESIAN_POINT('',(8.01397121896274,0.,1.11022302462516E-16));
#4565=CARTESIAN_POINT('',(8.01270269785525,0.,3.12250225675825E-17));
#4566=CARTESIAN_POINT('',(8.01527157206321,0.,0.0229801833319582));
#4567=CARTESIAN_POINT('',(8.01397121896274,0.,0.0220589177451078));
#4568=CARTESIAN_POINT('',(8.01270269785525,0.,0.0210927718790803));
#4569=CARTESIAN_POINT('',(8.01147757575529,0.,3.98986399474666E-17));
#4570=CARTESIAN_POINT('',(8.01025245365533,0.,9.0205620750794E-17));
#4571=CARTESIAN_POINT('',(8.00907180192574,0.,3.01841884819964E-16));
#4572=CARTESIAN_POINT('',(8.01147757575529,0.,0.0200737595855911));
#4573=CARTESIAN_POINT('',(8.01025245365533,0.,0.019054747292102));
#4574=CARTESIAN_POINT('',(8.00907180192574,0.,0.0179819163535013));
#4575=CARTESIAN_POINT('',(8.00795429272739,0.,1.59594559789866E-16));
#4576=CARTESIAN_POINT('',(8.00683678352904,0.,1.73472347597681E-17));
#4577=CARTESIAN_POINT('',(8.00578399245015,0.,-1.2490009027033E-16));
#4578=CARTESIAN_POINT('',(8.00795429272739,0.,0.0168457396198063));
#4579=CARTESIAN_POINT('',(8.00683678352904,0.,0.0157095628861114));
#4580=CARTESIAN_POINT('',(8.00578399245015,0.,0.0145088931922607));
#4581=CARTESIAN_POINT('',(8.00482650393921,0.,8.84708972748172E-17));
#4582=CARTESIAN_POINT('',(8.00386901542826,0.,2.83627288322208E-16));
#4583=CARTESIAN_POINT('',(8.00300675652454,0.,3.68628738645072E-16));
#4584=CARTESIAN_POINT('',(8.00482650393921,0.,0.0132351589159289));
#4585=CARTESIAN_POINT('',(8.00386901542826,0.,0.0119614246395971));
#4586=CARTESIAN_POINT('',(8.00300675652454,0.,0.0106136389512395));
#4587=CARTESIAN_POINT('',(8.00228603738176,0.,2.41993924898765E-16));
#4588=CARTESIAN_POINT('',(8.00156531823898,0.,1.35742111995185E-16));
#4589=CARTESIAN_POINT('',(8.00098573717926,0.,-1.60461921527855E-17));
#4590=CARTESIAN_POINT('',(8.00228603738176,0.,0.00919277730339207));
#4591=CARTESIAN_POINT('',(8.00156531823898,0.,0.00777191565554461));
#4592=CARTESIAN_POINT('',(8.00098573717926,0.,0.00627664408457867));
#4593=CARTESIAN_POINT('',(8.0005941197576,0.,-6.67868538251071E-17));
#4594=CARTESIAN_POINT('',(8.00039831104676,0.,-1.25333771139324E-16));
#4595=CARTESIAN_POINT('',(8.00024896317504,0.,-1.047339298621E-16));
#4596=CARTESIAN_POINT('',(8.0005941197576,0.,0.00473218493808659));
#4597=CARTESIAN_POINT('',(8.00039831104676,0.,0.00395995536484047));
#4598=CARTESIAN_POINT('',(8.00024896317504,0.,0.0031753934518905));
#4599=CARTESIAN_POINT('',(8.0001494176849,0.,-8.15320033709099E-17));
#4600=CARTESIAN_POINT('',(8.00004987219475,0.,-3.57786716920216E-17));
#4601=CARTESIAN_POINT('',(8.,0.,0.));
#4602=CARTESIAN_POINT('',(8.,0.,0.));
#4603=CARTESIAN_POINT('',(8.0001494176849,0.,0.00238502166306739));
#4604=CARTESIAN_POINT('',(8.00004987219475,0.,0.00159464987424437));
#4605=CARTESIAN_POINT('',(8.,0.,0.000795373780343279));
#4606=CARTESIAN_POINT('',(8.,0.,0.));
#4607=B_SPLINE_SURFACE_WITH_KNOTS('Surf_YGEIDFBZRS, WingGeom, 1, 7, lower',1,3,((#4608, #4609, #4610, #4614, #4615, #4616, #4620, #4621, #4622, #4626, #4627, #4628, #4632, #4633, #4634, #4638, #4639, #4640, #4644, #4645, #4646, #4650, #4651, #4652, #4656, #4657, #4658, #4662, #4663, #4664, #4668, #4669, #4670, #4674, #4675, #4676, #4680, #4681, #4682, #4686, #4687, #4688, #4692, #4693, #4694, #4698, #4699, #4700, #4704, #4705, #4706, #4710, #4711, #4712, #4716, #4717, #4718, #4722, #4723, #4724, #4728, #4729, #4730, #4734, #4735, #4736, #4740, #4741, #4742, #4746, #4747, #4748, #4752, #4753, #4754, #4758, #4759, #4760, #4764, #4765, #4766, #4770, #4771, #4772, #4776, #4777, #4778, #4782, #4783, #4784, #4788, #4789, #4790, #4794, #4795, #4796, #4800, #4801, #4802, #4806, #4807, #4808, #4809),(#4611, #4612, #4613, #4617, #4618, #4619, #4623, #4624, #4625, #4629, #4630, #4631, #4635, #4636, #4637, #4641, #4642, #4643, #4647, #4648, #4649, #4653, #4654, #4655, #4659, #4660, #4661, #4665, #4666, #4667, #4671, #4672, #4673, #4677, #4678, #4679, #4683, #4684, #4685, #4689, #4690, #4691, #4695, #4696, #4697, #4701, #4702, #4703, #4707, #4708, #4709, #4713, #4714, #4715, #4719, #4720, #4721, #4725, #4726, #4727, #4731, #4732, #4733, #4737, #4738, #4739, #4743, #4744, #4745, #4749, #4750, #4751, #4755, #4756, #4757, #4761, #4762, #4763, #4767, #4768, #4769, #4773, #4774, #4775, #4779, #4780, #4781, #4785, #4786, #4787, #4791, #4792, #4793, #4797, #4798, #4799, #4803, #4804, #4805, #4810, #4811, #4812, #4813)),.UNSPECIFIED.,.F.,.F.,.F.,(2,2),(4,3,3,3,3,3,3,3,3,3,3,3,3,3,3,3,3,3,3,3,3,3,3,3,3,3,3,3,3,3,3,3,3,3,4),(0.,1.),(0.,1.,2.,3.,4.,5.,6.,7.,8.,9.,10.,11.,12.,13.,14.,15.,16.,17.,18.,19.,20.,21.,22.,23.,24.,25.,26.,27.,28.,29.,30.,31.,32.,33.,34.),.PIECEWISE_BEZIER_KNOTS.);
#4608=CARTESIAN_POINT('',(8.,0.,0.));
#4609=CARTESIAN_POINT('',(8.,0.,-0.000795373780343279));
#4610=CARTESIAN_POINT('',(8.00004987219475,0.,-0.00159464987424444));
#4611=CARTESIAN_POINT('',(8.68589838486225,-2.,0.));
#4612=CARTESIAN_POINT('',(8.68589838486225,-2.,-0.00039768689017164));
#4613=CARTESIAN_POINT('',(8.68592332095962,-2.,-0.000797324937122221));
#4614=CARTESIAN_POINT('',(8.0001494176849,0.,-0.00238502166306756));
#4615=CARTESIAN_POINT('',(8.00024896317504,0.,-0.00317539345189071));
#4616=CARTESIAN_POINT('',(8.00039831104676,0.,-0.00395995536484072));
#4617=CARTESIAN_POINT('',(8.68597309370469,-2.,-0.00119251083153378));
#4618=CARTESIAN_POINT('',(8.68602286644977,-2.,-0.00158769672594536));
#4619=CARTESIAN_POINT('',(8.68609754038563,-2.,-0.00197997768242036));
#4620=CARTESIAN_POINT('',(8.0005941197576,0.,-0.00473218493808673));
#4621=CARTESIAN_POINT('',(8.00098573717926,0.,-0.0062766440845787));
#4622=CARTESIAN_POINT('',(8.00156531823898,0.,-0.00777191565554434));
#4623=CARTESIAN_POINT('',(8.68619544474104,-2.,-0.00236609246904336));
#4624=CARTESIAN_POINT('',(8.68639125345187,-2.,-0.00313832204228935));
#4625=CARTESIAN_POINT('',(8.68668104398174,-2.,-0.00388595782777217));
#4626=CARTESIAN_POINT('',(8.00228603738176,0.,-0.00919277730339158));
#4627=CARTESIAN_POINT('',(8.00300675652454,0.,-0.0106136389512388));
#4628=CARTESIAN_POINT('',(8.00386901542826,0.,-0.0119614246395965));
#4629=CARTESIAN_POINT('',(8.68704140355313,-2.,-0.00459638865169579));
#4630=CARTESIAN_POINT('',(8.68740176312452,-2.,-0.00530681947561939));
#4631=CARTESIAN_POINT('',(8.68783289257638,-2.,-0.00598071231979827));
#4632=CARTESIAN_POINT('',(8.00482650393921,0.,-0.0132351589159288));
#4633=CARTESIAN_POINT('',(8.00578399245015,0.,-0.014508893192261));
#4634=CARTESIAN_POINT('',(8.00683678352904,0.,-0.0157095628861114));
#4635=CARTESIAN_POINT('',(8.68831163683185,-2.,-0.00661757945796438));
#4636=CARTESIAN_POINT('',(8.68879038108732,-2.,-0.0072544465961305));
#4637=CARTESIAN_POINT('',(8.68931677662676,-2.,-0.00785478144305568));
#4638=CARTESIAN_POINT('',(8.00795429272739,0.,-0.016845739619806));
#4639=CARTESIAN_POINT('',(8.00907180192574,0.,-0.0179819163535007));
#4640=CARTESIAN_POINT('',(8.01025245365533,0.,-0.0190547472921018));
#4641=CARTESIAN_POINT('',(8.68987553122594,-2.,-0.00842286980990301));
#4642=CARTESIAN_POINT('',(8.69043428582512,-2.,-0.00899095817675034));
#4643=CARTESIAN_POINT('',(8.69102461168991,-2.,-0.00952737364605089));
#4644=CARTESIAN_POINT('',(8.01147757575529,0.,-0.020073759585591));
#4645=CARTESIAN_POINT('',(8.01270269785525,0.,-0.0210927718790802));
#4646=CARTESIAN_POINT('',(8.01397121896274,0.,-0.0220589177451076));
#4647=CARTESIAN_POINT('',(8.69163717273989,-2.,-0.0100368797927955));
#4648=CARTESIAN_POINT('',(8.69224973378987,-2.,-0.0105463859395401));
#4649=CARTESIAN_POINT('',(8.69288399434361,-2.,-0.0110294588725538));
#4650=CARTESIAN_POINT('',(8.01527157206321,0.,-0.0229801833319578));
#4651=CARTESIAN_POINT('',(8.01787227826417,0.,-0.0248227145056583));
#4652=CARTESIAN_POINT('',(8.02059440666043,0.,-0.0264897557151138));
#4653=CARTESIAN_POINT('',(8.69353417089385,-2.,-0.0114900916659789));
#4654=CARTESIAN_POINT('',(8.69483452399433,-2.,-0.0124113572528292));
#4655=CARTESIAN_POINT('',(8.69619558819246,-2.,-0.0132448778575569));
#4656=CARTESIAN_POINT('',(8.02338048860879,0.,-0.0280361102961255));
#4657=CARTESIAN_POINT('',(8.02477352958297,0.,-0.0288092875866312));
#4658=CARTESIAN_POINT('',(8.02618482177464,0.,-0.0295501887285173));
#4659=CARTESIAN_POINT('',(8.69758862916664,-2.,-0.0140180551480627));
#4660=CARTESIAN_POINT('',(8.69828514965373,-2.,-0.0144046437933156));
#4661=CARTESIAN_POINT('',(8.69899079574957,-2.,-0.0147750943642586));
#4662=CARTESIAN_POINT('',(8.02760931816684,0.,-0.0302644587482269));
#4663=CARTESIAN_POINT('',(8.02903381455904,0.,-0.0309787287679366));
#4664=CARTESIAN_POINT('',(8.03047101468924,0.,-0.031667149491608));
#4665=CARTESIAN_POINT('',(8.69970304394567,-2.,-0.0151322293741135));
#4666=CARTESIAN_POINT('',(8.70041529214177,-2.,-0.0154893643839683));
#4667=CARTESIAN_POINT('',(8.70113389220687,-2.,-0.015833574745804));
#4668=CARTESIAN_POINT('',(8.0319194272504,0.,-0.0323316270156157));
#4669=CARTESIAN_POINT('',(8.03481625237272,0.,-0.0336605820636311));
#4670=CARTESIAN_POINT('',(8.03775332332014,0.,-0.0348997878739572));
#4671=CARTESIAN_POINT('',(8.70185809848745,-2.,-0.0161658135078078));
#4672=CARTESIAN_POINT('',(8.70330651104861,-2.,-0.0168302910318155));
#4673=CARTESIAN_POINT('',(8.70477504652231,-2.,-0.0174498939369786));
#4674=CARTESIAN_POINT('',(8.04071928349981,0.,-0.0360661432309772));
#4675=CARTESIAN_POINT('',(8.04665120385916,0.,-0.038398853945017));
#4676=CARTESIAN_POINT('',(8.05268967437707,0.,-0.0404532199022892));
#4677=CARTESIAN_POINT('',(8.70625802661215,-2.,-0.0180330716154886));
#4678=CARTESIAN_POINT('',(8.70922398679183,-2.,-0.0191994269725085));
#4679=CARTESIAN_POINT('',(8.71224322205078,-2.,-0.0202266099511446));
#4680=CARTESIAN_POINT('',(8.0587833260496,0.,-0.0423219387835534));
#4681=CARTESIAN_POINT('',(8.06487697772213,0.,-0.0441906576648177));
#4682=CARTESIAN_POINT('',(8.07102721292881,0.,-0.0458720600930443));
#4683=CARTESIAN_POINT('',(8.71529004788704,-2.,-0.0211609693917767));
#4684=CARTESIAN_POINT('',(8.71833687372331,-2.,-0.0220953288324089));
#4685=CARTESIAN_POINT('',(8.72141199132665,-2.,-0.0229360300465222));
#4686=CARTESIAN_POINT('',(8.07721096243738,0.,-0.0474165367362955));
#4687=CARTESIAN_POINT('',(8.08339471194594,0.,-0.0489610133795466));
#4688=CARTESIAN_POINT('',(8.08961273157614,0.,-0.0503675453541316));
#4689=CARTESIAN_POINT('',(8.72450386608093,-2.,-0.0237082683681477));
#4690=CARTESIAN_POINT('',(8.72759574083522,-2.,-0.0244805066897733));
#4691=CARTESIAN_POINT('',(8.73070475065031,-2.,-0.0251837726770658));
#4692=CARTESIAN_POINT('',(8.09585216381668,0.,-0.0516684961430067));
#4693=CARTESIAN_POINT('',(8.10209159605722,0.,-0.0529694469318819));
#4694=CARTESIAN_POINT('',(8.10835388875422,0.,-0.0541613690561027));
#4695=CARTESIAN_POINT('',(8.73382446677059,-2.,-0.0258342480715034));
#4696=CARTESIAN_POINT('',(8.73694418289086,-2.,-0.026484723465941));
#4697=CARTESIAN_POINT('',(8.74007532923935,-2.,-0.0270806845280514));
#4698=CARTESIAN_POINT('',(8.11463082606598,0.,-0.0552678945889607));
#4699=CARTESIAN_POINT('',(8.12090776337774,0.,-0.0563744201218188));
#4700=CARTESIAN_POINT('',(8.12719964772876,0.,-0.0573947732979921));
#4701=CARTESIAN_POINT('',(8.74321379789524,-2.,-0.0276339472944804));
#4702=CARTESIAN_POINT('',(8.74635226655112,-2.,-0.0281872100609094));
#4703=CARTESIAN_POINT('',(8.74949820872662,-2.,-0.0286973866489961));
#4704=CARTESIAN_POINT('',(8.13350267248451,0.,-0.0583412273391292));
#4705=CARTESIAN_POINT('',(8.13980569724026,0.,-0.0592876813802663));
#4706=CARTESIAN_POINT('',(8.14611948690128,0.,-0.0601617408442268));
#4707=CARTESIAN_POINT('',(8.7526497211045,-2.,-0.0291706136695646));
#4708=CARTESIAN_POINT('',(8.75580123348238,-2.,-0.0296438406901331));
#4709=CARTESIAN_POINT('',(8.75895812831288,-2.,-0.0300808704221134));
#4710=CARTESIAN_POINT('',(8.15244168884485,0.,-0.0609714198051053));
#4711=CARTESIAN_POINT('',(8.15876389078842,0.,-0.0617810987659837));
#4712=CARTESIAN_POINT('',(8.16509341312827,0.,-0.0625305932186497));
#4713=CARTESIAN_POINT('',(8.76211922928467,-2.,-0.0304857099025526));
#4714=CARTESIAN_POINT('',(8.76528033025645,-2.,-0.0308905493829919));
#4715=CARTESIAN_POINT('',(8.76844509142638,-2.,-0.0312652966093249));
#4716=CARTESIAN_POINT('',(8.1714295223579,0.,-0.0632228445383115));
#4717=CARTESIAN_POINT('',(8.18410174081717,0.,-0.064607347177635));
#4718=CARTESIAN_POINT('',(8.19679625278066,0.,-0.0657784462230978));
#4719=CARTESIAN_POINT('',(8.7716131460412,-2.,-0.0316114222691558));
#4720=CARTESIAN_POINT('',(8.77794925527083,-2.,-0.0323036735888175));
#4721=CARTESIAN_POINT('',(8.78429651125257,-2.,-0.0328892231115489));
#4722=CARTESIAN_POINT('',(8.20950510492936,0.,-0.0667712750126515));
#4723=CARTESIAN_POINT('',(8.23492280922676,0.,-0.0687569325917589));
#4724=CARTESIAN_POINT('',(8.26039088928423,0.,-0.0700582073054934));
#4725=CARTESIAN_POINT('',(8.79065093732692,-2.,-0.0333856375063257));
#4726=CARTESIAN_POINT('',(8.80335978947562,-2.,-0.0343784662958794));
#4727=CARTESIAN_POINT('',(8.81609382950436,-2.,-0.0350291036527467));
#4728=CARTESIAN_POINT('',(8.28587189126808,0.,-0.0708831313325048));
#4729=CARTESIAN_POINT('',(8.29861239226,0.,-0.0712955933460105));
#4730=CARTESIAN_POINT('',(8.31135691326959,0.,-0.0715851409338844));
#4731=CARTESIAN_POINT('',(8.82883433049628,-2.,-0.0354415656662524));
#4732=CARTESIAN_POINT('',(8.83520458099224,-2.,-0.0356477966730053));
#4733=CARTESIAN_POINT('',(8.84157684149704,-2.,-0.0357925704669422));
#4734=CARTESIAN_POINT('',(8.3241029805396,0.,-0.071768722667961));
#4735=CARTESIAN_POINT('',(8.33684904780962,0.,-0.0719523044020376));
#4736=CARTESIAN_POINT('',(8.34959638546205,0.,-0.0720325669150806));
#4737=CARTESIAN_POINT('',(8.84794987513205,-2.,-0.0358843613339805));
#4738=CARTESIAN_POINT('',(8.85432290876706,-2.,-0.0359761522010188));
#4739=CARTESIAN_POINT('',(8.86069657759327,-2.,-0.0360162834575403));
#4740=CARTESIAN_POINT('',(8.36234381080747,0.,-0.0720192130724423));
#4741=CARTESIAN_POINT('',(8.36871752348018,0.,-0.0720125361511232));
#4742=CARTESIAN_POINT('',(8.37509099630463,0.,-0.0719849692159636));
#4743=CARTESIAN_POINT('',(8.86707029026598,-2.,-0.0360096065362212));
#4744=CARTESIAN_POINT('',(8.87025714660234,-2.,-0.0360062680755616));
#4745=CARTESIAN_POINT('',(8.87344388301456,-2.,-0.0359924846079818));
#4746=CARTESIAN_POINT('',(8.38146445204974,0.,-0.0719342573995969));
#4747=CARTESIAN_POINT('',(8.38783790779485,0.,-0.0718835455832302));
#4748=CARTESIAN_POINT('',(8.39421130265721,0.,-0.0718102091470845));
#4749=CARTESIAN_POINT('',(8.87663061088712,-2.,-0.0359671286997985));
#4750=CARTESIAN_POINT('',(8.87981733875967,-2.,-0.0359417727916151));
#4751=CARTESIAN_POINT('',(8.88300403619085,-2.,-0.0359051045735423));
#4752=CARTESIAN_POINT('',(8.4005842632798,0.,-0.071718192084365));
#4753=CARTESIAN_POINT('',(8.41333018452498,0.,-0.0715341579589261));
#4754=CARTESIAN_POINT('',(8.42607505245008,0.,-0.0712672422838678));
#4755=CARTESIAN_POINT('',(8.88619051650214,-2.,-0.0358590960421825));
#4756=CARTESIAN_POINT('',(8.89256347712474,-2.,-0.0357670789794631));
#4757=CARTESIAN_POINT('',(8.89893591108729,-2.,-0.0356336211419339));
#4758=CARTESIAN_POINT('',(8.43881776713526,0.,-0.0709319811070284));
#4759=CARTESIAN_POINT('',(8.45156048182043,0.,-0.0705967199301889));
#4760=CARTESIAN_POINT('',(8.46430153114013,0.,-0.0701864422731194));
#4761=CARTESIAN_POINT('',(8.90530726842987,-2.,-0.0354659905535142));
#4762=CARTESIAN_POINT('',(8.91167862577246,-2.,-0.0352983599650945));
#4763=CARTESIAN_POINT('',(8.91804915043231,-2.,-0.0350932211365597));
#4764=CARTESIAN_POINT('',(8.47704002553982,0.,-0.0697143321779985));
#4765=CARTESIAN_POINT('',(8.48977851993951,0.,-0.0692422220828776));
#4766=CARTESIAN_POINT('',(8.50251468288069,0.,-0.0687056526845366));
#4767=CARTESIAN_POINT('',(8.92441839763215,-2.,-0.0348571660889993));
#4768=CARTESIAN_POINT('',(8.930787644832,-2.,-0.0346211110414388));
#4769=CARTESIAN_POINT('',(8.93715572630259,-2.,-0.0343528263422683));
#4770=CARTESIAN_POINT('',(8.51524812375033,0.,-0.0681116250814764));
#4771=CARTESIAN_POINT('',(8.54071500548961,0.,-0.0669235698753561));
#4772=CARTESIAN_POINT('',(8.56617102657102,0.,-0.0655086897269523));
#4773=CARTESIAN_POINT('',(8.94352244673741,-2.,-0.0340558125407382));
#4774=CARTESIAN_POINT('',(8.95625588760705,-2.,-0.0334617849376781));
#4775=CARTESIAN_POINT('',(8.96898389814776,-2.,-0.0327543448634761));
#4776=CARTESIAN_POINT('',(8.59161512743867,0.,-0.0639046066370627));
#4777=CARTESIAN_POINT('',(8.61705922830632,0.,-0.0623005235471732));
#4778=CARTESIAN_POINT('',(8.64249142575052,0.,-0.0605126896167305));
#4779=CARTESIAN_POINT('',(8.98170594858158,-2.,-0.0319523033185314));
#4780=CARTESIAN_POINT('',(8.9944279990154,-2.,-0.0311502617735866));
#4781=CARTESIAN_POINT('',(9.00714409773751,-2.,-0.0302563448083653));
#4782=CARTESIAN_POINT('',(8.66791161701906,0.,-0.0585665068198907));
#4783=CARTESIAN_POINT('',(8.69333180828759,0.,-0.0566203240230509));
#4784=CARTESIAN_POINT('',(8.71874003034476,0.,-0.0545206654599103));
#4785=CARTESIAN_POINT('',(9.01985419337177,-2.,-0.0292832534099454));
#4786=CARTESIAN_POINT('',(9.03256428900604,-2.,-0.0283101620115255));
#4787=CARTESIAN_POINT('',(9.04526840003462,-2.,-0.0272603327299552));
#4788=CARTESIAN_POINT('',(8.74413651834297,0.,-0.0522870418163721));
#4789=CARTESIAN_POINT('',(8.76953300634119,0.,-0.050053418172834));
#4790=CARTESIAN_POINT('',(8.79491778891192,0.,-0.0476874296789992));
#4791=CARTESIAN_POINT('',(9.05796664403373,-2.,-0.0261435209081861));
#4792=CARTESIAN_POINT('',(9.07066488803284,-2.,-0.025026709086417));
#4793=CARTESIAN_POINT('',(9.08335727931821,-2.,-0.0238437148394996));
#4794=CARTESIAN_POINT('',(8.82029114644232,0.,-0.0452055465663984));
#4795=CARTESIAN_POINT('',(8.84566450397271,0.,-0.0427236634537975));
#4796=CARTESIAN_POINT('',(8.87102642283267,0.,-0.040124365808959));
#4797=CARTESIAN_POINT('',(9.0960439580834,-2.,-0.0226027732831992));
#4798=CARTESIAN_POINT('',(9.1087306368486,-2.,-0.0213618317268988));
#4799=CARTESIAN_POINT('',(9.12141159627858,-2.,-0.0200621829044795));
#4800=CARTESIAN_POINT('',(8.89637698714064,0.,-0.0374190794289766));
#4801=CARTESIAN_POINT('',(8.9470781157566,0.,-0.0320085066690118));
#4802=CARTESIAN_POINT('',(8.99773430011267,0.,-0.0261782356087625));
#4803=CARTESIAN_POINT('',(9.13408687843257,-2.,-0.0187095397144883));
#4804=CARTESIAN_POINT('',(9.15943744274054,-2.,-0.0160042533345059));
#4805=CARTESIAN_POINT('',(9.18476553491858,-2.,-0.0130891178043812));
#4806=CARTESIAN_POINT('',(9.04834114370328,0.,-0.0199474436475474));
#4807=CARTESIAN_POINT('',(9.09894798729389,0.,-0.0137166516863323));
#4808=CARTESIAN_POINT('',(9.14950566120323,0.,-0.00708485630610012));
#4809=CARTESIAN_POINT('',(9.2,0.,0.));
#4810=CARTESIAN_POINT('',(9.21006895671388,-2.,-0.00997372182377368));
#4811=CARTESIAN_POINT('',(9.23537237850919,-2.,-0.00685832584316613));
#4812=CARTESIAN_POINT('',(9.26065121546386,-2.,-0.00354242815305006));
#4813=CARTESIAN_POINT('',(9.28589838486224,-2.,0.));
#4814=B_SPLINE_SURFACE_WITH_KNOTS('Surf_YGEIDFBZRS, WingGeom, 1, 10, upper',1,3,((#4815, #4816, #4817, #4821, #4822, #4823, #4827, #4828, #4829, #4833, #4834, #4835, #4839, #4840, #4841, #4845, #4846, #4847, #4851, #4852, #4853, #4857, #4858, #4859, #4863, #4864, #4865, #4869, #4870, #4871, #4875, #4876, #4877, #4881, #4882, #4883, #4887, #4888, #4889, #4893, #4894, #4895, #4899, #4900, #4901, #4905, #4906, #4907, #4911, #4912, #4913, #4917, #4918, #4919, #4923, #4924, #4925, #4929, #4930, #4931, #4935, #4936, #4937, #4941, #4942, #4943, #4947, #4948, #4949, #4953, #4954, #4955, #4959, #4960, #4961, #4965, #4966, #4967, #4971, #4972, #4973, #4977, #4978, #4979, #4983, #4984, #4985, #4989, #4990, #4991, #4995, #4996, #4997, #5001, #5002, #5003, #5007, #5008, #5009, #5013, #5014, #5015, #5016),(#4818, #4819, #4820, #4824, #4825, #4826, #4830, #4831, #4832, #4836, #4837, #4838, #4842, #4843, #4844, #4848, #4849, #4850, #4854, #4855, #4856, #4860, #4861, #4862, #4866, #4867, #4868, #4872, #4873, #4874, #4878, #4879, #4880, #4884, #4885, #4886, #4890, #4891, #4892, #4896, #4897, #4898, #4902, #4903, #4904, #4908, #4909, #4910, #4914, #4915, #4916, #4920, #4921, #4922, #4926, #4927, #4928, #4932, #4933, #4934, #4938, #4939, #4940, #4944, #4945, #4946, #4950, #4951, #4952, #4956, #4957, #4958, #4962, #4963, #4964, #4968, #4969, #4970, #4974, #4975, #4976, #4980, #4981, #4982, #4986, #4987, #4988, #4992, #4993, #4994, #4998, #4999, #5000, #5004, #5005, #5006, #5010, #5011, #5012, #5017, #5018, #5019, #5020)),.UNSPECIFIED.,.F.,.F.,.F.,(2,2),(4,3,3,3,3,3,3,3,3,3,3,3,3,3,3,3,3,3,3,3,3,3,3,3,3,3,3,3,3,3,3,3,3,3,4),(0.,1.),(0.,1.,2.,3.,4.,5.,6.,7.,8.,9.,10.,11.,12.,13.,14.,15.,16.,17.,18.,19.,20.,21.,22.,23.,24.,25.,26.,27.,28.,29.,30.,31.,32.,33.,34.),.PIECEWISE_BEZIER_KNOTS.);
#4815=CARTESIAN_POINT('',(9.2,0.,0.));
#4816=CARTESIAN_POINT('',(9.14950566120319,0.,0.0070848563061016));
#4817=CARTESIAN_POINT('',(9.09894798729389,0.,0.0137166516863322));
#4818=CARTESIAN_POINT('',(9.28589838486224,-2.,0.));
#4819=CARTESIAN_POINT('',(9.26065121546384,-2.,0.0035424281530508));
#4820=CARTESIAN_POINT('',(9.23537237850919,-2.,0.00685832584316613));
#4821=CARTESIAN_POINT('',(9.04834114370328,0.,0.0199474436475474));
#4822=CARTESIAN_POINT('',(8.99773430011267,0.,0.0261782356087625));
#4823=CARTESIAN_POINT('',(8.9470781157566,0.,0.0320085066690118));
#4824=CARTESIAN_POINT('',(9.21006895671388,-2.,0.00997372182377369));
#4825=CARTESIAN_POINT('',(9.18476553491858,-2.,0.0130891178043812));
#4826=CARTESIAN_POINT('',(9.15943744274055,-2.,0.0160042533345059));
#4827=CARTESIAN_POINT('',(8.89637698714064,0.,0.0374190794289765));
#4828=CARTESIAN_POINT('',(8.87102642283267,0.,0.0401243658089589));
#4829=CARTESIAN_POINT('',(8.84566450397271,0.,0.0427236634537974));
#4830=CARTESIAN_POINT('',(9.13408687843257,-2.,0.0187095397144883));
#4831=CARTESIAN_POINT('',(9.12141159627858,-2.,0.0200621829044795));
#4832=CARTESIAN_POINT('',(9.1087306368486,-2.,0.0213618317268987));
#4833=CARTESIAN_POINT('',(8.82029114644232,0.,0.0452055465663983));
#4834=CARTESIAN_POINT('',(8.79491778891192,0.,0.0476874296789991));
#4835=CARTESIAN_POINT('',(8.76953300634119,0.,0.0500534181728339));
#4836=CARTESIAN_POINT('',(9.0960439580834,-2.,0.0226027732831991));
#4837=CARTESIAN_POINT('',(9.08335727931821,-2.,0.0238437148394996));
#4838=CARTESIAN_POINT('',(9.07066488803284,-2.,0.025026709086417));
#4839=CARTESIAN_POINT('',(8.74413651834297,0.,0.0522870418163721));
#4840=CARTESIAN_POINT('',(8.71874003034476,0.,0.0545206654599103));
#4841=CARTESIAN_POINT('',(8.6933318082876,0.,0.0566203240230509));
#4842=CARTESIAN_POINT('',(9.05796664403373,-2.,0.0261435209081861));
#4843=CARTESIAN_POINT('',(9.04526840003462,-2.,0.0272603327299551));
#4844=CARTESIAN_POINT('',(9.03256428900604,-2.,0.0283101620115255));
#4845=CARTESIAN_POINT('',(8.66791161701906,0.,0.0585665068198907));
#4846=CARTESIAN_POINT('',(8.64249142575052,0.,0.0605126896167305));
#4847=CARTESIAN_POINT('',(8.61705922830632,0.,0.0623005235471731));
#4848=CARTESIAN_POINT('',(9.01985419337177,-2.,0.0292832534099453));
#4849=CARTESIAN_POINT('',(9.00714409773751,-2.,0.0302563448083652));
#4850=CARTESIAN_POINT('',(8.9944279990154,-2.,0.0311502617735866));
#4851=CARTESIAN_POINT('',(8.59161512743867,0.,0.0639046066370627));
#4852=CARTESIAN_POINT('',(8.56617102657102,0.,0.0655086897269522));
#4853=CARTESIAN_POINT('',(8.54071500548961,0.,0.0669235698753561));
#4854=CARTESIAN_POINT('',(8.98170594858158,-2.,0.0319523033185313));
#4855=CARTESIAN_POINT('',(8.96898389814776,-2.,0.0327543448634761));
#4856=CARTESIAN_POINT('',(8.95625588760705,-2.,0.033461784937678));
#4857=CARTESIAN_POINT('',(8.51524812375033,0.,0.0681116250814764));
#4858=CARTESIAN_POINT('',(8.50251468288069,0.,0.0687056526845365));
#4859=CARTESIAN_POINT('',(8.48977851993951,0.,0.0692422220828776));
#4860=CARTESIAN_POINT('',(8.94352244673741,-2.,0.0340558125407382));
#4861=CARTESIAN_POINT('',(8.93715572630259,-2.,0.0343528263422683));
#4862=CARTESIAN_POINT('',(8.930787644832,-2.,0.0346211110414388));
#4863=CARTESIAN_POINT('',(8.47704002553982,0.,0.0697143321779985));
#4864=CARTESIAN_POINT('',(8.46430153114013,0.,0.0701864422731194));
#4865=CARTESIAN_POINT('',(8.45156048182043,0.,0.0705967199301889));
#4866=CARTESIAN_POINT('',(8.92441839763215,-2.,0.0348571660889992));
#4867=CARTESIAN_POINT('',(8.91804915043231,-2.,0.0350932211365597));
#4868=CARTESIAN_POINT('',(8.91167862577246,-2.,0.0352983599650945));
#4869=CARTESIAN_POINT('',(8.43881776713526,0.,0.0709319811070283));
#4870=CARTESIAN_POINT('',(8.42607505245008,0.,0.0712672422838678));
#4871=CARTESIAN_POINT('',(8.41333018452498,0.,0.0715341579589261));
#4872=CARTESIAN_POINT('',(8.90530726842987,-2.,0.0354659905535142));
#4873=CARTESIAN_POINT('',(8.89893591108729,-2.,0.0356336211419339));
#4874=CARTESIAN_POINT('',(8.89256347712474,-2.,0.0357670789794631));
#4875=CARTESIAN_POINT('',(8.4005842632798,0.,0.071718192084365));
#4876=CARTESIAN_POINT('',(8.39421130265721,0.,0.0718102091470845));
#4877=CARTESIAN_POINT('',(8.38783790779485,0.,0.0718835455832302));
#4878=CARTESIAN_POINT('',(8.88619051650215,-2.,0.0358590960421825));
#4879=CARTESIAN_POINT('',(8.88300403619085,-2.,0.0359051045735422));
#4880=CARTESIAN_POINT('',(8.87981733875967,-2.,0.0359417727916151));
#4881=CARTESIAN_POINT('',(8.38146445204974,0.,0.0719342573995969));
#4882=CARTESIAN_POINT('',(8.37509099630463,0.,0.0719849692159636));
#4883=CARTESIAN_POINT('',(8.36871752348018,0.,0.0720125361511232));
#4884=CARTESIAN_POINT('',(8.87663061088712,-2.,0.0359671286997985));
#4885=CARTESIAN_POINT('',(8.87344388301456,-2.,0.0359924846079818));
#4886=CARTESIAN_POINT('',(8.87025714660234,-2.,0.0360062680755616));
#4887=CARTESIAN_POINT('',(8.36234381080747,0.,0.0720192130724423));
#4888=CARTESIAN_POINT('',(8.34959638546205,0.,0.0720325669150806));
#4889=CARTESIAN_POINT('',(8.33684904780962,0.,0.0719523044020376));
#4890=CARTESIAN_POINT('',(8.86707029026598,-2.,0.0360096065362212));
#4891=CARTESIAN_POINT('',(8.86069657759327,-2.,0.0360162834575403));
#4892=CARTESIAN_POINT('',(8.85432290876706,-2.,0.0359761522010188));
#4893=CARTESIAN_POINT('',(8.3241029805396,0.,0.0717687226679611));
#4894=CARTESIAN_POINT('',(8.31135691326959,0.,0.0715851409338845));
#4895=CARTESIAN_POINT('',(8.29861239226,0.,0.0712955933460105));
#4896=CARTESIAN_POINT('',(8.84794987513205,-2.,0.0358843613339805));
#4897=CARTESIAN_POINT('',(8.84157684149704,-2.,0.0357925704669422));
#4898=CARTESIAN_POINT('',(8.83520458099225,-2.,0.0356477966730053));
#4899=CARTESIAN_POINT('',(8.28587189126808,0.,0.0708831313325048));
#4900=CARTESIAN_POINT('',(8.26039088928423,0.,0.0700582073054934));
#4901=CARTESIAN_POINT('',(8.23492280922676,0.,0.0687569325917589));
#4902=CARTESIAN_POINT('',(8.82883433049628,-2.,0.0354415656662524));
#4903=CARTESIAN_POINT('',(8.81609382950436,-2.,0.0350291036527467));
#4904=CARTESIAN_POINT('',(8.80335978947562,-2.,0.0343784662958794));
#4905=CARTESIAN_POINT('',(8.20950510492936,0.,0.0667712750126516));
#4906=CARTESIAN_POINT('',(8.19679625278066,0.,0.0657784462230979));
#4907=CARTESIAN_POINT('',(8.18410174081717,0.,0.0646073471776351));
#4908=CARTESIAN_POINT('',(8.79065093732692,-2.,0.0333856375063258));
#4909=CARTESIAN_POINT('',(8.78429651125257,-2.,0.032889223111549));
#4910=CARTESIAN_POINT('',(8.77794925527083,-2.,0.0323036735888175));
#4911=CARTESIAN_POINT('',(8.1714295223579,0.,0.0632228445383116));
#4912=CARTESIAN_POINT('',(8.16509341312827,0.,0.0625305932186498));
#4913=CARTESIAN_POINT('',(8.15876389078842,0.,0.0617810987659838));
#4914=CARTESIAN_POINT('',(8.7716131460412,-2.,0.0316114222691558));
#4915=CARTESIAN_POINT('',(8.76844509142638,-2.,0.0312652966093249));
#4916=CARTESIAN_POINT('',(8.76528033025645,-2.,0.0308905493829919));
#4917=CARTESIAN_POINT('',(8.15244168884485,0.,0.0609714198051054));
#4918=CARTESIAN_POINT('',(8.14611948690128,0.,0.060161740844227));
#4919=CARTESIAN_POINT('',(8.13980569724026,0.,0.0592876813802664));
#4920=CARTESIAN_POINT('',(8.76211922928467,-2.,0.0304857099025527));
#4921=CARTESIAN_POINT('',(8.75895812831289,-2.,0.0300808704221135));
#4922=CARTESIAN_POINT('',(8.75580123348238,-2.,0.0296438406901332));
#4923=CARTESIAN_POINT('',(8.13350267248451,0.,0.0583412273391293));
#4924=CARTESIAN_POINT('',(8.12719964772876,0.,0.0573947732979922));
#4925=CARTESIAN_POINT('',(8.12090776337774,0.,0.0563744201218189));
#4926=CARTESIAN_POINT('',(8.7526497211045,-2.,0.0291706136695646));
#4927=CARTESIAN_POINT('',(8.74949820872662,-2.,0.0286973866489961));
#4928=CARTESIAN_POINT('',(8.74635226655112,-2.,0.0281872100609095));
#4929=CARTESIAN_POINT('',(8.11463082606598,0.,0.0552678945889609));
#4930=CARTESIAN_POINT('',(8.10835388875422,0.,0.0541613690561028));
#4931=CARTESIAN_POINT('',(8.10209159605722,0.,0.0529694469318821));
#4932=CARTESIAN_POINT('',(8.74321379789524,-2.,0.0276339472944804));
#4933=CARTESIAN_POINT('',(8.74007532923935,-2.,0.0270806845280514));
#4934=CARTESIAN_POINT('',(8.73694418289086,-2.,0.026484723465941));
#4935=CARTESIAN_POINT('',(8.09585216381668,0.,0.0516684961430069));
#4936=CARTESIAN_POINT('',(8.08961273157614,0.,0.0503675453541316));
#4937=CARTESIAN_POINT('',(8.08339471194594,0.,0.0489610133795469));
#4938=CARTESIAN_POINT('',(8.73382446677059,-2.,0.0258342480715034));
#4939=CARTESIAN_POINT('',(8.73070475065031,-2.,0.0251837726770658));
#4940=CARTESIAN_POINT('',(8.72759574083522,-2.,0.0244805066897734));
#4941=CARTESIAN_POINT('',(8.07721096243738,0.,0.0474165367362957));
#4942=CARTESIAN_POINT('',(8.07102721292881,0.,0.0458720600930446));
#4943=CARTESIAN_POINT('',(8.06487697772213,0.,0.0441906576648178));
#4944=CARTESIAN_POINT('',(8.72450386608093,-2.,0.0237082683681479));
#4945=CARTESIAN_POINT('',(8.72141199132665,-2.,0.0229360300465223));
#4946=CARTESIAN_POINT('',(8.71833687372331,-2.,0.0220953288324089));
#4947=CARTESIAN_POINT('',(8.0587833260496,0.,0.0423219387835536));
#4948=CARTESIAN_POINT('',(8.05268967437707,0.,0.0404532199022894));
#4949=CARTESIAN_POINT('',(8.04665120385916,0.,0.0383988539450171));
#4950=CARTESIAN_POINT('',(8.71529004788704,-2.,0.0211609693917768));
#4951=CARTESIAN_POINT('',(8.71224322205078,-2.,0.0202266099511447));
#4952=CARTESIAN_POINT('',(8.70922398679183,-2.,0.0191994269725086));
#4953=CARTESIAN_POINT('',(8.04071928349981,0.,0.0360661432309774));
#4954=CARTESIAN_POINT('',(8.03775332332014,0.,0.0348997878739575));
#4955=CARTESIAN_POINT('',(8.03481625237272,0.,0.0336605820636313));
#4956=CARTESIAN_POINT('',(8.70625802661215,-2.,0.0180330716154887));
#4957=CARTESIAN_POINT('',(8.70477504652231,-2.,0.0174498939369787));
#4958=CARTESIAN_POINT('',(8.70330651104861,-2.,0.0168302910318156));
#4959=CARTESIAN_POINT('',(8.0319194272504,0.,0.0323316270156159));
#4960=CARTESIAN_POINT('',(8.03047101468924,0.,0.0316671494916082));
#4961=CARTESIAN_POINT('',(8.02903381455904,0.,0.030978728767937));
#4962=CARTESIAN_POINT('',(8.70185809848745,-2.,0.016165813507808));
#4963=CARTESIAN_POINT('',(8.70113389220687,-2.,0.0158335747458041));
#4964=CARTESIAN_POINT('',(8.70041529214177,-2.,0.0154893643839685));
#4965=CARTESIAN_POINT('',(8.02760931816684,0.,0.0302644587482273));
#4966=CARTESIAN_POINT('',(8.02618482177464,0.,0.0295501887285176));
#4967=CARTESIAN_POINT('',(8.02477352958297,0.,0.0288092875866315));
#4968=CARTESIAN_POINT('',(8.69970304394567,-2.,0.0151322293741137));
#4969=CARTESIAN_POINT('',(8.69899079574957,-2.,0.0147750943642588));
#4970=CARTESIAN_POINT('',(8.69828514965373,-2.,0.0144046437933158));
#4971=CARTESIAN_POINT('',(8.02338048860879,0.,0.0280361102961256));
#4972=CARTESIAN_POINT('',(8.02059440666043,0.,0.0264897557151139));
#4973=CARTESIAN_POINT('',(8.01787227826417,0.,0.024822714505659));
#4974=CARTESIAN_POINT('',(8.69758862916664,-2.,0.0140180551480628));
#4975=CARTESIAN_POINT('',(8.69619558819246,-2.,0.0132448778575569));
#4976=CARTESIAN_POINT('',(8.69483452399433,-2.,0.0124113572528295));
#4977=CARTESIAN_POINT('',(8.01527157206321,0.,0.0229801833319582));
#4978=CARTESIAN_POINT('',(8.01397121896274,0.,0.0220589177451078));
#4979=CARTESIAN_POINT('',(8.01270269785525,0.,0.0210927718790803));
#4980=CARTESIAN_POINT('',(8.69353417089385,-2.,0.0114900916659791));
#4981=CARTESIAN_POINT('',(8.69288399434362,-2.,0.0110294588725539));
#4982=CARTESIAN_POINT('',(8.69224973378987,-2.,0.0105463859395401));
#4983=CARTESIAN_POINT('',(8.01147757575529,0.,0.0200737595855911));
#4984=CARTESIAN_POINT('',(8.01025245365533,0.,0.019054747292102));
#4985=CARTESIAN_POINT('',(8.00907180192574,0.,0.0179819163535013));
#4986=CARTESIAN_POINT('',(8.69163717273989,-2.,0.0100368797927955));
#4987=CARTESIAN_POINT('',(8.69102461168991,-2.,0.00952737364605098));
#4988=CARTESIAN_POINT('',(8.69043428582512,-2.,0.00899095817675065));
#4989=CARTESIAN_POINT('',(8.00795429272739,0.,0.0168457396198063));
#4990=CARTESIAN_POINT('',(8.00683678352904,0.,0.0157095628861114));
#4991=CARTESIAN_POINT('',(8.00578399245015,0.,0.0145088931922607));
#4992=CARTESIAN_POINT('',(8.68987553122594,-2.,0.00842286980990317));
#4993=CARTESIAN_POINT('',(8.68931677662676,-2.,0.0078547814430557));
#4994=CARTESIAN_POINT('',(8.68879038108732,-2.,0.00725444659613038));
#4995=CARTESIAN_POINT('',(8.00482650393921,0.,0.0132351589159289));
#4996=CARTESIAN_POINT('',(8.00386901542826,0.,0.0119614246395971));
#4997=CARTESIAN_POINT('',(8.00300675652454,0.,0.0106136389512395));
#4998=CARTESIAN_POINT('',(8.68831163683185,-2.,0.00661757945796447));
#4999=CARTESIAN_POINT('',(8.68783289257638,-2.,0.00598071231979856));
#5000=CARTESIAN_POINT('',(8.68740176312452,-2.,0.00530681947561976));
#5001=CARTESIAN_POINT('',(8.00228603738176,0.,0.00919277730339207));
#5002=CARTESIAN_POINT('',(8.00156531823898,0.,0.00777191565554461));
#5003=CARTESIAN_POINT('',(8.00098573717926,0.,0.00627664408457867));
#5004=CARTESIAN_POINT('',(8.68704140355313,-2.,0.00459638865169603));
#5005=CARTESIAN_POINT('',(8.68668104398174,-2.,0.00388595782777231));
#5006=CARTESIAN_POINT('',(8.68639125345187,-2.,0.00313832204228933));
#5007=CARTESIAN_POINT('',(8.0005941197576,0.,0.00473218493808659));
#5008=CARTESIAN_POINT('',(8.00039831104676,0.,0.00395995536484047));
#5009=CARTESIAN_POINT('',(8.00024896317504,0.,0.0031753934518905));
#5010=CARTESIAN_POINT('',(8.68619544474104,-2.,0.0023660924690433));
#5011=CARTESIAN_POINT('',(8.68609754038563,-2.,0.00197997768242023));
#5012=CARTESIAN_POINT('',(8.68602286644977,-2.,0.00158769672594525));
#5013=CARTESIAN_POINT('',(8.0001494176849,0.,0.00238502166306739));
#5014=CARTESIAN_POINT('',(8.00004987219475,0.,0.00159464987424437));
#5015=CARTESIAN_POINT('',(8.,0.,0.000795373780343279));
#5016=CARTESIAN_POINT('',(8.,0.,0.));
#5017=CARTESIAN_POINT('',(8.68597309370469,-2.,0.0011925108315337));
#5018=CARTESIAN_POINT('',(8.68592332095962,-2.,0.000797324937122185));
#5019=CARTESIAN_POINT('',(8.68589838486225,-2.,0.00039768689017164));
#5020=CARTESIAN_POINT('',(8.68589838486225,-2.,0.));
#5021=B_SPLINE_SURFACE_WITH_KNOTS('Surf_YGEIDFBZRS, WingGeom, 1, 13, lower',1,3,((#5022, #5023, #5024, #5028, #5029, #5030, #5034, #5035, #5036, #5040, #5041, #5042, #5046, #5047, #5048, #5052, #5053, #5054, #5058, #5059, #5060, #5064, #5065, #5066, #5070, #5071, #5072, #5076, #5077, #5078, #5082, #5083, #5084, #5088, #5089, #5090, #5094, #5095, #5096, #5100, #5101, #5102, #5106, #5107, #5108, #5112, #5113, #5114, #5118, #5119, #5120, #5124, #5125, #5126, #5130, #5131, #5132, #5136, #5137, #5138, #5142, #5143, #5144, #5148, #5149, #5150, #5154, #5155, #5156, #5160, #5161, #5162, #5166, #5167, #5168, #5172, #5173, #5174, #5178, #5179, #5180, #5184, #5185, #5186, #5190, #5191, #5192, #5196, #5197, #5198, #5202, #5203, #5204, #5208, #5209, #5210, #5214, #5215, #5216, #5220, #5221, #5222, #5223),(#5025, #5026, #5027, #5031, #5032, #5033, #5037, #5038, #5039, #5043, #5044, #5045, #5049, #5050, #5051, #5055, #5056, #5057, #5061, #5062, #5063, #5067, #5068, #5069, #5073, #5074, #5075, #5079, #5080, #5081, #5085, #5086, #5087, #5091, #5092, #5093, #5097, #5098, #5099, #5103, #5104, #5105, #5109, #5110, #5111, #5115, #5116, #5117, #5121, #5122, #5123, #5127, #5128, #5129, #5133, #5134, #5135, #5139, #5140, #5141, #5145, #5146, #5147, #5151, #5152, #5153, #5157, #5158, #5159, #5163, #5164, #5165, #5169, #5170, #5171, #5175, #5176, #5177, #5181, #5182, #5183, #5187, #5188, #5189, #5193, #5194, #5195, #5199, #5200, #5201, #5205, #5206, #5207, #5211, #5212, #5213, #5217, #5218, #5219, #5224, #5225, #5226, #5227)),.UNSPECIFIED.,.F.,.F.,.F.,(2,2),(4,3,3,3,3,3,3,3,3,3,3,3,3,3,3,3,3,3,3,3,3,3,3,3,3,3,3,3,3,3,3,3,3,3,4),(0.,1.),(0.,1.,2.,3.,4.,5.,6.,7.,8.,9.,10.,11.,12.,13.,14.,15.,16.,17.,18.,19.,20.,21.,22.,23.,24.,25.,26.,27.,28.,29.,30.,31.,32.,33.,34.),.PIECEWISE_BEZIER_KNOTS.);
#5022=CARTESIAN_POINT('',(8.68589838486225,-2.,0.));
#5023=CARTESIAN_POINT('',(8.68589838486225,-2.,-0.00039768689017164));
#5024=CARTESIAN_POINT('',(8.68592332095962,-2.,-0.000797324937122221));
#5025=CARTESIAN_POINT('',(8.68589838486225,-2.,0.));
#5026=CARTESIAN_POINT('',(8.68589838486225,-2.,-5.42101086242752E-20));
#5027=CARTESIAN_POINT('',(8.68592332095962,-2.,-1.78893358460108E-17));
#5028=CARTESIAN_POINT('',(8.68597309370469,-2.,-0.00119251083153378));
#5029=CARTESIAN_POINT('',(8.68602286644977,-2.,-0.00158769672594536));
#5030=CARTESIAN_POINT('',(8.68609754038563,-2.,-0.00197997768242036));
#5031=CARTESIAN_POINT('',(8.68597309370469,-2.,-4.06575814682064E-17));
#5032=CARTESIAN_POINT('',(8.68602286644977,-2.,-5.21501244965528E-17));
#5033=CARTESIAN_POINT('',(8.68609754038563,-2.,-6.31005664386564E-17));
#5034=CARTESIAN_POINT('',(8.68619544474104,-2.,-0.00236609246904336));
#5035=CARTESIAN_POINT('',(8.68639125345187,-2.,-0.00313832204228935));
#5036=CARTESIAN_POINT('',(8.68668104398174,-2.,-0.00388595782777217));
#5037=CARTESIAN_POINT('',(8.68619544474104,-2.,-3.38271077815477E-17));
#5038=CARTESIAN_POINT('',(8.68639125345187,-2.,-8.45677694538693E-18));
#5039=CARTESIAN_POINT('',(8.68668104398174,-2.,6.78710559975926E-17));
#5040=CARTESIAN_POINT('',(8.68704140355313,-2.,-0.00459638865169579));
#5041=CARTESIAN_POINT('',(8.68740176312452,-2.,-0.00530681947561939));
#5042=CARTESIAN_POINT('',(8.68783289257638,-2.,-0.00598071231979827));
#5043=CARTESIAN_POINT('',(8.68704140355313,-2.,1.20996962449382E-16));
#5044=CARTESIAN_POINT('',(8.68740176312452,-2.,1.84314369322536E-16));
#5045=CARTESIAN_POINT('',(8.68783289257638,-2.,1.4137996329211E-16));
#5046=CARTESIAN_POINT('',(8.68831163683185,-2.,-0.00661757945796438));
#5047=CARTESIAN_POINT('',(8.68879038108732,-2.,-0.0072544465961305));
#5048=CARTESIAN_POINT('',(8.68931677662676,-2.,-0.00785478144305568));
#5049=CARTESIAN_POINT('',(8.68831163683185,-2.,4.42354486374086E-17));
#5050=CARTESIAN_POINT('',(8.68879038108732,-2.,-6.20163642661709E-17));
#5051=CARTESIAN_POINT('',(8.68931677662676,-2.,8.67361737988404E-18));
#5052=CARTESIAN_POINT('',(8.68987553122594,-2.,-0.00842286980990301));
#5053=CARTESIAN_POINT('',(8.69043428582512,-2.,-0.00899095817675034));
#5054=CARTESIAN_POINT('',(8.69102461168991,-2.,-0.00952737364605089));
#5055=CARTESIAN_POINT('',(8.68987553122594,-2.,8.06646416329215E-17));
#5056=CARTESIAN_POINT('',(8.69043428582512,-2.,1.52655665885959E-16));
#5057=CARTESIAN_POINT('',(8.69102461168991,-2.,4.59701721133854E-17));
#5058=CARTESIAN_POINT('',(8.69163717273989,-2.,-0.0100368797927955));
#5059=CARTESIAN_POINT('',(8.69224973378987,-2.,-0.0105463859395401));
#5060=CARTESIAN_POINT('',(8.69288399434361,-2.,-0.0110294588725538));
#5061=CARTESIAN_POINT('',(8.69163717273989,-2.,1.99493199737333E-17));
#5062=CARTESIAN_POINT('',(8.69224973378987,-2.,1.64798730217797E-17));
#5063=CARTESIAN_POINT('',(8.69288399434361,-2.,5.46437894932694E-17));
#5064=CARTESIAN_POINT('',(8.69353417089385,-2.,-0.0114900916659789));
#5065=CARTESIAN_POINT('',(8.69483452399433,-2.,-0.0124113572528292));
#5066=CARTESIAN_POINT('',(8.69619558819246,-2.,-0.0132448778575569));
#5067=CARTESIAN_POINT('',(8.69353417089385,-2.,9.8879238130678E-17));
#5068=CARTESIAN_POINT('',(8.69483452399433,-2.,1.61329283265843E-16));
#5069=CARTESIAN_POINT('',(8.69619558819246,-2.,1.47451495458029E-17));
#5070=CARTESIAN_POINT('',(8.69758862916664,-2.,-0.0140180551480627));
#5071=CARTESIAN_POINT('',(8.69828514965373,-2.,-0.0144046437933156));
#5072=CARTESIAN_POINT('',(8.69899079574957,-2.,-0.0147750943642586));
#5073=CARTESIAN_POINT('',(8.69758862916664,-2.,4.9439619065339E-17));
#5074=CARTESIAN_POINT('',(8.69828514965373,-2.,6.67868538251071E-17));
#5075=CARTESIAN_POINT('',(8.69899079574957,-2.,9.62771529167128E-17));
#5076=CARTESIAN_POINT('',(8.69970304394567,-2.,-0.0151322293741135));
#5077=CARTESIAN_POINT('',(8.70041529214177,-2.,-0.0154893643839683));
#5078=CARTESIAN_POINT('',(8.70113389220687,-2.,-0.015833574745804));
#5079=CARTESIAN_POINT('',(8.69970304394567,-2.,9.28077059647592E-17));
#5080=CARTESIAN_POINT('',(8.70041529214177,-2.,8.50014503228635E-17));
#5081=CARTESIAN_POINT('',(8.70113389220687,-2.,7.11236625150491E-17));
#5082=CARTESIAN_POINT('',(8.70185809848745,-2.,-0.0161658135078078));
#5083=CARTESIAN_POINT('',(8.70330651104861,-2.,-0.0168302910318155));
#5084=CARTESIAN_POINT('',(8.70477504652231,-2.,-0.0174498939369786));
#5085=CARTESIAN_POINT('',(8.70185809848745,-2.,5.72458747072346E-17));
#5086=CARTESIAN_POINT('',(8.70330651104861,-2.,4.33680868994202E-17));
#5087=CARTESIAN_POINT('',(8.70477504652231,-2.,5.89805981832114E-17));
#5088=CARTESIAN_POINT('',(8.70625802661215,-2.,-0.0180330716154886));
#5089=CARTESIAN_POINT('',(8.70922398679183,-2.,-0.0191994269725085));
#5090=CARTESIAN_POINT('',(8.71224322205078,-2.,-0.0202266099511446));
#5091=CARTESIAN_POINT('',(8.70625802661215,-2.,5.20417042793042E-17));
#5092=CARTESIAN_POINT('',(8.70922398679183,-2.,2.25514051876985E-17));
#5093=CARTESIAN_POINT('',(8.71224322205078,-2.,5.3776427755281E-17));
#5094=CARTESIAN_POINT('',(8.71529004788704,-2.,-0.0211609693917767));
#5095=CARTESIAN_POINT('',(8.71833687372331,-2.,-0.0220953288324089));
#5096=CARTESIAN_POINT('',(8.72141199132665,-2.,-0.0229360300465222));
#5097=CARTESIAN_POINT('',(8.71529004788704,-2.,3.81639164714898E-17));
#5098=CARTESIAN_POINT('',(8.71833687372331,-2.,2.77555756156289E-17));
#5099=CARTESIAN_POINT('',(8.72141199132665,-2.,5.72458747072346E-17));
#5100=CARTESIAN_POINT('',(8.72450386608093,-2.,-0.0237082683681477));
#5101=CARTESIAN_POINT('',(8.72759574083522,-2.,-0.0244805066897733));
#5102=CARTESIAN_POINT('',(8.73070475065031,-2.,-0.0251837726770658));
#5103=CARTESIAN_POINT('',(8.72450386608093,-2.,6.24500451351651E-17));
#5104=CARTESIAN_POINT('',(8.72759574083522,-2.,6.41847686111419E-17));
#5105=CARTESIAN_POINT('',(8.73070475065031,-2.,2.25514051876985E-17));
#5106=CARTESIAN_POINT('',(8.73382446677059,-2.,-0.0258342480715034));
#5107=CARTESIAN_POINT('',(8.73694418289086,-2.,-0.026484723465941));
#5108=CARTESIAN_POINT('',(8.74007532923935,-2.,-0.0270806845280514));
#5109=CARTESIAN_POINT('',(8.73382446677059,-2.,2.77555756156289E-17));
#5110=CARTESIAN_POINT('',(8.73694418289086,-2.,3.12250225675825E-17));
#5111=CARTESIAN_POINT('',(8.74007532923935,-2.,3.64291929955129E-17));
#5112=CARTESIAN_POINT('',(8.74321379789524,-2.,-0.0276339472944804));
#5113=CARTESIAN_POINT('',(8.74635226655112,-2.,-0.0281872100609094));
#5114=CARTESIAN_POINT('',(8.74949820872662,-2.,-0.0286973866489961));
#5115=CARTESIAN_POINT('',(8.74321379789524,-2.,3.29597460435593E-17));
#5116=CARTESIAN_POINT('',(8.74635226655112,-2.,3.29597460435593E-17));
#5117=CARTESIAN_POINT('',(8.74949820872662,-2.,1.04083408558608E-17));
#5118=CARTESIAN_POINT('',(8.7526497211045,-2.,-0.0291706136695646));
#5119=CARTESIAN_POINT('',(8.75580123348238,-2.,-0.0296438406901331));
#5120=CARTESIAN_POINT('',(8.75895812831288,-2.,-0.0300808704221134));
#5121=CARTESIAN_POINT('',(8.7526497211045,-2.,1.90819582357449E-17));
#5122=CARTESIAN_POINT('',(8.75580123348238,-2.,2.60208521396521E-17));
#5123=CARTESIAN_POINT('',(8.75895812831289,-2.,3.12250225675825E-17));
#5124=CARTESIAN_POINT('',(8.76211922928467,-2.,-0.0304857099025526));
#5125=CARTESIAN_POINT('',(8.76528033025645,-2.,-0.0308905493829919));
#5126=CARTESIAN_POINT('',(8.76844509142638,-2.,-0.0312652966093249));
#5127=CARTESIAN_POINT('',(8.76211922928467,-2.,2.77555756156289E-17));
#5128=CARTESIAN_POINT('',(8.76528033025645,-2.,2.25514051876985E-17));
#5129=CARTESIAN_POINT('',(8.76844509142638,-2.,2.08166817117217E-17));
#5130=CARTESIAN_POINT('',(8.7716131460412,-2.,-0.0316114222691558));
#5131=CARTESIAN_POINT('',(8.77794925527083,-2.,-0.0323036735888175));
#5132=CARTESIAN_POINT('',(8.78429651125257,-2.,-0.0328892231115489));
#5133=CARTESIAN_POINT('',(8.7716131460412,-2.,1.73472347597681E-17));
#5134=CARTESIAN_POINT('',(8.77794925527083,-2.,2.08166817117217E-17));
#5135=CARTESIAN_POINT('',(8.78429651125257,-2.,2.77555756156289E-17));
#5136=CARTESIAN_POINT('',(8.79065093732692,-2.,-0.0333856375063257));
#5137=CARTESIAN_POINT('',(8.80335978947562,-2.,-0.0343784662958794));
#5138=CARTESIAN_POINT('',(8.81609382950436,-2.,-0.0350291036527467));
#5139=CARTESIAN_POINT('',(8.79065093732692,-2.,2.08166817117217E-17));
#5140=CARTESIAN_POINT('',(8.80335978947562,-2.,0.));
#5141=CARTESIAN_POINT('',(8.81609382950436,-2.,3.46944695195361E-18));
#5142=CARTESIAN_POINT('',(8.82883433049628,-2.,-0.0354415656662524));
#5143=CARTESIAN_POINT('',(8.83520458099224,-2.,-0.0356477966730053));
#5144=CARTESIAN_POINT('',(8.84157684149704,-2.,-0.0357925704669422));
#5145=CARTESIAN_POINT('',(8.82883433049628,-2.,0.));
#5146=CARTESIAN_POINT('',(8.83520458099224,-2.,0.));
#5147=CARTESIAN_POINT('',(8.84157684149704,-2.,6.93889390390723E-18));
#5148=CARTESIAN_POINT('',(8.84794987513205,-2.,-0.0358843613339805));
#5149=CARTESIAN_POINT('',(8.85432290876706,-2.,-0.0359761522010188));
#5150=CARTESIAN_POINT('',(8.86069657759327,-2.,-0.0360162834575403));
#5151=CARTESIAN_POINT('',(8.84794987513205,-2.,3.46944695195361E-18));
#5152=CARTESIAN_POINT('',(8.85432290876706,-2.,0.));
#5153=CARTESIAN_POINT('',(8.86069657759327,-2.,-6.93889390390723E-18));
#5154=CARTESIAN_POINT('',(8.86707029026598,-2.,-0.0360096065362212));
#5155=CARTESIAN_POINT('',(8.87025714660234,-2.,-0.0360062680755616));
#5156=CARTESIAN_POINT('',(8.87344388301456,-2.,-0.0359924846079818));
#5157=CARTESIAN_POINT('',(8.86707029026598,-2.,-6.93889390390723E-18));
#5158=CARTESIAN_POINT('',(8.87025714660234,-2.,-1.04083408558608E-17));
#5159=CARTESIAN_POINT('',(8.87344388301456,-2.,3.46944695195361E-18));
#5160=CARTESIAN_POINT('',(8.87663061088712,-2.,-0.0359671286997985));
#5161=CARTESIAN_POINT('',(8.87981733875967,-2.,-0.0359417727916151));
#5162=CARTESIAN_POINT('',(8.88300403619085,-2.,-0.0359051045735423));
#5163=CARTESIAN_POINT('',(8.87663061088712,-2.,0.));
#5164=CARTESIAN_POINT('',(8.87981733875967,-2.,0.));
#5165=CARTESIAN_POINT('',(8.88300403619085,-2.,-3.46944695195361E-18));
#5166=CARTESIAN_POINT('',(8.88619051650214,-2.,-0.0358590960421825));
#5167=CARTESIAN_POINT('',(8.89256347712474,-2.,-0.0357670789794631));
#5168=CARTESIAN_POINT('',(8.89893591108729,-2.,-0.0356336211419339));
#5169=CARTESIAN_POINT('',(8.88619051650215,-2.,-3.46944695195361E-18));
#5170=CARTESIAN_POINT('',(8.89256347712474,-2.,-3.46944695195361E-18));
#5171=CARTESIAN_POINT('',(8.89893591108729,-2.,-6.93889390390723E-18));
#5172=CARTESIAN_POINT('',(8.90530726842987,-2.,-0.0354659905535142));
#5173=CARTESIAN_POINT('',(8.91167862577246,-2.,-0.0352983599650945));
#5174=CARTESIAN_POINT('',(8.91804915043231,-2.,-0.0350932211365597));
#5175=CARTESIAN_POINT('',(8.90530726842987,-2.,-1.04083408558608E-17));
#5176=CARTESIAN_POINT('',(8.91167862577246,-2.,-1.38777878078145E-17));
#5177=CARTESIAN_POINT('',(8.91804915043231,-2.,-1.38777878078145E-17));
#5178=CARTESIAN_POINT('',(8.92441839763215,-2.,-0.0348571660889993));
#5179=CARTESIAN_POINT('',(8.930787644832,-2.,-0.0346211110414388));
#5180=CARTESIAN_POINT('',(8.93715572630259,-2.,-0.0343528263422683));
#5181=CARTESIAN_POINT('',(8.92441839763215,-2.,-1.73472347597681E-17));
#5182=CARTESIAN_POINT('',(8.930787644832,-2.,-1.73472347597681E-17));
#5183=CARTESIAN_POINT('',(8.93715572630259,-2.,-1.38777878078145E-17));
#5184=CARTESIAN_POINT('',(8.94352244673741,-2.,-0.0340558125407382));
#5185=CARTESIAN_POINT('',(8.95625588760705,-2.,-0.0334617849376781));
#5186=CARTESIAN_POINT('',(8.96898389814776,-2.,-0.0327543448634761));
#5187=CARTESIAN_POINT('',(8.94352244673741,-2.,-1.38777878078145E-17));
#5188=CARTESIAN_POINT('',(8.95625588760705,-2.,-1.38777878078145E-17));
#5189=CARTESIAN_POINT('',(8.96898389814776,-2.,-2.42861286636753E-17));
#5190=CARTESIAN_POINT('',(8.98170594858158,-2.,-0.0319523033185314));
#5191=CARTESIAN_POINT('',(8.9944279990154,-2.,-0.0311502617735866));
#5192=CARTESIAN_POINT('',(9.00714409773751,-2.,-0.0302563448083653));
#5193=CARTESIAN_POINT('',(8.98170594858158,-2.,-1.73472347597681E-17));
#5194=CARTESIAN_POINT('',(8.9944279990154,-2.,-1.21430643318376E-17));
#5195=CARTESIAN_POINT('',(9.00714409773751,-2.,-1.38777878078145E-17));
#5196=CARTESIAN_POINT('',(9.01985419337177,-2.,-0.0292832534099454));
#5197=CARTESIAN_POINT('',(9.03256428900604,-2.,-0.0283101620115255));
#5198=CARTESIAN_POINT('',(9.04526840003462,-2.,-0.0272603327299552));
#5199=CARTESIAN_POINT('',(9.01985419337177,-2.,-1.38777878078145E-17));
#5200=CARTESIAN_POINT('',(9.03256428900604,-2.,-1.21430643318376E-17));
#5201=CARTESIAN_POINT('',(9.04526840003462,-2.,-1.56125112837913E-17));
#5202=CARTESIAN_POINT('',(9.05796664403373,-2.,-0.0261435209081861));
#5203=CARTESIAN_POINT('',(9.07066488803284,-2.,-0.025026709086417));
#5204=CARTESIAN_POINT('',(9.08335727931821,-2.,-0.0238437148394996));
#5205=CARTESIAN_POINT('',(9.05796664403373,-2.,-1.38777878078145E-17));
#5206=CARTESIAN_POINT('',(9.07066488803284,-2.,-1.21430643318376E-17));
#5207=CARTESIAN_POINT('',(9.08335727931821,-2.,-1.73472347597681E-17));
#5208=CARTESIAN_POINT('',(9.0960439580834,-2.,-0.0226027732831992));
#5209=CARTESIAN_POINT('',(9.1087306368486,-2.,-0.0213618317268988));
#5210=CARTESIAN_POINT('',(9.12141159627858,-2.,-0.0200621829044795));
#5211=CARTESIAN_POINT('',(9.0960439580834,-2.,-2.08166817117217E-17));
#5212=CARTESIAN_POINT('',(9.1087306368486,-2.,-2.60208521396521E-17));
#5213=CARTESIAN_POINT('',(9.12141159627858,-2.,-1.90819582357449E-17));
#5214=CARTESIAN_POINT('',(9.13408687843257,-2.,-0.0187095397144883));
#5215=CARTESIAN_POINT('',(9.15943744274054,-2.,-0.0160042533345059));
#5216=CARTESIAN_POINT('',(9.18476553491858,-2.,-0.0130891178043812));
#5217=CARTESIAN_POINT('',(9.13408687843257,-2.,-1.90819582357449E-17));
#5218=CARTESIAN_POINT('',(9.15943744274055,-2.,-1.04083408558608E-17));
#5219=CARTESIAN_POINT('',(9.18476553491858,-2.,6.93889390390723E-18));
#5220=CARTESIAN_POINT('',(9.21006895671388,-2.,-0.00997372182377368));
#5221=CARTESIAN_POINT('',(9.23537237850919,-2.,-0.00685832584316613));
#5222=CARTESIAN_POINT('',(9.26065121546386,-2.,-0.00354242815305006));
#5223=CARTESIAN_POINT('',(9.28589838486224,-2.,0.));
#5224=CARTESIAN_POINT('',(9.21006895671388,-2.,5.20417042793042E-18));
#5225=CARTESIAN_POINT('',(9.23537237850919,-2.,8.67361737988404E-19));
#5226=CARTESIAN_POINT('',(9.26065121546385,-2.,3.69712940817557E-16));
#5227=CARTESIAN_POINT('',(9.28589838486224,-2.,0.));
#5228=B_SPLINE_SURFACE_WITH_KNOTS('Surf_YGEIDFBZRS, WingGeom, 1, 16, upper',1,3,((#5229, #5230, #5231, #5235, #5236, #5237, #5241, #5242, #5243, #5247, #5248, #5249, #5253, #5254, #5255, #5259, #5260, #5261, #5265, #5266, #5267, #5271, #5272, #5273, #5277, #5278, #5279, #5283, #5284, #5285, #5289, #5290, #5291, #5295, #5296, #5297, #5301, #5302, #5303, #5307, #5308, #5309, #5313, #5314, #5315, #5319, #5320, #5321, #5325, #5326, #5327, #5331, #5332, #5333, #5337, #5338, #5339, #5343, #5344, #5345, #5349, #5350, #5351, #5355, #5356, #5357, #5361, #5362, #5363, #5367, #5368, #5369, #5373, #5374, #5375, #5379, #5380, #5381, #5385, #5386, #5387, #5391, #5392, #5393, #5397, #5398, #5399, #5403, #5404, #5405, #5409, #5410, #5411, #5415, #5416, #5417, #5421, #5422, #5423, #5427, #5428, #5429, #5430),(#5232, #5233, #5234, #5238, #5239, #5240, #5244, #5245, #5246, #5250, #5251, #5252, #5256, #5257, #5258, #5262, #5263, #5264, #5268, #5269, #5270, #5274, #5275, #5276, #5280, #5281, #5282, #5286, #5287, #5288, #5292, #5293, #5294, #5298, #5299, #5300, #5304, #5305, #5306, #5310, #5311, #5312, #5316, #5317, #5318, #5322, #5323, #5324, #5328, #5329, #5330, #5334, #5335, #5336, #5340, #5341, #5342, #5346, #5347, #5348, #5352, #5353, #5354, #5358, #5359, #5360, #5364, #5365, #5366, #5370, #5371, #5372, #5376, #5377, #5378, #5382, #5383, #5384, #5388, #5389, #5390, #5394, #5395, #5396, #5400, #5401, #5402, #5406, #5407, #5408, #5412, #5413, #5414, #5418, #5419, #5420, #5424, #5425, #5426, #5431, #5432, #5433, #5434)),.UNSPECIFIED.,.F.,.F.,.F.,(2,2),(4,3,3,3,3,3,3,3,3,3,3,3,3,3,3,3,3,3,3,3,3,3,3,3,3,3,3,3,3,3,3,3,3,3,4),(0.,1.),(0.,1.,2.,3.,4.,5.,6.,7.,8.,9.,10.,11.,12.,13.,14.,15.,16.,17.,18.,19.,20.,21.,22.,23.,24.,25.,26.,27.,28.,29.,30.,31.,32.,33.,34.),.PIECEWISE_BEZIER_KNOTS.);
#5229=CARTESIAN_POINT('',(9.28589838486224,-2.,0.));
#5230=CARTESIAN_POINT('',(9.26065121546384,-2.,0.0035424281530508));
#5231=CARTESIAN_POINT('',(9.23537237850919,-2.,0.00685832584316613));
#5232=CARTESIAN_POINT('',(9.28589838486224,-2.,0.));
#5233=CARTESIAN_POINT('',(9.26065121546385,-2.,3.69712940817557E-16));
#5234=CARTESIAN_POINT('',(9.23537237850919,-2.,8.67361737988404E-19));
#5235=CARTESIAN_POINT('',(9.21006895671388,-2.,0.00997372182377369));
#5236=CARTESIAN_POINT('',(9.18476553491858,-2.,0.0130891178043812));
#5237=CARTESIAN_POINT('',(9.15943744274055,-2.,0.0160042533345059));
#5238=CARTESIAN_POINT('',(9.21006895671388,-2.,5.20417042793042E-18));
#5239=CARTESIAN_POINT('',(9.18476553491858,-2.,6.93889390390723E-18));
#5240=CARTESIAN_POINT('',(9.15943744274055,-2.,-1.04083408558608E-17));
#5241=CARTESIAN_POINT('',(9.13408687843257,-2.,0.0187095397144883));
#5242=CARTESIAN_POINT('',(9.12141159627858,-2.,0.0200621829044795));
#5243=CARTESIAN_POINT('',(9.1087306368486,-2.,0.0213618317268987));
#5244=CARTESIAN_POINT('',(9.13408687843257,-2.,-1.90819582357449E-17));
#5245=CARTESIAN_POINT('',(9.12141159627858,-2.,-1.90819582357449E-17));
#5246=CARTESIAN_POINT('',(9.1087306368486,-2.,-2.60208521396521E-17));
#5247=CARTESIAN_POINT('',(9.0960439580834,-2.,0.0226027732831991));
#5248=CARTESIAN_POINT('',(9.08335727931821,-2.,0.0238437148394996));
#5249=CARTESIAN_POINT('',(9.07066488803284,-2.,0.025026709086417));
#5250=CARTESIAN_POINT('',(9.0960439580834,-2.,-2.08166817117217E-17));
#5251=CARTESIAN_POINT('',(9.08335727931821,-2.,-1.73472347597681E-17));
#5252=CARTESIAN_POINT('',(9.07066488803284,-2.,-1.21430643318376E-17));
#5253=CARTESIAN_POINT('',(9.05796664403373,-2.,0.0261435209081861));
#5254=CARTESIAN_POINT('',(9.04526840003462,-2.,0.0272603327299551));
#5255=CARTESIAN_POINT('',(9.03256428900604,-2.,0.0283101620115255));
#5256=CARTESIAN_POINT('',(9.05796664403373,-2.,-1.38777878078145E-17));
#5257=CARTESIAN_POINT('',(9.04526840003462,-2.,-1.56125112837913E-17));
#5258=CARTESIAN_POINT('',(9.03256428900604,-2.,-1.21430643318376E-17));
#5259=CARTESIAN_POINT('',(9.01985419337177,-2.,0.0292832534099453));
#5260=CARTESIAN_POINT('',(9.00714409773751,-2.,0.0302563448083652));
#5261=CARTESIAN_POINT('',(8.9944279990154,-2.,0.0311502617735866));
#5262=CARTESIAN_POINT('',(9.01985419337177,-2.,-1.38777878078145E-17));
#5263=CARTESIAN_POINT('',(9.00714409773751,-2.,-1.38777878078145E-17));
#5264=CARTESIAN_POINT('',(8.9944279990154,-2.,-1.21430643318376E-17));
#5265=CARTESIAN_POINT('',(8.98170594858158,-2.,0.0319523033185313));
#5266=CARTESIAN_POINT('',(8.96898389814776,-2.,0.0327543448634761));
#5267=CARTESIAN_POINT('',(8.95625588760705,-2.,0.033461784937678));
#5268=CARTESIAN_POINT('',(8.98170594858158,-2.,-1.73472347597681E-17));
#5269=CARTESIAN_POINT('',(8.96898389814776,-2.,-2.42861286636753E-17));
#5270=CARTESIAN_POINT('',(8.95625588760705,-2.,-1.38777878078145E-17));
#5271=CARTESIAN_POINT('',(8.94352244673741,-2.,0.0340558125407382));
#5272=CARTESIAN_POINT('',(8.93715572630259,-2.,0.0343528263422683));
#5273=CARTESIAN_POINT('',(8.930787644832,-2.,0.0346211110414388));
#5274=CARTESIAN_POINT('',(8.94352244673741,-2.,-1.38777878078145E-17));
#5275=CARTESIAN_POINT('',(8.93715572630259,-2.,-1.38777878078145E-17));
#5276=CARTESIAN_POINT('',(8.930787644832,-2.,-1.73472347597681E-17));
#5277=CARTESIAN_POINT('',(8.92441839763215,-2.,0.0348571660889992));
#5278=CARTESIAN_POINT('',(8.91804915043231,-2.,0.0350932211365597));
#5279=CARTESIAN_POINT('',(8.91167862577246,-2.,0.0352983599650945));
#5280=CARTESIAN_POINT('',(8.92441839763215,-2.,-1.73472347597681E-17));
#5281=CARTESIAN_POINT('',(8.91804915043231,-2.,-1.38777878078145E-17));
#5282=CARTESIAN_POINT('',(8.91167862577246,-2.,-1.38777878078145E-17));
#5283=CARTESIAN_POINT('',(8.90530726842987,-2.,0.0354659905535142));
#5284=CARTESIAN_POINT('',(8.89893591108729,-2.,0.0356336211419339));
#5285=CARTESIAN_POINT('',(8.89256347712474,-2.,0.0357670789794631));
#5286=CARTESIAN_POINT('',(8.90530726842987,-2.,-1.04083408558608E-17));
#5287=CARTESIAN_POINT('',(8.89893591108729,-2.,-6.93889390390723E-18));
#5288=CARTESIAN_POINT('',(8.89256347712474,-2.,-3.46944695195361E-18));
#5289=CARTESIAN_POINT('',(8.88619051650215,-2.,0.0358590960421825));
#5290=CARTESIAN_POINT('',(8.88300403619085,-2.,0.0359051045735422));
#5291=CARTESIAN_POINT('',(8.87981733875967,-2.,0.0359417727916151));
#5292=CARTESIAN_POINT('',(8.88619051650215,-2.,-3.46944695195361E-18));
#5293=CARTESIAN_POINT('',(8.88300403619085,-2.,-3.46944695195361E-18));
#5294=CARTESIAN_POINT('',(8.87981733875967,-2.,0.));
#5295=CARTESIAN_POINT('',(8.87663061088712,-2.,0.0359671286997985));
#5296=CARTESIAN_POINT('',(8.87344388301456,-2.,0.0359924846079818));
#5297=CARTESIAN_POINT('',(8.87025714660234,-2.,0.0360062680755616));
#5298=CARTESIAN_POINT('',(8.87663061088712,-2.,0.));
#5299=CARTESIAN_POINT('',(8.87344388301456,-2.,3.46944695195361E-18));
#5300=CARTESIAN_POINT('',(8.87025714660234,-2.,-1.04083408558608E-17));
#5301=CARTESIAN_POINT('',(8.86707029026598,-2.,0.0360096065362212));
#5302=CARTESIAN_POINT('',(8.86069657759327,-2.,0.0360162834575403));
#5303=CARTESIAN_POINT('',(8.85432290876706,-2.,0.0359761522010188));
#5304=CARTESIAN_POINT('',(8.86707029026598,-2.,-6.93889390390723E-18));
#5305=CARTESIAN_POINT('',(8.86069657759327,-2.,-6.93889390390723E-18));
#5306=CARTESIAN_POINT('',(8.85432290876706,-2.,0.));
#5307=CARTESIAN_POINT('',(8.84794987513205,-2.,0.0358843613339805));
#5308=CARTESIAN_POINT('',(8.84157684149704,-2.,0.0357925704669422));
#5309=CARTESIAN_POINT('',(8.83520458099225,-2.,0.0356477966730053));
#5310=CARTESIAN_POINT('',(8.84794987513205,-2.,3.46944695195361E-18));
#5311=CARTESIAN_POINT('',(8.84157684149704,-2.,6.93889390390723E-18));
#5312=CARTESIAN_POINT('',(8.83520458099224,-2.,0.));
#5313=CARTESIAN_POINT('',(8.82883433049628,-2.,0.0354415656662524));
#5314=CARTESIAN_POINT('',(8.81609382950436,-2.,0.0350291036527467));
#5315=CARTESIAN_POINT('',(8.80335978947562,-2.,0.0343784662958794));
#5316=CARTESIAN_POINT('',(8.82883433049628,-2.,0.));
#5317=CARTESIAN_POINT('',(8.81609382950436,-2.,3.46944695195361E-18));
#5318=CARTESIAN_POINT('',(8.80335978947562,-2.,0.));
#5319=CARTESIAN_POINT('',(8.79065093732692,-2.,0.0333856375063258));
#5320=CARTESIAN_POINT('',(8.78429651125257,-2.,0.032889223111549));
#5321=CARTESIAN_POINT('',(8.77794925527083,-2.,0.0323036735888175));
#5322=CARTESIAN_POINT('',(8.79065093732692,-2.,2.08166817117217E-17));
#5323=CARTESIAN_POINT('',(8.78429651125257,-2.,2.77555756156289E-17));
#5324=CARTESIAN_POINT('',(8.77794925527083,-2.,2.08166817117217E-17));
#5325=CARTESIAN_POINT('',(8.7716131460412,-2.,0.0316114222691558));
#5326=CARTESIAN_POINT('',(8.76844509142638,-2.,0.0312652966093249));
#5327=CARTESIAN_POINT('',(8.76528033025645,-2.,0.0308905493829919));
#5328=CARTESIAN_POINT('',(8.7716131460412,-2.,1.73472347597681E-17));
#5329=CARTESIAN_POINT('',(8.76844509142638,-2.,2.08166817117217E-17));
#5330=CARTESIAN_POINT('',(8.76528033025645,-2.,2.25514051876985E-17));
#5331=CARTESIAN_POINT('',(8.76211922928467,-2.,0.0304857099025527));
#5332=CARTESIAN_POINT('',(8.75895812831289,-2.,0.0300808704221135));
#5333=CARTESIAN_POINT('',(8.75580123348238,-2.,0.0296438406901332));
#5334=CARTESIAN_POINT('',(8.76211922928467,-2.,2.77555756156289E-17));
#5335=CARTESIAN_POINT('',(8.75895812831289,-2.,3.12250225675825E-17));
#5336=CARTESIAN_POINT('',(8.75580123348238,-2.,2.60208521396521E-17));
#5337=CARTESIAN_POINT('',(8.7526497211045,-2.,0.0291706136695646));
#5338=CARTESIAN_POINT('',(8.74949820872662,-2.,0.0286973866489961));
#5339=CARTESIAN_POINT('',(8.74635226655112,-2.,0.0281872100609095));
#5340=CARTESIAN_POINT('',(8.7526497211045,-2.,1.90819582357449E-17));
#5341=CARTESIAN_POINT('',(8.74949820872662,-2.,1.04083408558608E-17));
#5342=CARTESIAN_POINT('',(8.74635226655112,-2.,3.29597460435593E-17));
#5343=CARTESIAN_POINT('',(8.74321379789524,-2.,0.0276339472944804));
#5344=CARTESIAN_POINT('',(8.74007532923935,-2.,0.0270806845280514));
#5345=CARTESIAN_POINT('',(8.73694418289086,-2.,0.026484723465941));
#5346=CARTESIAN_POINT('',(8.74321379789524,-2.,3.29597460435593E-17));
#5347=CARTESIAN_POINT('',(8.74007532923935,-2.,3.64291929955129E-17));
#5348=CARTESIAN_POINT('',(8.73694418289086,-2.,3.12250225675825E-17));
#5349=CARTESIAN_POINT('',(8.73382446677059,-2.,0.0258342480715034));
#5350=CARTESIAN_POINT('',(8.73070475065031,-2.,0.0251837726770658));
#5351=CARTESIAN_POINT('',(8.72759574083522,-2.,0.0244805066897734));
#5352=CARTESIAN_POINT('',(8.73382446677059,-2.,2.77555756156289E-17));
#5353=CARTESIAN_POINT('',(8.73070475065031,-2.,2.25514051876985E-17));
#5354=CARTESIAN_POINT('',(8.72759574083522,-2.,6.41847686111419E-17));
#5355=CARTESIAN_POINT('',(8.72450386608093,-2.,0.0237082683681479));
#5356=CARTESIAN_POINT('',(8.72141199132665,-2.,0.0229360300465223));
#5357=CARTESIAN_POINT('',(8.71833687372331,-2.,0.0220953288324089));
#5358=CARTESIAN_POINT('',(8.72450386608093,-2.,6.24500451351651E-17));
#5359=CARTESIAN_POINT('',(8.72141199132665,-2.,5.72458747072346E-17));
#5360=CARTESIAN_POINT('',(8.71833687372331,-2.,2.77555756156289E-17));
#5361=CARTESIAN_POINT('',(8.71529004788704,-2.,0.0211609693917768));
#5362=CARTESIAN_POINT('',(8.71224322205078,-2.,0.0202266099511447));
#5363=CARTESIAN_POINT('',(8.70922398679183,-2.,0.0191994269725086));
#5364=CARTESIAN_POINT('',(8.71529004788704,-2.,3.81639164714898E-17));
#5365=CARTESIAN_POINT('',(8.71224322205078,-2.,5.3776427755281E-17));
#5366=CARTESIAN_POINT('',(8.70922398679183,-2.,2.25514051876985E-17));
#5367=CARTESIAN_POINT('',(8.70625802661215,-2.,0.0180330716154887));
#5368=CARTESIAN_POINT('',(8.70477504652231,-2.,0.0174498939369787));
#5369=CARTESIAN_POINT('',(8.70330651104861,-2.,0.0168302910318156));
#5370=CARTESIAN_POINT('',(8.70625802661215,-2.,5.20417042793042E-17));
#5371=CARTESIAN_POINT('',(8.70477504652231,-2.,5.89805981832114E-17));
#5372=CARTESIAN_POINT('',(8.70330651104861,-2.,4.33680868994202E-17));
#5373=CARTESIAN_POINT('',(8.70185809848745,-2.,0.016165813507808));
#5374=CARTESIAN_POINT('',(8.70113389220687,-2.,0.0158335747458041));
#5375=CARTESIAN_POINT('',(8.70041529214177,-2.,0.0154893643839685));
#5376=CARTESIAN_POINT('',(8.70185809848745,-2.,5.72458747072346E-17));
#5377=CARTESIAN_POINT('',(8.70113389220687,-2.,7.11236625150491E-17));
#5378=CARTESIAN_POINT('',(8.70041529214177,-2.,8.50014503228635E-17));
#5379=CARTESIAN_POINT('',(8.69970304394567,-2.,0.0151322293741137));
#5380=CARTESIAN_POINT('',(8.69899079574957,-2.,0.0147750943642588));
#5381=CARTESIAN_POINT('',(8.69828514965373,-2.,0.0144046437933158));
#5382=CARTESIAN_POINT('',(8.69970304394567,-2.,9.28077059647592E-17));
#5383=CARTESIAN_POINT('',(8.69899079574957,-2.,9.62771529167128E-17));
#5384=CARTESIAN_POINT('',(8.69828514965373,-2.,6.67868538251071E-17));
#5385=CARTESIAN_POINT('',(8.69758862916664,-2.,0.0140180551480628));
#5386=CARTESIAN_POINT('',(8.69619558819246,-2.,0.0132448778575569));
#5387=CARTESIAN_POINT('',(8.69483452399433,-2.,0.0124113572528295));
#5388=CARTESIAN_POINT('',(8.69758862916664,-2.,4.9439619065339E-17));
#5389=CARTESIAN_POINT('',(8.69619558819246,-2.,1.47451495458029E-17));
#5390=CARTESIAN_POINT('',(8.69483452399433,-2.,1.61329283265843E-16));
#5391=CARTESIAN_POINT('',(8.69353417089385,-2.,0.0114900916659791));
#5392=CARTESIAN_POINT('',(8.69288399434362,-2.,0.0110294588725539));
#5393=CARTESIAN_POINT('',(8.69224973378987,-2.,0.0105463859395401));
#5394=CARTESIAN_POINT('',(8.69353417089385,-2.,9.8879238130678E-17));
#5395=CARTESIAN_POINT('',(8.69288399434361,-2.,5.46437894932694E-17));
#5396=CARTESIAN_POINT('',(8.69224973378987,-2.,1.64798730217797E-17));
#5397=CARTESIAN_POINT('',(8.69163717273989,-2.,0.0100368797927955));
#5398=CARTESIAN_POINT('',(8.69102461168991,-2.,0.00952737364605098));
#5399=CARTESIAN_POINT('',(8.69043428582512,-2.,0.00899095817675065));
#5400=CARTESIAN_POINT('',(8.69163717273989,-2.,1.99493199737333E-17));
#5401=CARTESIAN_POINT('',(8.69102461168991,-2.,4.59701721133854E-17));
#5402=CARTESIAN_POINT('',(8.69043428582512,-2.,1.52655665885959E-16));
#5403=CARTESIAN_POINT('',(8.68987553122594,-2.,0.00842286980990317));
#5404=CARTESIAN_POINT('',(8.68931677662676,-2.,0.0078547814430557));
#5405=CARTESIAN_POINT('',(8.68879038108732,-2.,0.00725444659613038));
#5406=CARTESIAN_POINT('',(8.68987553122594,-2.,8.06646416329215E-17));
#5407=CARTESIAN_POINT('',(8.68931677662676,-2.,8.67361737988404E-18));
#5408=CARTESIAN_POINT('',(8.68879038108732,-2.,-6.20163642661709E-17));
#5409=CARTESIAN_POINT('',(8.68831163683185,-2.,0.00661757945796447));
#5410=CARTESIAN_POINT('',(8.68783289257638,-2.,0.00598071231979856));
#5411=CARTESIAN_POINT('',(8.68740176312452,-2.,0.00530681947561976));
#5412=CARTESIAN_POINT('',(8.68831163683185,-2.,4.42354486374086E-17));
#5413=CARTESIAN_POINT('',(8.68783289257638,-2.,1.4137996329211E-16));
#5414=CARTESIAN_POINT('',(8.68740176312452,-2.,1.84314369322536E-16));
#5415=CARTESIAN_POINT('',(8.68704140355313,-2.,0.00459638865169603));
#5416=CARTESIAN_POINT('',(8.68668104398174,-2.,0.00388595782777231));
#5417=CARTESIAN_POINT('',(8.68639125345187,-2.,0.00313832204228933));
#5418=CARTESIAN_POINT('',(8.68704140355313,-2.,1.20996962449382E-16));
#5419=CARTESIAN_POINT('',(8.68668104398174,-2.,6.78710559975926E-17));
#5420=CARTESIAN_POINT('',(8.68639125345187,-2.,-8.45677694538693E-18));
#5421=CARTESIAN_POINT('',(8.68619544474104,-2.,0.0023660924690433));
#5422=CARTESIAN_POINT('',(8.68609754038563,-2.,0.00197997768242023));
#5423=CARTESIAN_POINT('',(8.68602286644977,-2.,0.00158769672594525));
#5424=CARTESIAN_POINT('',(8.68619544474104,-2.,-3.38271077815477E-17));
#5425=CARTESIAN_POINT('',(8.68609754038563,-2.,-6.31005664386564E-17));
#5426=CARTESIAN_POINT('',(8.68602286644977,-2.,-5.21501244965528E-17));
#5427=CARTESIAN_POINT('',(8.68597309370469,-2.,0.0011925108315337));
#5428=CARTESIAN_POINT('',(8.68592332095962,-2.,0.000797324937122185));
#5429=CARTESIAN_POINT('',(8.68589838486225,-2.,0.00039768689017164));
#5430=CARTESIAN_POINT('',(8.68589838486225,-2.,0.));
#5431=CARTESIAN_POINT('',(8.68597309370469,-2.,-4.06575814682064E-17));
#5432=CARTESIAN_POINT('',(8.68592332095962,-2.,-1.78893358460108E-17));
#5433=CARTESIAN_POINT('',(8.68589838486225,-2.,-5.42101086242752E-20));
#5434=CARTESIAN_POINT('',(8.68589838486225,-2.,0.));
#5435=GEOMETRIC_SET('YGEIDFBZRS, WingGeom, 1',(#4193,#4400,#4607,#4814,#5021,#5228));
#5436=GEOMETRICALLY_BOUNDED_SURFACE_SHAPE_REPRESENTATION('',(#5435),#15);
#5437=SHAPE_REPRESENTATION_RELATIONSHIP('','',#29,#5436);
#5438=B_SPLINE_SURFACE_WITH_KNOTS('Surf_APDMWQXHON, WingGeom, 0, 1, lower',1,3,((#5439, #5440, #5441, #5445, #5446, #5447, #5451, #5452, #5453, #5457, #5458, #5459, #5463, #5464, #5465, #5469, #5470, #5471, #5475, #5476, #5477, #5481, #5482, #5483, #5487, #5488, #5489, #5493, #5494, #5495, #5499, #5500, #5501, #5505, #5506, #5507, #5511, #5512, #5513, #5517, #5518, #5519, #5523, #5524, #5525, #5529, #5530, #5531, #5535, #5536, #5537, #5541, #5542, #5543, #5547, #5548, #5549, #5553, #5554, #5555, #5559, #5560, #5561, #5565, #5566, #5567, #5571, #5572, #5573, #5577, #5578, #5579, #5583, #5584, #5585, #5589, #5590, #5591, #5595, #5596, #5597, #5601, #5602, #5603, #5607, #5608, #5609, #5613, #5614, #5615, #5619, #5620, #5621, #5625, #5626, #5627, #5631, #5632, #5633, #5637, #5638, #5639, #5640),(#5442, #5443, #5444, #5448, #5449, #5450, #5454, #5455, #5456, #5460, #5461, #5462, #5466, #5467, #5468, #5472, #5473, #5474, #5478, #5479, #5480, #5484, #5485, #5486, #5490, #5491, #5492, #5496, #5497, #5498, #5502, #5503, #5504, #5508, #5509, #5510, #5514, #5515, #5516, #5520, #5521, #5522, #5526, #5527, #5528, #5532, #5533, #5534, #5538, #5539, #5540, #5544, #5545, #5546, #5550, #5551, #5552, #5556, #5557, #5558, #5562, #5563, #5564, #5568, #5569, #5570, #5574, #5575, #5576, #5580, #5581, #5582, #5586, #5587, #5588, #5592, #5593, #5594, #5598, #5599, #5600, #5604, #5605, #5606, #5610, #5611, #5612, #5616, #5617, #5618, #5622, #5623, #5624, #5628, #5629, #5630, #5634, #5635, #5636, #5641, #5642, #5643, #5644)),.UNSPECIFIED.,.F.,.F.,.F.,(2,2),(4,3,3,3,3,3,3,3,3,3,3,3,3,3,3,3,3,3,3,3,3,3,3,3,3,3,3,3,3,3,3,3,3,3,4),(0.,1.),(0.,1.,2.,3.,4.,5.,6.,7.,8.,9.,10.,11.,12.,13.,14.,15.,16.,17.,18.,19.,20.,21.,22.,23.,24.,25.,26.,27.,28.,29.,30.,31.,32.,33.,34.),.PIECEWISE_BEZIER_KNOTS.);
#5439=CARTESIAN_POINT('',(9.5,0.,0.));
#5440=CARTESIAN_POINT('',(9.43688207650401,-9.24607612695638E-16,5.66158876677494E-32));
#5441=CARTESIAN_POINT('',(9.37368498411736,1.73472347597681E-18,-1.06221177613038E-34));
#5442=CARTESIAN_POINT('',(9.5,0.,0.));
#5443=CARTESIAN_POINT('',(9.43688207650403,0.00885607038262515,-5.42277912355278E-19));
#5444=CARTESIAN_POINT('',(9.37368498411736,0.0171458146079153,-1.04987834891787E-18));
#5445=CARTESIAN_POINT('',(9.3104264296291,-1.38777878078145E-17,8.49769420904307E-34));
#5446=CARTESIAN_POINT('',(9.24716787514084,-2.42861286636753E-17,1.48709648658254E-33));
#5447=CARTESIAN_POINT('',(9.18384764469575,2.08166817117217E-17,-1.27465413135646E-33));
#5448=CARTESIAN_POINT('',(9.3104264296291,0.0249343045594342,-1.52678581338382E-18));
#5449=CARTESIAN_POINT('',(9.24716787514084,0.0327227945109531,-2.00369327784976E-18));
#5450=CARTESIAN_POINT('',(9.18384764469575,0.0400106333362648,-2.44994470235575E-18));
#5451=CARTESIAN_POINT('',(9.12047123392581,4.16333634234434E-17,-2.54930826271292E-33));
#5452=CARTESIAN_POINT('',(9.08878302854083,4.5102810375397E-17,-2.761750617939E-33));
#5453=CARTESIAN_POINT('',(9.05708062996589,6.24500451351651E-17,-3.82396239406938E-33));
#5454=CARTESIAN_POINT('',(9.12047123392581,0.0467738492862208,-2.86407224060855E-18));
#5455=CARTESIAN_POINT('',(9.08878302854083,0.0501554572611988,-3.07113600973495E-18));
#5456=CARTESIAN_POINT('',(9.05708062996589,0.0534045793172469,-3.27008735603387E-18));
#5457=CARTESIAN_POINT('',(9.0253639330529,6.24500451351651E-17,-3.82396239406938E-33));
#5458=CARTESIAN_POINT('',(8.99364723613991,6.59194920871187E-17,-4.03640474929546E-33));
#5459=CARTESIAN_POINT('',(8.96191625792649,2.77555756156289E-17,-1.69953884180861E-33));
#5460=CARTESIAN_POINT('',(9.0253639330529,0.056506933207998,-3.4600517441404E-18));
#5461=CARTESIAN_POINT('',(8.9936472361399,0.059609287098749,-3.65001613224693E-18));
#5462=CARTESIAN_POINT('',(8.96191625792649,0.0625667727160425,-3.83110989698407E-18));
#5463=CARTESIAN_POINT('',(8.93017064792872,3.46944695195361E-17,-2.12442355226077E-33));
#5464=CARTESIAN_POINT('',(8.89842503793095,4.16333634234434E-17,-2.54930826271292E-33));
#5465=CARTESIAN_POINT('',(8.86666476035949,2.77555756156289E-17,-1.69953884180861E-33));
#5466=CARTESIAN_POINT('',(8.93017064792872,0.0653588022704652,-4.0020723998315E-18));
#5467=CARTESIAN_POINT('',(8.89842503793095,0.0681508318248879,-4.17303490267893E-18));
#5468=CARTESIAN_POINT('',(8.86666476035949,0.0707754050288137,-4.33374366134471E-18));
#5469=CARTESIAN_POINT('',(8.83488952127382,3.46944695195361E-17,-2.12442355226077E-33));
#5470=CARTESIAN_POINT('',(8.80311428218815,3.46944695195361E-17,-2.12442355226077E-33));
#5471=CARTESIAN_POINT('',(8.7713240353829,2.08166817117217E-17,-1.27465413135646E-33));
#5472=CARTESIAN_POINT('',(8.83488952127382,0.0732081335248634,-4.4827053196388E-18));
#5473=CARTESIAN_POINT('',(8.80311428218815,0.0756408620209131,-4.63166697793289E-18));
#5474=CARTESIAN_POINT('',(8.77132403538289,0.0778756544339665,-4.76850854670312E-18));
#5475=CARTESIAN_POINT('',(8.73951890929834,4.16333634234434E-17,-2.54930826271292E-33));
#5476=CARTESIAN_POINT('',(8.70771378321378,6.24500451351651E-17,-3.82396239406938E-33));
#5477=CARTESIAN_POINT('',(8.67589375686202,3.46944695195361E-17,-2.12442355226077E-33));
#5478=CARTESIAN_POINT('',(8.73951890929834,0.0798807582963284,-4.8912857480531E-18));
#5479=CARTESIAN_POINT('',(8.70771378321378,0.0818858621586903,-5.01406294940308E-18));
#5480=CARTESIAN_POINT('',(8.67589375686202,0.0836544623441951,-5.12235847721057E-18));
#5481=CARTESIAN_POINT('',(8.64406015468792,3.46944695195361E-17,-2.12442355226077E-33));
#5482=CARTESIAN_POINT('',(8.62814335360087,3.46944695195361E-17,-2.12442355226077E-33));
#5483=CARTESIAN_POINT('',(8.61222314992438,4.16333634234434E-17,-2.54930826271292E-33));
#5484=CARTESIAN_POINT('',(8.64406015468792,0.0851395313518455,-5.21329272754717E-18));
#5485=CARTESIAN_POINT('',(8.62814335360087,0.0858820658556707,-5.25875985271547E-18));
#5486=CARTESIAN_POINT('',(8.61222314992438,0.0865527776035971,-5.29982910247789E-18));
#5487=CARTESIAN_POINT('',(8.59630003192477,4.16333634234434E-17,-2.54930826271292E-33));
#5488=CARTESIAN_POINT('',(8.58037691392516,4.16333634234434E-17,-2.54930826271292E-33));
#5489=CARTESIAN_POINT('',(8.56445060227554,2.77555756156289E-17,-1.69953884180861E-33));
#5490=CARTESIAN_POINT('',(8.59630003192477,0.0871429152224982,-5.33596460978008E-18));
#5491=CARTESIAN_POINT('',(8.58037691392516,0.0877330528413993,-5.37210011708226E-18));
#5492=CARTESIAN_POINT('',(8.56445060227554,0.0882458999127362,-5.4035029433005E-18));
#5493=CARTESIAN_POINT('',(8.54852220891907,2.77555756156289E-17,-1.69953884180861E-33));
#5494=CARTESIAN_POINT('',(8.5325938155626,2.77555756156289E-17,-1.69953884180861E-33));
#5495=CARTESIAN_POINT('',(8.51666273065623,0.,0.));
#5496=CARTESIAN_POINT('',(8.54852220891907,0.0886649763837855,-5.42916397624393E-18));
#5497=CARTESIAN_POINT('',(8.5325938155626,0.0890840528548348,-5.45482500918735E-18));
#5498=CARTESIAN_POINT('',(8.51666273065623,0.0894176974486577,-5.47525484838125E-18));
#5499=CARTESIAN_POINT('',(8.50073032909975,0.,0.));
#5500=CARTESIAN_POINT('',(8.49276412832151,0.,0.));
#5501=CARTESIAN_POINT('',(8.48479738474356,0.,0.));
#5502=CARTESIAN_POINT('',(8.50073032909975,0.0896477401054563,-5.48934089854704E-18));
#5503=CARTESIAN_POINT('',(8.49276412832151,0.0897627614338556,-5.49638392362994E-18));
#5504=CARTESIAN_POINT('',(8.48479738474356,0.0898544319790378,-5.50199712561661E-18));
#5505=CARTESIAN_POINT('',(8.47683056506217,0.,0.));
#5506=CARTESIAN_POINT('',(8.46886374538079,0.,0.));
#5507=CARTESIAN_POINT('',(8.46089690435023,1.38777878078145E-17,-8.49769420904307E-34));
#5508=CARTESIAN_POINT('',(8.47683056506217,0.0899178217494961,-5.50587862959114E-18));
#5509=CARTESIAN_POINT('',(8.46886374538079,0.0899812115199545,-5.50976013356566E-18));
#5510=CARTESIAN_POINT('',(8.46089690435023,0.090015670188904,-5.51187011849726E-18));
#5511=CARTESIAN_POINT('',(8.45292976350934,1.38777878078145E-17,-8.49769420904307E-34));
#5512=CARTESIAN_POINT('',(8.43699548182756,1.38777878078145E-17,-8.49769420904307E-34));
#5513=CARTESIAN_POINT('',(8.42106130976203,-6.93889390390723E-18,4.24884710452153E-34));
#5514=CARTESIAN_POINT('',(8.45292976350934,0.0900240163405529,-5.51238117289236E-18));
#5515=CARTESIAN_POINT('',(8.43699548182756,0.0900407086438507,-5.51340328168256E-18));
#5516=CARTESIAN_POINT('',(8.42106130976203,0.089940380502547,-5.50725995482696E-18));
#5517=CARTESIAN_POINT('',(8.40512872567451,-1.38777878078145E-17,8.49769420904307E-34));
#5518=CARTESIAN_POINT('',(8.38919614158698,-2.08166817117217E-17,1.27465413135646E-33));
#5519=CARTESIAN_POINT('',(8.373265490325,-6.93889390390723E-18,4.24884710452153E-34));
#5520=CARTESIAN_POINT('',(8.4051287256745,0.0897109033349513,-5.49320853088829E-18));
#5521=CARTESIAN_POINT('',(8.38919614158698,0.0894814261673556,-5.47915710694961E-18));
#5522=CARTESIAN_POINT('',(8.373265490325,0.0891194916825131,-5.45699501153144E-18));
#5523=CARTESIAN_POINT('',(8.3573398640851,-6.93889390390723E-18,4.24884710452153E-34));
#5524=CARTESIAN_POINT('',(8.32548861160529,-2.08166817117217E-17,1.27465413135646E-33));
#5525=CARTESIAN_POINT('',(8.29365351153345,6.93889390390723E-18,-4.24884710452153E-34));
#5526=CARTESIAN_POINT('',(8.35733986408509,0.088603914165631,-5.42542499374334E-18));
#5527=CARTESIAN_POINT('',(8.32548861160529,0.0875727591318668,-5.36228495816714E-18));
#5528=CARTESIAN_POINT('',(8.29365351153345,0.0859461657396986,-5.26268483860549E-18));
#5529=CARTESIAN_POINT('',(8.2618813811617,-5.55111512312578E-17,3.39907768361723E-33));
#5530=CARTESIAN_POINT('',(8.24599531597582,-8.32667268468867E-17,5.09861652542584E-33));
#5531=CARTESIAN_POINT('',(8.23012717602146,-4.85722573273506E-17,2.97419297316507E-33));
#5532=CARTESIAN_POINT('',(8.26188138116169,0.0834640937658143,-5.11070176370196E-18));
#5533=CARTESIAN_POINT('',(8.24599531597582,0.0822230577788722,-5.03471022625019E-18));
#5534=CARTESIAN_POINT('',(8.23012717602146,0.0807591839720438,-4.94507380765578E-18));
#5535=CARTESIAN_POINT('',(8.21428690294738,-4.85722573273506E-17,2.97419297316507E-33));
#5536=CARTESIAN_POINT('',(8.20636676641034,-5.55111512312578E-17,3.39907768361723E-33));
#5537=CARTESIAN_POINT('',(8.19845486348552,-5.55111512312578E-17,3.39907768361723E-33));
#5538=CARTESIAN_POINT('',(8.21428690294738,0.0790285556728894,-4.83910338730212E-18));
#5539=CARTESIAN_POINT('',(8.20636676641034,0.0781632415233122,-4.78611817712529E-18));
#5540=CARTESIAN_POINT('',(8.19845486348552,0.0772263734574796,-4.72875155322303E-18));
#5541=CARTESIAN_POINT('',(8.19055211105606,-6.93889390390723E-17,4.24884710452153E-33));
#5542=CARTESIAN_POINT('',(8.1826493586266,-7.63278329429795E-17,4.67373181497369E-33));
#5543=CARTESIAN_POINT('',(8.17475712155033,-6.24500451351651E-17,3.82396239406938E-33));
#5544=CARTESIAN_POINT('',(8.19055211105606,0.0762142747563816,-4.66677838148698E-18));
#5545=CARTESIAN_POINT('',(8.1826493586266,0.0752021760552836,-4.60480520975094E-18));
#5546=CARTESIAN_POINT('',(8.17475712155033,0.0741096017253328,-4.5379043269507E-18));
#5547=CARTESIAN_POINT('',(8.16687834060564,-4.85722573273506E-17,2.97419297316507E-33));
#5548=CARTESIAN_POINT('',(8.15899955966095,-2.77555756156289E-17,1.69953884180861E-33));
#5549=CARTESIAN_POINT('',(8.15113470422218,-7.63278329429795E-17,4.67373181497369E-33));
#5550=CARTESIAN_POINT('',(8.16687834060564,0.0729265341739115,-4.46546233244954E-18));
#5551=CARTESIAN_POINT('',(8.15899955966095,0.0717434666224902,-4.39302033794838E-18));
#5552=CARTESIAN_POINT('',(8.15113470422218,0.0704680251522735,-4.31492207224834E-18));
#5553=CARTESIAN_POINT('',(8.14328853258248,-7.63278329429795E-17,4.67373181497369E-33));
#5554=CARTESIAN_POINT('',(8.13544236094277,-8.32667268468867E-17,5.09861652542584E-33));
#5555=CARTESIAN_POINT('',(8.12761449507153,-8.32667268468867E-17,5.09861652542584E-33));
#5556=CARTESIAN_POINT('',(8.14328853258248,0.0690848682362009,-4.23022813774901E-18));
#5557=CARTESIAN_POINT('',(8.13544236094277,0.0677017113201284,-4.14553420324967E-18));
#5558=CARTESIAN_POINT('',(8.12761449507153,0.0662118086648524,-4.05430397735843E-18));
#5559=CARTESIAN_POINT('',(8.11981520477085,-6.93889390390723E-17,4.24884710452153E-33));
#5560=CARTESIAN_POINT('',(8.11201591447017,-5.55111512312578E-17,3.39907768361723E-33));
#5561=CARTESIAN_POINT('',(8.10424338993243,-1.59594559789866E-16,9.77234834039953E-33));
#5562=CARTESIAN_POINT('',(8.11981520477085,0.0645856201787584,-3.95472865114316E-18));
#5563=CARTESIAN_POINT('',(8.11201591447017,0.0629594316926644,-3.8551533249279E-18));
#5564=CARTESIAN_POINT('',(8.10424338993242,0.0612012667244333,-3.74749676989203E-18));
#5565=CARTESIAN_POINT('',(8.09651370304672,-1.52655665885959E-16,9.34746362994738E-33));
#5566=CARTESIAN_POINT('',(8.08878401616101,-1.38777878078145E-16,8.49769420904307E-33));
#5567=CARTESIAN_POINT('',(8.08109622215266,-6.24500451351651E-17,3.82396239406938E-33));
#5568=CARTESIAN_POINT('',(8.09651370304672,0.0592706709203693,-3.62928187129732E-18));
#5569=CARTESIAN_POINT('',(8.08878401616101,0.0573400751163054,-3.51106697270261E-18));
#5570=CARTESIAN_POINT('',(8.08109622215266,0.0552383220810222,-3.38237171633972E-18));
#5571=CARTESIAN_POINT('',(8.073479157562,-9.36750677027476E-17,5.73594359110407E-33));
#5572=CARTESIAN_POINT('',(8.06586209297134,-1.38777878078145E-16,8.49769420904307E-33));
#5573=CARTESIAN_POINT('',(8.05831400482395,-5.55111512312578E-17,3.39907768361723E-33));
#5574=CARTESIAN_POINT('',(8.073479157562,0.0529024234794418,-3.23933917906181E-18));
#5575=CARTESIAN_POINT('',(8.06586209297134,0.0505665248778615,-3.0963066417839E-18));
#5576=CARTESIAN_POINT('',(8.05831400482395,0.0479985674312713,-2.93906459841824E-18));
#5577=CARTESIAN_POINT('',(8.05089910437477,-1.28369537222284E-16,7.86036714336484E-33));
#5578=CARTESIAN_POINT('',(8.04719165415017,-1.49186218934005E-16,9.1350212747213E-33));
#5579=CARTESIAN_POINT('',(8.0435203154659,-1.11022302462516E-16,6.79815536723446E-33));
#5580=CARTESIAN_POINT('',(8.05089910437477,0.0450826790387215,-2.76051792908788E-18));
#5581=CARTESIAN_POINT('',(8.04719165415017,0.0436247348424465,-2.67124459442271E-18));
#5582=CARTESIAN_POINT('',(8.0435203154659,0.0420757275795389,-2.57639525510391E-18));
#5583=CARTESIAN_POINT('',(8.039899284063,-1.45716771982052E-16,8.92257891949522E-33));
#5584=CARTESIAN_POINT('',(8.03808876836155,-1.80411241501588E-16,1.1047002471756E-32));
#5585=CARTESIAN_POINT('',(8.0362922681988,-2.18575157973078E-16,1.33838683792428E-32));
#5586=CARTESIAN_POINT('',(8.039899284063,0.0404145337695196,-2.47467647099374E-18));
#5587=CARTESIAN_POINT('',(8.03808876836155,0.0395839368645099,-2.42381707893865E-18));
#5588=CARTESIAN_POINT('',(8.0362922681988,0.0387234109599208,-2.37112506420672E-18));
#5589=CARTESIAN_POINT('',(8.03451164770855,-2.35922392732846E-16,1.44460801553732E-32));
#5590=CARTESIAN_POINT('',(8.0327310272183,-2.39391839684799E-16,1.46585225105993E-32));
#5591=CARTESIAN_POINT('',(8.03096691197872,-1.76941794549634E-16,1.08345601165299E-32));
#5592=CARTESIAN_POINT('',(8.03451164770855,0.0378305734352836,-2.31645453337145E-18));
#5593=CARTESIAN_POINT('',(8.0327310272183,0.0369377359106466,-2.26178400253618E-18));
#5594=CARTESIAN_POINT('',(8.03096691197872,0.036011609483289,-2.20507511429272E-18));
#5595=CARTESIAN_POINT('',(8.02922561076099,-1.31838984174237E-16,8.07280949859092E-33));
#5596=CARTESIAN_POINT('',(8.02574300832554,-4.16333634234434E-17,2.54930826271292E-33));
#5597=CARTESIAN_POINT('',(8.02234034783021,-4.09394740330526E-16,2.50681979166771E-32));
#5598=CARTESIAN_POINT('',(8.02922561076099,0.0350451378701568,-2.14589579591826E-18));
#5599=CARTESIAN_POINT('',(8.02574300832554,0.0331121946438923,-2.02753715916934E-18));
#5600=CARTESIAN_POINT('',(8.02234034783021,0.0310283931320729,-1.89994111659394E-18));
#5601=CARTESIAN_POINT('',(8.01908946507902,-2.51534904016637E-16,1.54020707538906E-32));
#5602=CARTESIAN_POINT('',(8.01746402370342,-1.38777878078145E-16,8.49769420904307E-33));
#5603=CARTESIAN_POINT('',(8.01587837231906,-3.98986399474666E-17,2.44308708509988E-33));
#5604=CARTESIAN_POINT('',(8.01908946507902,0.0287252291649473,-1.75891299758134E-18));
#5605=CARTESIAN_POINT('',(8.01746402370342,0.0275736471813845,-1.68839893807505E-18));
#5606=CARTESIAN_POINT('',(8.01587837231906,0.0263659648488503,-1.6144497229288E-18));
#5607=CARTESIAN_POINT('',(8.01434696969411,-4.85722573273506E-17,2.97419297316507E-33));
#5608=CARTESIAN_POINT('',(8.01281556706916,-1.11022302462516E-16,6.79815536723446E-33));
#5609=CARTESIAN_POINT('',(8.01133975240718,-3.79904441238921E-16,2.32624378972554E-32));
#5610=CARTESIAN_POINT('',(8.01434696969411,0.0250921994819888,-1.53645408895922E-18));
#5611=CARTESIAN_POINT('',(8.01281556706916,0.0238184341151272,-1.45845845498963E-18));
#5612=CARTESIAN_POINT('',(8.01133975240718,0.0224773954418759,-1.37634351905313E-18));
#5613=CARTESIAN_POINT('',(8.00994286590924,-2.0122792321331E-16,1.23216566031125E-32));
#5614=CARTESIAN_POINT('',(8.00854597941129,-2.25514051876985E-17,1.3808753089695E-33));
#5615=CARTESIAN_POINT('',(8.00722999056269,1.59594559789866E-16,-9.77234834039953E-33));
#5616=CARTESIAN_POINT('',(8.00994286590924,0.0210571745247575,-1.28938006904157E-18));
#5617=CARTESIAN_POINT('',(8.00854597941129,0.0196369536076392,-1.20241661903002E-18));
#5618=CARTESIAN_POINT('',(8.00722999056269,0.0181361164903263,-1.11051685044208E-18));
#5619=CARTESIAN_POINT('',(8.00603312992401,-1.11022302462516E-16,6.79815536723446E-33));
#5620=CARTESIAN_POINT('',(8.00483626928533,-3.59087759527199E-16,2.19877837658989E-32));
#5621=CARTESIAN_POINT('',(8.00375844565568,-4.61436444609831E-16,2.82548332450682E-32));
#5622=CARTESIAN_POINT('',(8.00603312992401,0.0165439486449109,-1.01302468766242E-18));
#5623=CARTESIAN_POINT('',(8.00483626928533,0.0149517807994957,-9.15532524882761E-19));
#5624=CARTESIAN_POINT('',(8.00375844565568,0.0132670486890485,-8.12372435558765E-19));
#5625=CARTESIAN_POINT('',(8.0028575467272,-3.01841884819964E-16,1.84824849046687E-32));
#5626=CARTESIAN_POINT('',(8.00195664779873,-1.67400815431762E-16,1.02503436396582E-32));
#5627=CARTESIAN_POINT('',(8.00123217147407,2.16840434497101E-17,-1.32776472016298E-33));
#5628=CARTESIAN_POINT('',(8.0028575467272,0.0114909716292395,-7.03619081242059E-19));
#5629=CARTESIAN_POINT('',(8.00195664779873,0.00971489456943043,-5.94865726925349E-19));
#5630=CARTESIAN_POINT('',(8.00123217147407,0.00784580510572338,-4.80417005472905E-19));
#5631=CARTESIAN_POINT('',(8.00074264969699,8.45677694538693E-17,-5.17828240863562E-33));
#5632=CARTESIAN_POINT('',(8.00049788880846,1.57426155444895E-16,-9.63957186838323E-33));
#5633=CARTESIAN_POINT('',(8.0003112039688,1.30971622436249E-16,-8.0196989097844E-33));
#5634=CARTESIAN_POINT('',(8.00074264969699,0.00591523117260841,-3.62203446087577E-19));
#5635=CARTESIAN_POINT('',(8.00049788880846,0.00494994420605089,-3.03096666394911E-19));
#5636=CARTESIAN_POINT('',(8.0003112039688,0.00396924181486339,-2.43045964180714E-19));
#5637=CARTESIAN_POINT('',(8.00018677210612,1.01915004213637E-16,-6.240494184766E-33));
#5638=CARTESIAN_POINT('',(8.00006234024343,4.46691295064028E-17,-2.73519532353574E-33));
#5639=CARTESIAN_POINT('',(8.,1.0842021724855E-19,-6.6388236008149E-36));
#5640=CARTESIAN_POINT('',(8.,0.,0.));
#5641=CARTESIAN_POINT('',(8.00018677210612,0.00298127707883445,-1.82550571598299E-19));
#5642=CARTESIAN_POINT('',(8.00006234024343,0.00199331234280555,-1.22055179015887E-19));
#5643=CARTESIAN_POINT('',(8.,0.000994217225429099,-6.08782471389454E-20));
#5644=CARTESIAN_POINT('',(8.,0.,0.));
#5645=B_SPLINE_SURFACE_WITH_KNOTS('Surf_APDMWQXHON, WingGeom, 0, 4, upper',1,3,((#5646, #5647, #5648, #5652, #5653, #5654, #5658, #5659, #5660, #5664, #5665, #5666, #5670, #5671, #5672, #5676, #5677, #5678, #5682, #5683, #5684, #5688, #5689, #5690, #5694, #5695, #5696, #5700, #5701, #5702, #5706, #5707, #5708, #5712, #5713, #5714, #5718, #5719, #5720, #5724, #5725, #5726, #5730, #5731, #5732, #5736, #5737, #5738, #5742, #5743, #5744, #5748, #5749, #5750, #5754, #5755, #5756, #5760, #5761, #5762, #5766, #5767, #5768, #5772, #5773, #5774, #5778, #5779, #5780, #5784, #5785, #5786, #5790, #5791, #5792, #5796, #5797, #5798, #5802, #5803, #5804, #5808, #5809, #5810, #5814, #5815, #5816, #5820, #5821, #5822, #5826, #5827, #5828, #5832, #5833, #5834, #5838, #5839, #5840, #5844, #5845, #5846, #5847),(#5649, #5650, #5651, #5655, #5656, #5657, #5661, #5662, #5663, #5667, #5668, #5669, #5673, #5674, #5675, #5679, #5680, #5681, #5685, #5686, #5687, #5691, #5692, #5693, #5697, #5698, #5699, #5703, #5704, #5705, #5709, #5710, #5711, #5715, #5716, #5717, #5721, #5722, #5723, #5727, #5728, #5729, #5733, #5734, #5735, #5739, #5740, #5741, #5745, #5746, #5747, #5751, #5752, #5753, #5757, #5758, #5759, #5763, #5764, #5765, #5769, #5770, #5771, #5775, #5776, #5777, #5781, #5782, #5783, #5787, #5788, #5789, #5793, #5794, #5795, #5799, #5800, #5801, #5805, #5806, #5807, #5811, #5812, #5813, #5817, #5818, #5819, #5823, #5824, #5825, #5829, #5830, #5831, #5835, #5836, #5837, #5841, #5842, #5843, #5848, #5849, #5850, #5851)),.UNSPECIFIED.,.F.,.F.,.F.,(2,2),(4,3,3,3,3,3,3,3,3,3,3,3,3,3,3,3,3,3,3,3,3,3,3,3,3,3,3,3,3,3,3,3,3,3,4),(0.,1.),(0.,1.,2.,3.,4.,5.,6.,7.,8.,9.,10.,11.,12.,13.,14.,15.,16.,17.,18.,19.,20.,21.,22.,23.,24.,25.,26.,27.,28.,29.,30.,31.,32.,33.,34.),.PIECEWISE_BEZIER_KNOTS.);
#5646=CARTESIAN_POINT('',(8.,0.,0.));
#5647=CARTESIAN_POINT('',(8.,1.0842021724855E-19,-6.6388236008149E-36));
#5648=CARTESIAN_POINT('',(8.00006234024343,4.46691295064028E-17,-2.73519532353574E-33));
#5649=CARTESIAN_POINT('',(8.,0.,0.));
#5650=CARTESIAN_POINT('',(8.,-0.000994217225429099,6.08782471389454E-20));
#5651=CARTESIAN_POINT('',(8.00006234024343,-0.00199331234280546,1.22055179015881E-19));
#5652=CARTESIAN_POINT('',(8.00018677210612,1.01915004213637E-16,-6.240494184766E-33));
#5653=CARTESIAN_POINT('',(8.0003112039688,1.30971622436249E-16,-8.0196989097844E-33));
#5654=CARTESIAN_POINT('',(8.00049788880846,1.57426155444895E-16,-9.63957186838323E-33));
#5655=CARTESIAN_POINT('',(8.00018677210612,-0.00298127707883424,1.82550571598286E-19));
#5656=CARTESIAN_POINT('',(8.0003112039688,-0.00396924181486313,2.43045964180698E-19));
#5657=CARTESIAN_POINT('',(8.00049788880846,-0.00494994420605058,3.03096666394891E-19));
#5658=CARTESIAN_POINT('',(8.00074264969699,8.45677694538693E-17,-5.17828240863562E-33));
#5659=CARTESIAN_POINT('',(8.00123217147407,2.16840434497101E-17,-1.32776472016298E-33));
#5660=CARTESIAN_POINT('',(8.00195664779873,-1.67400815431762E-16,1.02503436396582E-32));
#5661=CARTESIAN_POINT('',(8.00074264969699,-0.00591523117260824,3.62203446087566E-19));
#5662=CARTESIAN_POINT('',(8.00123217147407,-0.00784580510572334,4.80417005472902E-19));
#5663=CARTESIAN_POINT('',(8.00195664779873,-0.00971489456943077,5.9486572692537E-19));
#5664=CARTESIAN_POINT('',(8.0028575467272,-3.01841884819964E-16,1.84824849046687E-32));
#5665=CARTESIAN_POINT('',(8.00375844565568,-4.61436444609831E-16,2.82548332450682E-32));
#5666=CARTESIAN_POINT('',(8.00483626928533,-3.59087759527199E-16,2.19877837658989E-32));
#5667=CARTESIAN_POINT('',(8.0028575467272,-0.0114909716292401,7.03619081242096E-19));
#5668=CARTESIAN_POINT('',(8.00375844565568,-0.0132670486890494,8.12372435558822E-19));
#5669=CARTESIAN_POINT('',(8.00483626928533,-0.0149517807994964,9.15532524882805E-19));
#5670=CARTESIAN_POINT('',(8.00603312992401,-1.11022302462516E-16,6.79815536723446E-33));
#5671=CARTESIAN_POINT('',(8.00722999056269,1.59594559789866E-16,-9.77234834039953E-33));
#5672=CARTESIAN_POINT('',(8.00854597941129,-2.25514051876985E-17,1.3808753089695E-33));
#5673=CARTESIAN_POINT('',(8.00603312992401,-0.0165439486449112,1.01302468766243E-18));
#5674=CARTESIAN_POINT('',(8.00722999056269,-0.0181361164903259,1.11051685044206E-18));
#5675=CARTESIAN_POINT('',(8.00854597941129,-0.0196369536076392,1.20241661903002E-18));
#5676=CARTESIAN_POINT('',(8.00994286590924,-2.0122792321331E-16,1.23216566031125E-32));
#5677=CARTESIAN_POINT('',(8.01133975240718,-3.79904441238921E-16,2.32624378972554E-32));
#5678=CARTESIAN_POINT('',(8.01281556706916,-1.11022302462516E-16,6.79815536723446E-33));
#5679=CARTESIAN_POINT('',(8.00994286590924,-0.0210571745247579,1.2893800690416E-18));
#5680=CARTESIAN_POINT('',(8.01133975240718,-0.0224773954418766,1.37634351905318E-18));
#5681=CARTESIAN_POINT('',(8.01281556706916,-0.0238184341151274,1.45845845498965E-18));
#5682=CARTESIAN_POINT('',(8.01434696969411,-4.85722573273506E-17,2.97419297316507E-33));
#5683=CARTESIAN_POINT('',(8.01587837231906,-3.98986399474666E-17,2.44308708509988E-33));
#5684=CARTESIAN_POINT('',(8.01746402370342,-1.38777878078145E-16,8.49769420904307E-33));
#5685=CARTESIAN_POINT('',(8.01434696969411,-0.0250921994819889,1.53645408895923E-18));
#5686=CARTESIAN_POINT('',(8.01587837231906,-0.0263659648488503,1.61444972292881E-18));
#5687=CARTESIAN_POINT('',(8.01746402370342,-0.0275736471813847,1.68839893807506E-18));
#5688=CARTESIAN_POINT('',(8.01908946507902,-2.51534904016637E-16,1.54020707538906E-32));
#5689=CARTESIAN_POINT('',(8.02234034783021,-4.09394740330526E-16,2.50681979166771E-32));
#5690=CARTESIAN_POINT('',(8.02574300832554,-4.16333634234434E-17,2.54930826271292E-33));
#5691=CARTESIAN_POINT('',(8.01908946507902,-0.0287252291649478,1.75891299758137E-18));
#5692=CARTESIAN_POINT('',(8.02234034783021,-0.0310283931320737,1.89994111659399E-18));
#5693=CARTESIAN_POINT('',(8.02574300832554,-0.0331121946438924,2.02753715916935E-18));
#5694=CARTESIAN_POINT('',(8.02922561076099,-1.31838984174237E-16,8.07280949859092E-33));
#5695=CARTESIAN_POINT('',(8.03096691197872,-1.76941794549634E-16,1.08345601165299E-32));
#5696=CARTESIAN_POINT('',(8.0327310272183,-2.39391839684799E-16,1.46585225105993E-32));
#5697=CARTESIAN_POINT('',(8.02922561076099,-0.0350451378701571,2.14589579591828E-18));
#5698=CARTESIAN_POINT('',(8.03096691197872,-0.0360116094832894,2.20507511429274E-18));
#5699=CARTESIAN_POINT('',(8.0327310272183,-0.0369377359106471,2.26178400253621E-18));
#5700=CARTESIAN_POINT('',(8.03451164770855,-2.35922392732846E-16,1.44460801553732E-32));
#5701=CARTESIAN_POINT('',(8.0362922681988,-2.18575157973078E-16,1.33838683792428E-32));
#5702=CARTESIAN_POINT('',(8.03808876836155,-1.80411241501588E-16,1.1047002471756E-32));
#5703=CARTESIAN_POINT('',(8.03451164770855,-0.0378305734352841,2.31645453337148E-18));
#5704=CARTESIAN_POINT('',(8.0362922681988,-0.0387234109599212,2.37112506420675E-18));
#5705=CARTESIAN_POINT('',(8.03808876836155,-0.0395839368645103,2.42381707893867E-18));
#5706=CARTESIAN_POINT('',(8.039899284063,-1.45716771982052E-16,8.92257891949522E-33));
#5707=CARTESIAN_POINT('',(8.0435203154659,-1.11022302462516E-16,6.79815536723446E-33));
#5708=CARTESIAN_POINT('',(8.04719165415017,-1.49186218934005E-16,9.1350212747213E-33));
#5709=CARTESIAN_POINT('',(8.039899284063,-0.0404145337695199,2.47467647099376E-18));
#5710=CARTESIAN_POINT('',(8.0435203154659,-0.0420757275795391,2.57639525510393E-18));
#5711=CARTESIAN_POINT('',(8.04719165415017,-0.0436247348424468,2.67124459442273E-18));
#5712=CARTESIAN_POINT('',(8.05089910437477,-1.28369537222284E-16,7.86036714336484E-33));
#5713=CARTESIAN_POINT('',(8.05831400482395,-5.55111512312578E-17,3.39907768361723E-33));
#5714=CARTESIAN_POINT('',(8.06586209297134,-1.38777878078145E-16,8.49769420904307E-33));
#5715=CARTESIAN_POINT('',(8.05089910437477,-0.0450826790387217,2.7605179290879E-18));
#5716=CARTESIAN_POINT('',(8.05831400482395,-0.0479985674312714,2.93906459841824E-18));
#5717=CARTESIAN_POINT('',(8.06586209297134,-0.0505665248778617,3.09630664178392E-18));
#5718=CARTESIAN_POINT('',(8.073479157562,-9.36750677027476E-17,5.73594359110407E-33));
#5719=CARTESIAN_POINT('',(8.08109622215266,-6.24500451351651E-17,3.82396239406938E-33));
#5720=CARTESIAN_POINT('',(8.08878401616101,-1.38777878078145E-16,8.49769420904307E-33));
#5721=CARTESIAN_POINT('',(8.073479157562,-0.052902423479442,3.23933917906182E-18));
#5722=CARTESIAN_POINT('',(8.08109622215266,-0.0552383220810223,3.38237171633972E-18));
#5723=CARTESIAN_POINT('',(8.08878401616101,-0.0573400751163057,3.51106697270263E-18));
#5724=CARTESIAN_POINT('',(8.09651370304672,-1.52655665885959E-16,9.34746362994738E-33));
#5725=CARTESIAN_POINT('',(8.10424338993243,-1.59594559789866E-16,9.77234834039953E-33));
#5726=CARTESIAN_POINT('',(8.11201591447017,-5.55111512312578E-17,3.39907768361723E-33));
#5727=CARTESIAN_POINT('',(8.09651370304672,-0.0592706709203696,3.62928187129734E-18));
#5728=CARTESIAN_POINT('',(8.10424338993243,-0.0612012667244336,3.74749676989205E-18));
#5729=CARTESIAN_POINT('',(8.11201591447017,-0.0629594316926646,3.8551533249279E-18));
#5730=CARTESIAN_POINT('',(8.11981520477085,-6.93889390390723E-17,4.24884710452153E-33));
#5731=CARTESIAN_POINT('',(8.12761449507153,-8.32667268468867E-17,5.09861652542584E-33));
#5732=CARTESIAN_POINT('',(8.13544236094277,-8.32667268468867E-17,5.09861652542584E-33));
#5733=CARTESIAN_POINT('',(8.11981520477085,-0.0645856201787586,3.95472865114317E-18));
#5734=CARTESIAN_POINT('',(8.12761449507153,-0.0662118086648526,4.05430397735844E-18));
#5735=CARTESIAN_POINT('',(8.13544236094277,-0.0677017113201285,4.14553420324968E-18));
#5736=CARTESIAN_POINT('',(8.14328853258248,-7.63278329429795E-17,4.67373181497369E-33));
#5737=CARTESIAN_POINT('',(8.15113470422218,-7.63278329429795E-17,4.67373181497369E-33));
#5738=CARTESIAN_POINT('',(8.15899955966095,-2.77555756156289E-17,1.69953884180861E-33));
#5739=CARTESIAN_POINT('',(8.14328853258248,-0.0690848682362011,4.23022813774902E-18));
#5740=CARTESIAN_POINT('',(8.15113470422218,-0.0704680251522736,4.31492207224835E-18));
#5741=CARTESIAN_POINT('',(8.15899955966095,-0.0717434666224902,4.39302033794838E-18));
#5742=CARTESIAN_POINT('',(8.16687834060564,-4.85722573273506E-17,2.97419297316507E-33));
#5743=CARTESIAN_POINT('',(8.17475712155033,-6.24500451351651E-17,3.82396239406938E-33));
#5744=CARTESIAN_POINT('',(8.1826493586266,-7.63278329429795E-17,4.67373181497369E-33));
#5745=CARTESIAN_POINT('',(8.16687834060564,-0.0729265341739116,4.46546233244955E-18));
#5746=CARTESIAN_POINT('',(8.17475712155033,-0.074109601725333,4.53790432695071E-18));
#5747=CARTESIAN_POINT('',(8.1826493586266,-0.0752021760552837,4.60480520975095E-18));
#5748=CARTESIAN_POINT('',(8.19055211105606,-6.93889390390723E-17,4.24884710452153E-33));
#5749=CARTESIAN_POINT('',(8.19845486348552,-5.55111512312578E-17,3.39907768361723E-33));
#5750=CARTESIAN_POINT('',(8.20636676641034,-5.55111512312578E-17,3.39907768361723E-33));
#5751=CARTESIAN_POINT('',(8.19055211105606,-0.0762142747563817,4.66677838148699E-18));
#5752=CARTESIAN_POINT('',(8.19845486348552,-0.0772263734574797,4.72875155322303E-18));
#5753=CARTESIAN_POINT('',(8.20636676641034,-0.0781632415233123,4.78611817712529E-18));
#5754=CARTESIAN_POINT('',(8.21428690294738,-4.85722573273506E-17,2.97419297316507E-33));
#5755=CARTESIAN_POINT('',(8.23012717602146,-4.85722573273506E-17,2.97419297316507E-33));
#5756=CARTESIAN_POINT('',(8.24599531597582,-8.32667268468867E-17,5.09861652542584E-33));
#5757=CARTESIAN_POINT('',(8.21428690294738,-0.0790285556728895,4.83910338730212E-18));
#5758=CARTESIAN_POINT('',(8.23012717602146,-0.0807591839720439,4.94507380765579E-18));
#5759=CARTESIAN_POINT('',(8.24599531597582,-0.0822230577788724,5.0347102262502E-18));
#5760=CARTESIAN_POINT('',(8.2618813811617,-5.55111512312578E-17,3.39907768361723E-33));
#5761=CARTESIAN_POINT('',(8.29365351153345,6.93889390390723E-18,-4.24884710452153E-34));
#5762=CARTESIAN_POINT('',(8.32548861160529,-2.08166817117217E-17,1.27465413135646E-33));
#5763=CARTESIAN_POINT('',(8.2618813811617,-0.0834640937658145,5.11070176370196E-18));
#5764=CARTESIAN_POINT('',(8.29365351153345,-0.0859461657396986,5.26268483860549E-18));
#5765=CARTESIAN_POINT('',(8.32548861160529,-0.0875727591318668,5.36228495816714E-18));
#5766=CARTESIAN_POINT('',(8.3573398640851,-6.93889390390723E-18,4.24884710452153E-34));
#5767=CARTESIAN_POINT('',(8.373265490325,-6.93889390390723E-18,4.24884710452153E-34));
#5768=CARTESIAN_POINT('',(8.38919614158698,-2.08166817117217E-17,1.27465413135646E-33));
#5769=CARTESIAN_POINT('',(8.3573398640851,-0.088603914165631,5.42542499374334E-18));
#5770=CARTESIAN_POINT('',(8.373265490325,-0.0891194916825132,5.45699501153145E-18));
#5771=CARTESIAN_POINT('',(8.38919614158698,-0.0894814261673556,5.47915710694961E-18));
#5772=CARTESIAN_POINT('',(8.40512872567451,-1.38777878078145E-17,8.49769420904307E-34));
#5773=CARTESIAN_POINT('',(8.42106130976203,-6.93889390390723E-18,4.24884710452153E-34));
#5774=CARTESIAN_POINT('',(8.43699548182756,1.38777878078145E-17,-8.49769420904307E-34));
#5775=CARTESIAN_POINT('',(8.40512872567451,-0.0897109033349513,5.49320853088829E-18));
#5776=CARTESIAN_POINT('',(8.42106130976203,-0.089940380502547,5.50725995482696E-18));
#5777=CARTESIAN_POINT('',(8.43699548182756,-0.0900407086438507,5.51340328168256E-18));
#5778=CARTESIAN_POINT('',(8.45292976350934,1.38777878078145E-17,-8.49769420904307E-34));
#5779=CARTESIAN_POINT('',(8.46089690435023,1.38777878078145E-17,-8.49769420904307E-34));
#5780=CARTESIAN_POINT('',(8.46886374538079,0.,0.));
#5781=CARTESIAN_POINT('',(8.45292976350934,-0.0900240163405529,5.51238117289236E-18));
#5782=CARTESIAN_POINT('',(8.46089690435023,-0.090015670188904,5.51187011849725E-18));
#5783=CARTESIAN_POINT('',(8.46886374538079,-0.0899812115199545,5.50976013356566E-18));
#5784=CARTESIAN_POINT('',(8.47683056506217,0.,0.));
#5785=CARTESIAN_POINT('',(8.48479738474356,0.,0.));
#5786=CARTESIAN_POINT('',(8.49276412832151,0.,0.));
#5787=CARTESIAN_POINT('',(8.47683056506218,-0.0899178217494961,5.50587862959114E-18));
#5788=CARTESIAN_POINT('',(8.48479738474356,-0.0898544319790378,5.50199712561661E-18));
#5789=CARTESIAN_POINT('',(8.49276412832151,-0.0897627614338556,5.49638392362994E-18));
#5790=CARTESIAN_POINT('',(8.50073032909975,0.,0.));
#5791=CARTESIAN_POINT('',(8.51666273065623,0.,0.));
#5792=CARTESIAN_POINT('',(8.5325938155626,2.77555756156289E-17,-1.69953884180861E-33));
#5793=CARTESIAN_POINT('',(8.50073032909975,-0.0896477401054563,5.48934089854704E-18));
#5794=CARTESIAN_POINT('',(8.51666273065623,-0.0894176974486577,5.47525484838125E-18));
#5795=CARTESIAN_POINT('',(8.5325938155626,-0.0890840528548347,5.45482500918735E-18));
#5796=CARTESIAN_POINT('',(8.54852220891907,2.77555756156289E-17,-1.69953884180861E-33));
#5797=CARTESIAN_POINT('',(8.56445060227554,2.77555756156289E-17,-1.69953884180861E-33));
#5798=CARTESIAN_POINT('',(8.58037691392516,4.16333634234434E-17,-2.54930826271292E-33));
#5799=CARTESIAN_POINT('',(8.54852220891907,-0.0886649763837854,5.42916397624392E-18));
#5800=CARTESIAN_POINT('',(8.56445060227554,-0.0882458999127361,5.4035029433005E-18));
#5801=CARTESIAN_POINT('',(8.58037691392516,-0.0877330528413992,5.37210011708226E-18));
#5802=CARTESIAN_POINT('',(8.59630003192477,4.16333634234434E-17,-2.54930826271292E-33));
#5803=CARTESIAN_POINT('',(8.61222314992438,4.16333634234434E-17,-2.54930826271292E-33));
#5804=CARTESIAN_POINT('',(8.62814335360087,3.46944695195361E-17,-2.12442355226077E-33));
#5805=CARTESIAN_POINT('',(8.59630003192477,-0.0871429152224981,5.33596460978007E-18));
#5806=CARTESIAN_POINT('',(8.61222314992438,-0.086552777603597,5.29982910247789E-18));
#5807=CARTESIAN_POINT('',(8.62814335360087,-0.0858820658556707,5.25875985271546E-18));
#5808=CARTESIAN_POINT('',(8.64406015468792,3.46944695195361E-17,-2.12442355226077E-33));
#5809=CARTESIAN_POINT('',(8.67589375686202,3.46944695195361E-17,-2.12442355226077E-33));
#5810=CARTESIAN_POINT('',(8.70771378321378,6.24500451351651E-17,-3.82396239406938E-33));
#5811=CARTESIAN_POINT('',(8.64406015468792,-0.0851395313518455,5.21329272754716E-18));
#5812=CARTESIAN_POINT('',(8.67589375686202,-0.0836544623441951,5.12235847721056E-18));
#5813=CARTESIAN_POINT('',(8.70771378321378,-0.0818858621586902,5.01406294940307E-18));
#5814=CARTESIAN_POINT('',(8.73951890929834,4.16333634234434E-17,-2.54930826271292E-33));
#5815=CARTESIAN_POINT('',(8.7713240353829,2.08166817117217E-17,-1.27465413135646E-33));
#5816=CARTESIAN_POINT('',(8.80311428218815,3.46944695195361E-17,-2.12442355226077E-33));
#5817=CARTESIAN_POINT('',(8.73951890929834,-0.0798807582963283,4.89128574805309E-18));
#5818=CARTESIAN_POINT('',(8.7713240353829,-0.0778756544339664,4.76850854670312E-18));
#5819=CARTESIAN_POINT('',(8.80311428218815,-0.0756408620209131,4.63166697793289E-18));
#5820=CARTESIAN_POINT('',(8.83488952127382,3.46944695195361E-17,-2.12442355226077E-33));
#5821=CARTESIAN_POINT('',(8.86666476035949,2.77555756156289E-17,-1.69953884180861E-33));
#5822=CARTESIAN_POINT('',(8.89842503793095,4.16333634234434E-17,-2.54930826271292E-33));
#5823=CARTESIAN_POINT('',(8.83488952127382,-0.0732081335248633,4.4827053196388E-18));
#5824=CARTESIAN_POINT('',(8.86666476035949,-0.0707754050288136,4.3337436613447E-18));
#5825=CARTESIAN_POINT('',(8.89842503793095,-0.0681508318248878,4.17303490267892E-18));
#5826=CARTESIAN_POINT('',(8.93017064792872,3.46944695195361E-17,-2.12442355226077E-33));
#5827=CARTESIAN_POINT('',(8.96191625792649,2.77555756156289E-17,-1.69953884180861E-33));
#5828=CARTESIAN_POINT('',(8.99364723613991,6.59194920871187E-17,-4.03640474929546E-33));
#5829=CARTESIAN_POINT('',(8.93017064792872,-0.0653588022704651,4.00207239983149E-18));
#5830=CARTESIAN_POINT('',(8.96191625792649,-0.0625667727160424,3.83110989698406E-18));
#5831=CARTESIAN_POINT('',(8.99364723613991,-0.0596092870987489,3.65001613224692E-18));
#5832=CARTESIAN_POINT('',(9.0253639330529,6.24500451351651E-17,-3.82396239406938E-33));
#5833=CARTESIAN_POINT('',(9.05708062996589,6.24500451351651E-17,-3.82396239406938E-33));
#5834=CARTESIAN_POINT('',(9.08878302854083,4.5102810375397E-17,-2.761750617939E-33));
#5835=CARTESIAN_POINT('',(9.0253639330529,-0.0565069332079978,3.46005174414039E-18));
#5836=CARTESIAN_POINT('',(9.05708062996589,-0.0534045793172468,3.27008735603386E-18));
#5837=CARTESIAN_POINT('',(9.08878302854083,-0.0501554572611987,3.07113600973494E-18));
#5838=CARTESIAN_POINT('',(9.12047123392581,4.16333634234434E-17,-2.54930826271292E-33));
#5839=CARTESIAN_POINT('',(9.18384764469575,2.08166817117217E-17,-1.27465413135646E-33));
#5840=CARTESIAN_POINT('',(9.24716787514084,-2.42861286636753E-17,1.48709648658254E-33));
#5841=CARTESIAN_POINT('',(9.12047123392581,-0.0467738492862207,2.86407224060854E-18));
#5842=CARTESIAN_POINT('',(9.18384764469575,-0.0400106333362647,2.44994470235575E-18));
#5843=CARTESIAN_POINT('',(9.24716787514084,-0.0327227945109531,2.00369327784976E-18));
#5844=CARTESIAN_POINT('',(9.3104264296291,-1.38777878078145E-17,8.49769420904307E-34));
#5845=CARTESIAN_POINT('',(9.37368498411736,1.73472347597681E-18,-1.06221177613038E-34));
#5846=CARTESIAN_POINT('',(9.43688207650401,-9.24607612695638E-16,5.66158876677494E-32));
#5847=CARTESIAN_POINT('',(9.5,0.,0.));
#5848=CARTESIAN_POINT('',(9.3104264296291,-0.0249343045594342,1.52678581338382E-18));
#5849=CARTESIAN_POINT('',(9.37368498411736,-0.0171458146079153,1.04987834891787E-18));
#5850=CARTESIAN_POINT('',(9.43688207650399,-0.008856070382627,5.42277912355391E-19));
#5851=CARTESIAN_POINT('',(9.5,0.,0.));
#5852=B_SPLINE_SURFACE_WITH_KNOTS('Surf_APDMWQXHON, WingGeom, 0, 7, lower',1,3,((#5853, #5854, #5855, #5859, #5860, #5861, #5865, #5866, #5867, #5871, #5872, #5873, #5877, #5878, #5879, #5883, #5884, #5885, #5889, #5890, #5891, #5895, #5896, #5897, #5901, #5902, #5903, #5907, #5908, #5909, #5913, #5914, #5915, #5919, #5920, #5921, #5925, #5926, #5927, #5931, #5932, #5933, #5937, #5938, #5939, #5943, #5944, #5945, #5949, #5950, #5951, #5955, #5956, #5957, #5961, #5962, #5963, #5967, #5968, #5969, #5973, #5974, #5975, #5979, #5980, #5981, #5985, #5986, #5987, #5991, #5992, #5993, #5997, #5998, #5999, #6003, #6004, #6005, #6009, #6010, #6011, #6015, #6016, #6017, #6021, #6022, #6023, #6027, #6028, #6029, #6033, #6034, #6035, #6039, #6040, #6041, #6045, #6046, #6047, #6051, #6052, #6053, #6054),(#5856, #5857, #5858, #5862, #5863, #5864, #5868, #5869, #5870, #5874, #5875, #5876, #5880, #5881, #5882, #5886, #5887, #5888, #5892, #5893, #5894, #5898, #5899, #5900, #5904, #5905, #5906, #5910, #5911, #5912, #5916, #5917, #5918, #5922, #5923, #5924, #5928, #5929, #5930, #5934, #5935, #5936, #5940, #5941, #5942, #5946, #5947, #5948, #5952, #5953, #5954, #5958, #5959, #5960, #5964, #5965, #5966, #5970, #5971, #5972, #5976, #5977, #5978, #5982, #5983, #5984, #5988, #5989, #5990, #5994, #5995, #5996, #6000, #6001, #6002, #6006, #6007, #6008, #6012, #6013, #6014, #6018, #6019, #6020, #6024, #6025, #6026, #6030, #6031, #6032, #6036, #6037, #6038, #6042, #6043, #6044, #6048, #6049, #6050, #6055, #6056, #6057, #6058)),.UNSPECIFIED.,.F.,.F.,.F.,(2,2),(4,3,3,3,3,3,3,3,3,3,3,3,3,3,3,3,3,3,3,3,3,3,3,3,3,3,3,3,3,3,3,3,3,3,4),(0.,1.),(0.,1.,2.,3.,4.,5.,6.,7.,8.,9.,10.,11.,12.,13.,14.,15.,16.,17.,18.,19.,20.,21.,22.,23.,24.,25.,26.,27.,28.,29.,30.,31.,32.,33.,34.),.PIECEWISE_BEZIER_KNOTS.);
#5853=CARTESIAN_POINT('',(9.5,0.,0.));
#5854=CARTESIAN_POINT('',(9.43688207650403,0.00885607038262515,-5.42277912355278E-19));
#5855=CARTESIAN_POINT('',(9.37368498411736,0.0171458146079153,-1.04987834891787E-18));
#5856=CARTESIAN_POINT('',(9.739353784679,1.10218211923262E-16,1.8));
#5857=CARTESIAN_POINT('',(9.70989875371421,0.00413283284522518,1.8));
#5858=CARTESIAN_POINT('',(9.6804067772671,0.00800138015036059,1.8));
#5859=CARTESIAN_POINT('',(9.3104264296291,0.0249343045594342,-1.52678581338382E-18));
#5860=CARTESIAN_POINT('',(9.24716787514084,0.0327227945109531,-2.00369327784976E-18));
#5861=CARTESIAN_POINT('',(9.18384764469575,0.0400106333362648,-2.44994470235575E-18));
#5862=CARTESIAN_POINT('',(9.65088611850591,0.0116360087944027,1.8));
#5863=CARTESIAN_POINT('',(9.62136545974472,0.0152706374384449,1.8));
#5864=CARTESIAN_POINT('',(9.59181601887035,0.018671628890257,1.8));
#5865=CARTESIAN_POINT('',(9.12047123392581,0.0467738492862208,-2.86407224060855E-18));
#5866=CARTESIAN_POINT('',(9.08878302854083,0.0501554572611988,-3.07113600973495E-18));
#5867=CARTESIAN_POINT('',(9.05708062996589,0.0534045793172469,-3.27008735603387E-18));
#5868=CARTESIAN_POINT('',(9.56224036051104,0.0218277963335698,1.8));
#5869=CARTESIAN_POINT('',(9.54745253133139,0.0234058800552262,1.8));
#5870=CARTESIAN_POINT('',(9.53265807866308,0.0249221370147153,1.8));
#5871=CARTESIAN_POINT('',(9.0253639330529,0.056506933207998,-3.4600517441404E-18));
#5872=CARTESIAN_POINT('',(8.9936472361399,0.059609287098749,-3.65001613224693E-18));
#5873=CARTESIAN_POINT('',(8.96191625792649,0.0625667727160425,-3.83110989698407E-18));
#5874=CARTESIAN_POINT('',(9.51785695343702,0.0263699021637325,1.8));
#5875=CARTESIAN_POINT('',(9.50305582821095,0.0278176673127496,1.8));
#5876=CARTESIAN_POINT('',(9.48824803837803,0.0291978272674866,1.8));
#5877=CARTESIAN_POINT('',(8.93017064792872,0.0653588022704652,-4.0020723998315E-18));
#5878=CARTESIAN_POINT('',(8.89842503793095,0.0681508318248879,-4.17303490267893E-18));
#5879=CARTESIAN_POINT('',(8.86666476035949,0.0707754050288137,-4.33374366134471E-18));
#5880=CARTESIAN_POINT('',(9.47343342037907,0.0305007743928839,1.8));
#5881=CARTESIAN_POINT('',(9.4586188023801,0.0318037215182811,1.8));
#5882=CARTESIAN_POINT('',(9.44379733951343,0.0330285223467798,1.8));
#5883=CARTESIAN_POINT('',(8.83488952127382,0.0732081335248634,-4.4827053196388E-18));
#5884=CARTESIAN_POINT('',(8.80311428218815,0.0756408620209131,-4.63166697793289E-18));
#5885=CARTESIAN_POINT('',(8.77132403538289,0.0778756544339665,-4.76850854670312E-18));
#5886=CARTESIAN_POINT('',(9.42896889460678,0.0341637956449364,1.8));
#5887=CARTESIAN_POINT('',(9.41414044970013,0.0352990689430929,1.8));
#5888=CARTESIAN_POINT('',(9.39930500119102,0.0363419720691845,1.8));
#5889=CARTESIAN_POINT('',(8.73951890929834,0.0798807582963284,-4.8912857480531E-18));
#5890=CARTESIAN_POINT('',(8.70771378321378,0.0818858621586903,-5.01406294940308E-18));
#5891=CARTESIAN_POINT('',(8.67589375686202,0.0836544623441951,-5.12235847721057E-18));
#5892=CARTESIAN_POINT('',(9.38446260901822,0.0372776872049534,1.8));
#5893=CARTESIAN_POINT('',(9.36962021684543,0.0382134023407223,1.8));
#5894=CARTESIAN_POINT('',(9.3547708712146,0.0390387490939578,1.8));
#5895=CARTESIAN_POINT('',(8.64406015468792,0.0851395313518455,-5.21329272754717E-18));
#5896=CARTESIAN_POINT('',(8.62814335360087,0.0858820658556707,-5.25875985271547E-18));
#5897=CARTESIAN_POINT('',(8.61222314992438,0.0865527776035971,-5.29982910247789E-18));
#5898=CARTESIAN_POINT('',(9.33991519020002,0.039731781297528,1.8));
#5899=CARTESIAN_POINT('',(9.33248734969274,0.0400782973993131,1.8));
#5900=CARTESIAN_POINT('',(9.32505792131038,0.0403912962150121,1.8));
#5901=CARTESIAN_POINT('',(8.59630003192477,0.0871429152224982,-5.33596460978008E-18));
#5902=CARTESIAN_POINT('',(8.58037691392516,0.0877330528413993,-5.37210011708226E-18));
#5903=CARTESIAN_POINT('',(8.56445060227554,0.0882458999127362,-5.4035029433005E-18));
#5904=CARTESIAN_POINT('',(9.31762713291056,0.0406666937704993,1.8));
#5905=CARTESIAN_POINT('',(9.31019634451074,0.0409420913259864,1.8));
#5906=CARTESIAN_POINT('',(9.30276406574092,0.041181419959277,1.8));
#5907=CARTESIAN_POINT('',(8.54852220891907,0.0886649763837855,-5.42916397624393E-18));
#5908=CARTESIAN_POINT('',(8.5325938155626,0.0890840528548348,-5.45482500918735E-18));
#5909=CARTESIAN_POINT('',(8.51666273065623,0.0894176974486577,-5.47525484838125E-18));
#5910=CARTESIAN_POINT('',(9.2953308155079,0.0413769889791,1.8));
#5911=CARTESIAN_POINT('',(9.28789756527488,0.041572557998923,1.8));
#5912=CARTESIAN_POINT('',(9.28046305898524,0.0417282588093737,1.8));
#5913=CARTESIAN_POINT('',(8.50073032909975,0.0896477401054563,-5.48934089854704E-18));
#5914=CARTESIAN_POINT('',(8.49276412832151,0.0897627614338556,-5.49638392362994E-18));
#5915=CARTESIAN_POINT('',(8.48479738474356,0.0898544319790378,-5.50199712561661E-18));
#5916=CARTESIAN_POINT('',(9.27302793825888,0.0418356120492131,1.8));
#5917=CARTESIAN_POINT('',(9.2693103778957,0.0418892886691327,1.8));
#5918=CARTESIAN_POINT('',(9.26559256422599,0.0419320682568844,1.8));
#5919=CARTESIAN_POINT('',(8.47683056506217,0.0899178217494961,-5.50587862959114E-18));
#5920=CARTESIAN_POINT('',(8.46886374538079,0.0899812115199545,-5.50976013356566E-18));
#5921=CARTESIAN_POINT('',(8.46089690435023,0.090015670188904,-5.51187011849726E-18));
#5922=CARTESIAN_POINT('',(9.26187471504135,0.041961650149765,1.8));
#5923=CARTESIAN_POINT('',(9.2581568658567,0.0419912320426455,1.8));
#5924=CARTESIAN_POINT('',(9.2544390067091,0.042007312754822,1.8));
#5925=CARTESIAN_POINT('',(8.45292976350934,0.0900240163405529,-5.51238117289236E-18));
#5926=CARTESIAN_POINT('',(8.43699548182756,0.0900407086438507,-5.51340328168256E-18));
#5927=CARTESIAN_POINT('',(8.42106130976203,0.089940380502547,-5.50725995482696E-18));
#5928=CARTESIAN_POINT('',(9.25072100765002,0.0420112076255915,1.8));
#5929=CARTESIAN_POINT('',(9.24328500953186,0.0420189973671305,1.8));
#5930=CARTESIAN_POINT('',(9.23584906256794,0.0419721775678554,1.8));
#5931=CARTESIAN_POINT('',(8.4051287256745,0.0897109033349513,-5.49320853088829E-18));
#5932=CARTESIAN_POINT('',(8.38919614158698,0.0894814261673556,-5.47915710694961E-18));
#5933=CARTESIAN_POINT('',(8.373265490325,0.0891194916825131,-5.45699501153144E-18));
#5934=CARTESIAN_POINT('',(9.22841385666043,0.0418650882229774,1.8));
#5935=CARTESIAN_POINT('',(9.22097865075292,0.0417579988780994,1.8));
#5936=CARTESIAN_POINT('',(9.21354434683066,0.0415890961185063,1.8));
#5937=CARTESIAN_POINT('',(8.35733986408509,0.088603914165631,-5.42542499374334E-18));
#5938=CARTESIAN_POINT('',(8.32548861160529,0.0875727591318668,-5.36228495816714E-18));
#5939=CARTESIAN_POINT('',(8.29365351153345,0.0859461657396986,-5.26268483860549E-18));
#5940=CARTESIAN_POINT('',(9.20611238791871,0.0413484932772946,1.8));
#5941=CARTESIAN_POINT('',(9.1912484700948,0.0408672875948713,1.8));
#5942=CARTESIAN_POINT('',(9.17639209006127,0.0401082106785261,1.8));
#5943=CARTESIAN_POINT('',(8.26188138116169,0.0834640937658143,-5.11070176370196E-18));
#5944=CARTESIAN_POINT('',(8.24599531597582,0.0822230577788722,-5.03471022625019E-18));
#5945=CARTESIAN_POINT('',(8.23012717602146,0.0807591839720438,-4.94507380765578E-18));
#5946=CARTESIAN_POINT('',(9.16156509588779,0.0389499104240468,1.8));
#5947=CARTESIAN_POINT('',(9.15415159880105,0.0383707602968072,1.8));
#5948=CARTESIAN_POINT('',(9.14674646682234,0.0376876191869539,1.8));
#5949=CARTESIAN_POINT('',(8.21428690294738,0.0790285556728894,-4.83910338730212E-18));
#5950=CARTESIAN_POINT('',(8.20636676641034,0.0781632415233122,-4.78611817712529E-18));
#5951=CARTESIAN_POINT('',(8.19845486348552,0.0772263734574796,-4.72875155322303E-18));
#5952=CARTESIAN_POINT('',(9.13935433938778,0.0368799926473485,1.8));
#5953=CARTESIAN_POINT('',(9.13565827567049,0.0364761793775458,1.8));
#5954=CARTESIAN_POINT('',(9.13196605430557,0.0360389742801573,1.8));
#5955=CARTESIAN_POINT('',(8.19055211105606,0.0762142747563816,-4.66677838148698E-18));
#5956=CARTESIAN_POINT('',(8.1826493586266,0.0752021760552836,-4.60480520975094E-18));
#5957=CARTESIAN_POINT('',(8.17475712155033,0.0741096017253328,-4.5379043269507E-18));
#5958=CARTESIAN_POINT('',(9.12827810317182,0.0355666615529782,1.8));
#5959=CARTESIAN_POINT('',(9.12459015203808,0.0350943488257991,1.8));
#5960=CARTESIAN_POINT('',(9.12090710806915,0.0345844808051554,1.8));
#5961=CARTESIAN_POINT('',(8.16687834060564,0.0729265341739115,-4.46546233244954E-18));
#5962=CARTESIAN_POINT('',(8.15899955966095,0.0717434666224902,-4.39302033794838E-18));
#5963=CARTESIAN_POINT('',(8.15113470422218,0.0704680251522735,-4.31492207224834E-18));
#5964=CARTESIAN_POINT('',(9.11723034362829,0.0340323826144922,1.8));
#5965=CARTESIAN_POINT('',(9.11355357918744,0.0334802844238289,1.8));
#5966=CARTESIAN_POINT('',(9.10988331331601,0.0328850784043944,1.8));
#5967=CARTESIAN_POINT('',(8.14328853258248,0.0690848682362009,-4.23022813774901E-18));
#5968=CARTESIAN_POINT('',(8.13544236094277,0.0677017113201284,-4.14553420324967E-18));
#5969=CARTESIAN_POINT('',(8.12761449507153,0.0662118086648524,-4.05430397735843E-18));
#5970=CARTESIAN_POINT('',(9.10622176655082,0.0322396051768939,1.8));
#5971=CARTESIAN_POINT('',(9.10256021978562,0.0315941319493934,1.8));
#5972=CARTESIAN_POINT('',(9.09890721571238,0.0308988440435979,1.8));
#5973=CARTESIAN_POINT('',(8.11981520477085,0.0645856201787584,-3.95472865114316E-18));
#5974=CARTESIAN_POINT('',(8.11201591447017,0.0629594316926644,-3.8551533249279E-18));
#5975=CARTESIAN_POINT('',(8.10424338993242,0.0612012667244333,-3.74749676989203E-18));
#5976=CARTESIAN_POINT('',(9.09526754690539,0.0301399560834207,1.8));
#5977=CARTESIAN_POINT('',(9.09162787809841,0.0293810681232435,1.8));
#5978=CARTESIAN_POINT('',(9.0880006999808,0.028560591138069,1.8));
#5979=CARTESIAN_POINT('',(8.09651370304672,0.0592706709203693,-3.62928187129732E-18));
#5980=CARTESIAN_POINT('',(8.08878401616101,0.0573400751163054,-3.51106697270261E-18));
#5981=CARTESIAN_POINT('',(8.08109622215266,0.0552383220810222,-3.38237171633972E-18));
#5982=CARTESIAN_POINT('',(9.08439351276747,0.0276596464295058,1.8));
#5983=CARTESIAN_POINT('',(9.08078632555414,0.0267587017209426,1.8));
#5984=CARTESIAN_POINT('',(9.07719868835024,0.0257778836378105,1.8));
#5985=CARTESIAN_POINT('',(8.073479157562,0.0529024234794418,-3.23933917906181E-18));
#5986=CARTESIAN_POINT('',(8.06586209297134,0.0505665248778615,-3.0963066417839E-18));
#5987=CARTESIAN_POINT('',(8.05831400482395,0.0479985674312713,-2.93906459841824E-18));
#5988=CARTESIAN_POINT('',(9.07364405820793,0.0246877976237396,1.8));
#5989=CARTESIAN_POINT('',(9.07008942806562,0.0235977116096688,1.8));
#5990=CARTESIAN_POINT('',(9.06656698693018,0.0223993314679267,1.8));
#5991=CARTESIAN_POINT('',(8.05089910437477,0.0450826790387215,-2.76051792908788E-18));
#5992=CARTESIAN_POINT('',(8.04719165415017,0.0436247348424465,-2.67124459442271E-18));
#5993=CARTESIAN_POINT('',(8.0435203154659,0.0420757275795389,-2.57639525510391E-18));
#5994=CARTESIAN_POINT('',(9.06310670005389,0.0210385835514035,1.8));
#5995=CARTESIAN_POINT('',(9.06137655661574,0.0203582095931418,1.8));
#5996=CARTESIAN_POINT('',(9.05966326522975,0.0196353395371182,1.8));
#5997=CARTESIAN_POINT('',(8.039899284063,0.0404145337695196,-2.47467647099374E-18));
#5998=CARTESIAN_POINT('',(8.03808876836155,0.0395839368645099,-2.42381707893865E-18));
#5999=CARTESIAN_POINT('',(8.0362922681988,0.0387234109599208,-2.37112506420672E-18));
#6000=CARTESIAN_POINT('',(9.05797345057506,0.0188601157591093,1.8));
#6001=CARTESIAN_POINT('',(9.05712854324772,0.0184725038701048,1.8));
#6002=CARTESIAN_POINT('',(9.0562901765051,0.0180709251146298,1.8));
#6003=CARTESIAN_POINT('',(8.03451164770855,0.0378305734352836,-2.31645453337145E-18));
#6004=CARTESIAN_POINT('',(8.0327310272183,0.0369377359106466,-2.26178400253618E-18));
#6005=CARTESIAN_POINT('',(8.03096691197872,0.036011609483289,-2.20507511429272E-18));
#6006=CARTESIAN_POINT('',(9.05545922027632,0.0176542676031325,1.8));
#6007=CARTESIAN_POINT('',(9.05462826404754,0.0172376100916352,1.8));
#6008=CARTESIAN_POINT('',(9.05380501026907,0.0168054177588683,1.8));
#6009=CARTESIAN_POINT('',(8.02922561076099,0.0350451378701568,-2.14589579591826E-18));
#6010=CARTESIAN_POINT('',(8.02574300832554,0.0331121946438923,-2.02753715916934E-18));
#6011=CARTESIAN_POINT('',(8.02234034783021,0.0310283931320729,-1.89994111659394E-18));
#6012=CARTESIAN_POINT('',(9.05299240303413,0.01635439767274,1.8));
#6013=CARTESIAN_POINT('',(9.05136718856425,0.0154523575004832,1.8));
#6014=CARTESIAN_POINT('',(9.04977928033309,0.0144799167949675,1.8));
#6015=CARTESIAN_POINT('',(8.01908946507902,0.0287252291649473,-1.75891299758134E-18));
#6016=CARTESIAN_POINT('',(8.01746402370342,0.0275736471813845,-1.68839893807505E-18));
#6017=CARTESIAN_POINT('',(8.01587837231906,0.0263659648488503,-1.6144497229288E-18));
#6018=CARTESIAN_POINT('',(9.04826220171587,0.0134051069436422,1.8));
#6019=CARTESIAN_POINT('',(9.04750366240726,0.0128677020179795,1.8));
#6020=CARTESIAN_POINT('',(9.04676369176123,0.0123041169294636,1.8));
#6021=CARTESIAN_POINT('',(8.01434696969411,0.0250921994819888,-1.53645408895922E-18));
#6022=CARTESIAN_POINT('',(8.01281556706916,0.0238184341151272,-1.45845845498963E-18));
#6023=CARTESIAN_POINT('',(8.01133975240718,0.0224773954418759,-1.37634351905313E-18));
#6024=CARTESIAN_POINT('',(9.04604903720292,0.0117096930915949,1.8));
#6025=CARTESIAN_POINT('',(9.0453343826446,0.0111152692537261,1.8));
#6026=CARTESIAN_POINT('',(9.04464566913568,0.0104894512062088,1.8));
#6027=CARTESIAN_POINT('',(8.00994286590924,0.0210571745247575,-1.28938006904157E-18));
#6028=CARTESIAN_POINT('',(8.00854597941129,0.0196369536076392,-1.20241661903002E-18));
#6029=CARTESIAN_POINT('',(8.00722999056269,0.0181361164903263,-1.11051685044208E-18));
#6030=CARTESIAN_POINT('',(9.04399378876997,0.00982668144488696,1.8));
#6031=CARTESIAN_POINT('',(9.04334190840427,0.00916391168356507,1.8));
#6032=CARTESIAN_POINT('',(9.04272778027492,0.00846352102881903,1.8));
#6033=CARTESIAN_POINT('',(8.00603312992401,0.0165439486449109,-1.01302468766242E-18));
#6034=CARTESIAN_POINT('',(8.00483626928533,0.0149517807994957,-9.15532524882761E-19));
#6035=CARTESIAN_POINT('',(8.00375844565568,0.0132670486890485,-8.12372435558765E-19));
#6036=CARTESIAN_POINT('',(9.0421692453102,0.00772050936762522,1.8));
#6037=CARTESIAN_POINT('',(9.04161071034549,0.00697749770643143,1.8));
#6038=CARTESIAN_POINT('',(9.04110772598498,0.00619128938822273,1.8));
#6039=CARTESIAN_POINT('',(8.0028575467272,0.0114909716292395,-7.03619081242059E-19));
#6040=CARTESIAN_POINT('',(8.00195664779873,0.00971489456943043,-5.94865726925349E-19));
#6041=CARTESIAN_POINT('',(8.00123217147407,0.00784580510572338,-4.80417005472905E-19));
#6042=CARTESIAN_POINT('',(9.04068730648503,0.00536245342697853,1.8));
#6043=CARTESIAN_POINT('',(9.04026688698507,0.00453361746573431,1.8));
#6044=CARTESIAN_POINT('',(9.03992879803356,0.00366137571600435,1.8));
#6045=CARTESIAN_POINT('',(8.00074264969699,0.00591523117260841,-3.62203446087577E-19));
#6046=CARTESIAN_POINT('',(8.00049788880846,0.00494994420605089,-3.03096666394911E-19));
#6047=CARTESIAN_POINT('',(8.0003112039688,0.00396924181486339,-2.43045964180714E-19));
#6048=CARTESIAN_POINT('',(9.03970035453759,0.00276044121388403,1.8));
#6049=CARTESIAN_POINT('',(9.03958613278961,0.00230997396282386,1.8));
#6050=CARTESIAN_POINT('',(9.03949901319777,0.00185231284693636,1.8));
#6051=CARTESIAN_POINT('',(8.00018677210612,0.00298127707883445,-1.82550571598299E-19));
#6052=CARTESIAN_POINT('',(8.00006234024343,0.00199331234280555,-1.22055179015887E-19));
#6053=CARTESIAN_POINT('',(8.,0.000994217225429099,-6.08782471389454E-20));
#6054=CARTESIAN_POINT('',(8.,0.,0.));
#6055=CARTESIAN_POINT('',(9.03944094499519,0.00139126263678952,1.8));
#6056=CARTESIAN_POINT('',(9.0393828767926,0.000930212426642702,1.8));
#6057=CARTESIAN_POINT('',(9.039353784679,0.00046396803853369,1.8));
#6058=CARTESIAN_POINT('',(9.039353784679,1.10218211923262E-16,1.8));
#6059=B_SPLINE_SURFACE_WITH_KNOTS('Surf_APDMWQXHON, WingGeom, 0, 10, upper',1,3,((#6060, #6061, #6062, #6066, #6067, #6068, #6072, #6073, #6074, #6078, #6079, #6080, #6084, #6085, #6086, #6090, #6091, #6092, #6096, #6097, #6098, #6102, #6103, #6104, #6108, #6109, #6110, #6114, #6115, #6116, #6120, #6121, #6122, #6126, #6127, #6128, #6132, #6133, #6134, #6138, #6139, #6140, #6144, #6145, #6146, #6150, #6151, #6152, #6156, #6157, #6158, #6162, #6163, #6164, #6168, #6169, #6170, #6174, #6175, #6176, #6180, #6181, #6182, #6186, #6187, #6188, #6192, #6193, #6194, #6198, #6199, #6200, #6204, #6205, #6206, #6210, #6211, #6212, #6216, #6217, #6218, #6222, #6223, #6224, #6228, #6229, #6230, #6234, #6235, #6236, #6240, #6241, #6242, #6246, #6247, #6248, #6252, #6253, #6254, #6258, #6259, #6260, #6261),(#6063, #6064, #6065, #6069, #6070, #6071, #6075, #6076, #6077, #6081, #6082, #6083, #6087, #6088, #6089, #6093, #6094, #6095, #6099, #6100, #6101, #6105, #6106, #6107, #6111, #6112, #6113, #6117, #6118, #6119, #6123, #6124, #6125, #6129, #6130, #6131, #6135, #6136, #6137, #6141, #6142, #6143, #6147, #6148, #6149, #6153, #6154, #6155, #6159, #6160, #6161, #6165, #6166, #6167, #6171, #6172, #6173, #6177, #6178, #6179, #6183, #6184, #6185, #6189, #6190, #6191, #6195, #6196, #6197, #6201, #6202, #6203, #6207, #6208, #6209, #6213, #6214, #6215, #6219, #6220, #6221, #6225, #6226, #6227, #6231, #6232, #6233, #6237, #6238, #6239, #6243, #6244, #6245, #6249, #6250, #6251, #6255, #6256, #6257, #6262, #6263, #6264, #6265)),.UNSPECIFIED.,.F.,.F.,.F.,(2,2),(4,3,3,3,3,3,3,3,3,3,3,3,3,3,3,3,3,3,3,3,3,3,3,3,3,3,3,3,3,3,3,3,3,3,4),(0.,1.),(0.,1.,2.,3.,4.,5.,6.,7.,8.,9.,10.,11.,12.,13.,14.,15.,16.,17.,18.,19.,20.,21.,22.,23.,24.,25.,26.,27.,28.,29.,30.,31.,32.,33.,34.),.PIECEWISE_BEZIER_KNOTS.);
#6060=CARTESIAN_POINT('',(8.,0.,0.));
#6061=CARTESIAN_POINT('',(8.,-0.000994217225429099,6.08782471389454E-20));
#6062=CARTESIAN_POINT('',(8.00006234024343,-0.00199331234280546,1.22055179015881E-19));
#6063=CARTESIAN_POINT('',(9.039353784679,1.10218211923262E-16,1.8));
#6064=CARTESIAN_POINT('',(9.039353784679,-0.000463968038533469,1.8));
#6065=CARTESIAN_POINT('',(9.0393828767926,-0.00093021242664244,1.8));
#6066=CARTESIAN_POINT('',(8.00018677210612,-0.00298127707883424,1.82550571598286E-19));
#6067=CARTESIAN_POINT('',(8.0003112039688,-0.00396924181486313,2.43045964180698E-19));
#6068=CARTESIAN_POINT('',(8.00049788880846,-0.00494994420605058,3.03096666394891E-19));
#6069=CARTESIAN_POINT('',(9.03944094499519,-0.0013912626367892,1.8));
#6070=CARTESIAN_POINT('',(9.03949901319777,-0.00185231284693602,1.8));
#6071=CARTESIAN_POINT('',(9.03958613278961,-0.00230997396282349,1.8));
#6072=CARTESIAN_POINT('',(8.00074264969699,-0.00591523117260824,3.62203446087566E-19));
#6073=CARTESIAN_POINT('',(8.00123217147407,-0.00784580510572334,4.80417005472902E-19));
#6074=CARTESIAN_POINT('',(8.00195664779873,-0.00971489456943077,5.9486572692537E-19));
#6075=CARTESIAN_POINT('',(9.03970035453759,-0.00276044121388373,1.8));
#6076=CARTESIAN_POINT('',(9.03992879803356,-0.00366137571600411,1.8));
#6077=CARTESIAN_POINT('',(9.04026688698507,-0.00453361746573425,1.8));
#6078=CARTESIAN_POINT('',(8.0028575467272,-0.0114909716292401,7.03619081242096E-19));
#6079=CARTESIAN_POINT('',(8.00375844565568,-0.0132670486890494,8.12372435558822E-19));
#6080=CARTESIAN_POINT('',(8.00483626928533,-0.0149517807994964,9.15532524882805E-19));
#6081=CARTESIAN_POINT('',(9.04068730648503,-0.0053624534269786,1.8));
#6082=CARTESIAN_POINT('',(9.04110772598498,-0.00619128938822295,1.8));
#6083=CARTESIAN_POINT('',(9.04161071034549,-0.00697749770643154,1.8));
#6084=CARTESIAN_POINT('',(8.00603312992401,-0.0165439486449112,1.01302468766243E-18));
#6085=CARTESIAN_POINT('',(8.00722999056269,-0.0181361164903259,1.11051685044206E-18));
#6086=CARTESIAN_POINT('',(8.00854597941129,-0.0196369536076392,1.20241661903002E-18));
#6087=CARTESIAN_POINT('',(9.0421692453102,-0.0077205093676251,1.8));
#6088=CARTESIAN_POINT('',(9.04272778027492,-0.00846352102881866,1.8));
#6089=CARTESIAN_POINT('',(9.04334190840427,-0.00916391168356487,1.8));
#6090=CARTESIAN_POINT('',(8.00994286590924,-0.0210571745247579,1.2893800690416E-18));
#6091=CARTESIAN_POINT('',(8.01133975240718,-0.0224773954418766,1.37634351905318E-18));
#6092=CARTESIAN_POINT('',(8.01281556706916,-0.0238184341151274,1.45845845498965E-18));
#6093=CARTESIAN_POINT('',(9.04399378876997,-0.00982668144488692,1.8));
#6094=CARTESIAN_POINT('',(9.04464566913568,-0.010489451206209,1.8));
#6095=CARTESIAN_POINT('',(9.0453343826446,-0.011115269253726,1.8));
#6096=CARTESIAN_POINT('',(8.01434696969411,-0.0250921994819889,1.53645408895923E-18));
#6097=CARTESIAN_POINT('',(8.01587837231906,-0.0263659648488503,1.61444972292881E-18));
#6098=CARTESIAN_POINT('',(8.01746402370342,-0.0275736471813847,1.68839893807506E-18));
#6099=CARTESIAN_POINT('',(9.04604903720292,-0.0117096930915947,1.8));
#6100=CARTESIAN_POINT('',(9.04676369176123,-0.0123041169294634,1.8));
#6101=CARTESIAN_POINT('',(9.04750366240726,-0.0128677020179794,1.8));
#6102=CARTESIAN_POINT('',(8.01908946507902,-0.0287252291649478,1.75891299758137E-18));
#6103=CARTESIAN_POINT('',(8.02234034783021,-0.0310283931320737,1.89994111659399E-18));
#6104=CARTESIAN_POINT('',(8.02574300832554,-0.0331121946438924,2.02753715916935E-18));
#6105=CARTESIAN_POINT('',(9.04826220171587,-0.0134051069436422,1.8));
#6106=CARTESIAN_POINT('',(9.0497792803331,-0.0144799167949676,1.8));
#6107=CARTESIAN_POINT('',(9.05136718856425,-0.015452357500483,1.8));
#6108=CARTESIAN_POINT('',(8.02922561076099,-0.0350451378701571,2.14589579591828E-18));
#6109=CARTESIAN_POINT('',(8.03096691197872,-0.0360116094832894,2.20507511429274E-18));
#6110=CARTESIAN_POINT('',(8.0327310272183,-0.0369377359106471,2.26178400253621E-18));
#6111=CARTESIAN_POINT('',(9.05299240303413,-0.0163543976727399,1.8));
#6112=CARTESIAN_POINT('',(9.05380501026907,-0.0168054177588683,1.8));
#6113=CARTESIAN_POINT('',(9.05462826404754,-0.0172376100916352,1.8));
#6114=CARTESIAN_POINT('',(8.03451164770855,-0.0378305734352841,2.31645453337148E-18));
#6115=CARTESIAN_POINT('',(8.0362922681988,-0.0387234109599212,2.37112506420675E-18));
#6116=CARTESIAN_POINT('',(8.03808876836155,-0.0395839368645103,2.42381707893867E-18));
#6117=CARTESIAN_POINT('',(9.05545922027632,-0.0176542676031325,1.8));
#6118=CARTESIAN_POINT('',(9.0562901765051,-0.0180709251146298,1.8));
#6119=CARTESIAN_POINT('',(9.05712854324772,-0.0184725038701047,1.8));
#6120=CARTESIAN_POINT('',(8.039899284063,-0.0404145337695199,2.47467647099376E-18));
#6121=CARTESIAN_POINT('',(8.0435203154659,-0.0420757275795391,2.57639525510393E-18));
#6122=CARTESIAN_POINT('',(8.04719165415017,-0.0436247348424468,2.67124459442273E-18));
#6123=CARTESIAN_POINT('',(9.05797345057506,-0.0188601157591092,1.8));
#6124=CARTESIAN_POINT('',(9.05966326522975,-0.0196353395371181,1.8));
#6125=CARTESIAN_POINT('',(9.06137655661574,-0.0203582095931417,1.8));
#6126=CARTESIAN_POINT('',(8.05089910437477,-0.0450826790387217,2.7605179290879E-18));
#6127=CARTESIAN_POINT('',(8.05831400482395,-0.0479985674312714,2.93906459841824E-18));
#6128=CARTESIAN_POINT('',(8.06586209297134,-0.0505665248778617,3.09630664178392E-18));
#6129=CARTESIAN_POINT('',(9.06310670005389,-0.0210385835514034,1.8));
#6130=CARTESIAN_POINT('',(9.06656698693018,-0.0223993314679265,1.8));
#6131=CARTESIAN_POINT('',(9.07008942806562,-0.0235977116096687,1.8));
#6132=CARTESIAN_POINT('',(8.073479157562,-0.052902423479442,3.23933917906182E-18));
#6133=CARTESIAN_POINT('',(8.08109622215266,-0.0552383220810223,3.38237171633972E-18));
#6134=CARTESIAN_POINT('',(8.08878401616101,-0.0573400751163057,3.51106697270263E-18));
#6135=CARTESIAN_POINT('',(9.07364405820793,-0.0246877976237395,1.8));
#6136=CARTESIAN_POINT('',(9.07719868835024,-0.0257778836378103,1.8));
#6137=CARTESIAN_POINT('',(9.08078632555414,-0.0267587017209425,1.8));
#6138=CARTESIAN_POINT('',(8.09651370304672,-0.0592706709203696,3.62928187129734E-18));
#6139=CARTESIAN_POINT('',(8.10424338993243,-0.0612012667244336,3.74749676989205E-18));
#6140=CARTESIAN_POINT('',(8.11201591447017,-0.0629594316926646,3.8551533249279E-18));
#6141=CARTESIAN_POINT('',(9.08439351276747,-0.0276596464295057,1.8));
#6142=CARTESIAN_POINT('',(9.0880006999808,-0.0285605911380689,1.8));
#6143=CARTESIAN_POINT('',(9.09162787809841,-0.0293810681232433,1.8));
#6144=CARTESIAN_POINT('',(8.11981520477085,-0.0645856201787586,3.95472865114317E-18));
#6145=CARTESIAN_POINT('',(8.12761449507153,-0.0662118086648526,4.05430397735844E-18));
#6146=CARTESIAN_POINT('',(8.13544236094277,-0.0677017113201285,4.14553420324968E-18));
#6147=CARTESIAN_POINT('',(9.09526754690539,-0.0301399560834206,1.8));
#6148=CARTESIAN_POINT('',(9.09890721571238,-0.0308988440435978,1.8));
#6149=CARTESIAN_POINT('',(9.10256021978562,-0.0315941319493932,1.8));
#6150=CARTESIAN_POINT('',(8.14328853258248,-0.0690848682362011,4.23022813774902E-18));
#6151=CARTESIAN_POINT('',(8.15113470422218,-0.0704680251522736,4.31492207224835E-18));
#6152=CARTESIAN_POINT('',(8.15899955966095,-0.0717434666224902,4.39302033794838E-18));
#6153=CARTESIAN_POINT('',(9.10622176655082,-0.0322396051768937,1.8));
#6154=CARTESIAN_POINT('',(9.10988331331601,-0.0328850784043942,1.8));
#6155=CARTESIAN_POINT('',(9.11355357918744,-0.0334802844238287,1.8));
#6156=CARTESIAN_POINT('',(8.16687834060564,-0.0729265341739116,4.46546233244955E-18));
#6157=CARTESIAN_POINT('',(8.17475712155033,-0.074109601725333,4.53790432695071E-18));
#6158=CARTESIAN_POINT('',(8.1826493586266,-0.0752021760552837,4.60480520975095E-18));
#6159=CARTESIAN_POINT('',(9.1172303436283,-0.034032382614492,1.8));
#6160=CARTESIAN_POINT('',(9.12090710806915,-0.0345844808051553,1.8));
#6161=CARTESIAN_POINT('',(9.12459015203808,-0.035094348825799,1.8));
#6162=CARTESIAN_POINT('',(8.19055211105606,-0.0762142747563817,4.66677838148699E-18));
#6163=CARTESIAN_POINT('',(8.19845486348552,-0.0772263734574797,4.72875155322303E-18));
#6164=CARTESIAN_POINT('',(8.20636676641034,-0.0781632415233123,4.78611817712529E-18));
#6165=CARTESIAN_POINT('',(9.12827810317183,-0.035566661552978,1.8));
#6166=CARTESIAN_POINT('',(9.13196605430557,-0.0360389742801571,1.8));
#6167=CARTESIAN_POINT('',(9.13565827567049,-0.0364761793775456,1.8));
#6168=CARTESIAN_POINT('',(8.21428690294738,-0.0790285556728895,4.83910338730212E-18));
#6169=CARTESIAN_POINT('',(8.23012717602146,-0.0807591839720439,4.94507380765579E-18));
#6170=CARTESIAN_POINT('',(8.24599531597582,-0.0822230577788724,5.0347102262502E-18));
#6171=CARTESIAN_POINT('',(9.13935433938778,-0.0368799926473483,1.8));
#6172=CARTESIAN_POINT('',(9.14674646682234,-0.0376876191869537,1.8));
#6173=CARTESIAN_POINT('',(9.15415159880105,-0.038370760296807,1.8));
#6174=CARTESIAN_POINT('',(8.2618813811617,-0.0834640937658145,5.11070176370196E-18));
#6175=CARTESIAN_POINT('',(8.29365351153345,-0.0859461657396986,5.26268483860549E-18));
#6176=CARTESIAN_POINT('',(8.32548861160529,-0.0875727591318668,5.36228495816714E-18));
#6177=CARTESIAN_POINT('',(9.16156509588779,-0.0389499104240466,1.8));
#6178=CARTESIAN_POINT('',(9.17639209006127,-0.0401082106785259,1.8));
#6179=CARTESIAN_POINT('',(9.1912484700948,-0.0408672875948711,1.8));
#6180=CARTESIAN_POINT('',(8.3573398640851,-0.088603914165631,5.42542499374334E-18));
#6181=CARTESIAN_POINT('',(8.373265490325,-0.0891194916825132,5.45699501153145E-18));
#6182=CARTESIAN_POINT('',(8.38919614158698,-0.0894814261673556,5.47915710694961E-18));
#6183=CARTESIAN_POINT('',(9.20611238791871,-0.0413484932772944,1.8));
#6184=CARTESIAN_POINT('',(9.21354434683066,-0.041589096118506,1.8));
#6185=CARTESIAN_POINT('',(9.22097865075292,-0.0417579988780992,1.8));
#6186=CARTESIAN_POINT('',(8.40512872567451,-0.0897109033349513,5.49320853088829E-18));
#6187=CARTESIAN_POINT('',(8.42106130976203,-0.089940380502547,5.50725995482696E-18));
#6188=CARTESIAN_POINT('',(8.43699548182756,-0.0900407086438507,5.51340328168256E-18));
#6189=CARTESIAN_POINT('',(9.22841385666043,-0.0418650882229772,1.8));
#6190=CARTESIAN_POINT('',(9.23584906256795,-0.0419721775678552,1.8));
#6191=CARTESIAN_POINT('',(9.24328500953186,-0.0420189973671302,1.8));
#6192=CARTESIAN_POINT('',(8.45292976350934,-0.0900240163405529,5.51238117289236E-18));
#6193=CARTESIAN_POINT('',(8.46089690435023,-0.090015670188904,5.51187011849725E-18));
#6194=CARTESIAN_POINT('',(8.46886374538079,-0.0899812115199545,5.50976013356566E-18));
#6195=CARTESIAN_POINT('',(9.25072100765002,-0.0420112076255912,1.8));
#6196=CARTESIAN_POINT('',(9.2544390067091,-0.0420073127548218,1.8));
#6197=CARTESIAN_POINT('',(9.2581568658567,-0.0419912320426453,1.8));
#6198=CARTESIAN_POINT('',(8.47683056506218,-0.0899178217494961,5.50587862959114E-18));
#6199=CARTESIAN_POINT('',(8.48479738474356,-0.0898544319790378,5.50199712561661E-18));
#6200=CARTESIAN_POINT('',(8.49276412832151,-0.0897627614338556,5.49638392362994E-18));
#6201=CARTESIAN_POINT('',(9.26187471504135,-0.0419616501497648,1.8));
#6202=CARTESIAN_POINT('',(9.26559256422599,-0.0419320682568842,1.8));
#6203=CARTESIAN_POINT('',(9.2693103778957,-0.0418892886691325,1.8));
#6204=CARTESIAN_POINT('',(8.50073032909975,-0.0896477401054563,5.48934089854704E-18));
#6205=CARTESIAN_POINT('',(8.51666273065623,-0.0894176974486577,5.47525484838125E-18));
#6206=CARTESIAN_POINT('',(8.5325938155626,-0.0890840528548347,5.45482500918735E-18));
#6207=CARTESIAN_POINT('',(9.27302793825888,-0.0418356120492128,1.8));
#6208=CARTESIAN_POINT('',(9.28046305898524,-0.0417282588093735,1.8));
#6209=CARTESIAN_POINT('',(9.28789756527488,-0.0415725579989228,1.8));
#6210=CARTESIAN_POINT('',(8.54852220891907,-0.0886649763837854,5.42916397624392E-18));
#6211=CARTESIAN_POINT('',(8.56445060227554,-0.0882458999127361,5.4035029433005E-18));
#6212=CARTESIAN_POINT('',(8.58037691392516,-0.0877330528413992,5.37210011708226E-18));
#6213=CARTESIAN_POINT('',(9.2953308155079,-0.0413769889790998,1.8));
#6214=CARTESIAN_POINT('',(9.30276406574092,-0.0411814199592767,1.8));
#6215=CARTESIAN_POINT('',(9.31019634451074,-0.0409420913259862,1.8));
#6216=CARTESIAN_POINT('',(8.59630003192477,-0.0871429152224981,5.33596460978007E-18));
#6217=CARTESIAN_POINT('',(8.61222314992438,-0.086552777603597,5.29982910247789E-18));
#6218=CARTESIAN_POINT('',(8.62814335360087,-0.0858820658556707,5.25875985271546E-18));
#6219=CARTESIAN_POINT('',(9.31762713291056,-0.040666693770499,1.8));
#6220=CARTESIAN_POINT('',(9.32505792131038,-0.0403912962150118,1.8));
#6221=CARTESIAN_POINT('',(9.33248734969274,-0.0400782973993129,1.8));
#6222=CARTESIAN_POINT('',(8.64406015468792,-0.0851395313518455,5.21329272754716E-18));
#6223=CARTESIAN_POINT('',(8.67589375686202,-0.0836544623441951,5.12235847721056E-18));
#6224=CARTESIAN_POINT('',(8.70771378321378,-0.0818858621586902,5.01406294940307E-18));
#6225=CARTESIAN_POINT('',(9.33991519020003,-0.0397317812975278,1.8));
#6226=CARTESIAN_POINT('',(9.3547708712146,-0.0390387490939576,1.8));
#6227=CARTESIAN_POINT('',(9.36962021684543,-0.038213402340722,1.8));
#6228=CARTESIAN_POINT('',(8.73951890929834,-0.0798807582963283,4.89128574805309E-18));
#6229=CARTESIAN_POINT('',(8.7713240353829,-0.0778756544339664,4.76850854670312E-18));
#6230=CARTESIAN_POINT('',(8.80311428218815,-0.0756408620209131,4.63166697793289E-18));
#6231=CARTESIAN_POINT('',(9.38446260901822,-0.0372776872049531,1.8));
#6232=CARTESIAN_POINT('',(9.39930500119102,-0.0363419720691842,1.8));
#6233=CARTESIAN_POINT('',(9.41414044970014,-0.0352990689430927,1.8));
#6234=CARTESIAN_POINT('',(8.83488952127382,-0.0732081335248633,4.4827053196388E-18));
#6235=CARTESIAN_POINT('',(8.86666476035949,-0.0707754050288136,4.3337436613447E-18));
#6236=CARTESIAN_POINT('',(8.89842503793095,-0.0681508318248878,4.17303490267892E-18));
#6237=CARTESIAN_POINT('',(9.42896889460678,-0.0341637956449361,1.8));
#6238=CARTESIAN_POINT('',(9.44379733951343,-0.0330285223467796,1.8));
#6239=CARTESIAN_POINT('',(9.4586188023801,-0.0318037215182809,1.8));
#6240=CARTESIAN_POINT('',(8.93017064792872,-0.0653588022704651,4.00207239983149E-18));
#6241=CARTESIAN_POINT('',(8.96191625792649,-0.0625667727160424,3.83110989698406E-18));
#6242=CARTESIAN_POINT('',(8.99364723613991,-0.0596092870987489,3.65001613224692E-18));
#6243=CARTESIAN_POINT('',(9.47343342037907,-0.0305007743928836,1.8));
#6244=CARTESIAN_POINT('',(9.48824803837803,-0.0291978272674864,1.8));
#6245=CARTESIAN_POINT('',(9.50305582821095,-0.0278176673127494,1.8));
#6246=CARTESIAN_POINT('',(9.0253639330529,-0.0565069332079978,3.46005174414039E-18));
#6247=CARTESIAN_POINT('',(9.05708062996589,-0.0534045793172468,3.27008735603386E-18));
#6248=CARTESIAN_POINT('',(9.08878302854083,-0.0501554572611987,3.07113600973494E-18));
#6249=CARTESIAN_POINT('',(9.51785695343702,-0.0263699021637322,1.8));
#6250=CARTESIAN_POINT('',(9.53265807866308,-0.0249221370147151,1.8));
#6251=CARTESIAN_POINT('',(9.54745253133139,-0.0234058800552259,1.8));
#6252=CARTESIAN_POINT('',(9.12047123392581,-0.0467738492862207,2.86407224060854E-18));
#6253=CARTESIAN_POINT('',(9.18384764469575,-0.0400106333362647,2.44994470235575E-18));
#6254=CARTESIAN_POINT('',(9.24716787514084,-0.0327227945109531,2.00369327784976E-18));
#6255=CARTESIAN_POINT('',(9.56224036051104,-0.0218277963335695,1.8));
#6256=CARTESIAN_POINT('',(9.59181601887035,-0.0186716288902568,1.8));
#6257=CARTESIAN_POINT('',(9.62136545974472,-0.0152706374384447,1.8));
#6258=CARTESIAN_POINT('',(9.3104264296291,-0.0249343045594342,1.52678581338382E-18));
#6259=CARTESIAN_POINT('',(9.37368498411736,-0.0171458146079153,1.04987834891787E-18));
#6260=CARTESIAN_POINT('',(9.43688207650399,-0.008856070382627,5.42277912355391E-19));
#6261=CARTESIAN_POINT('',(9.5,0.,0.));
#6262=CARTESIAN_POINT('',(9.65088611850591,-0.0116360087944025,1.8));
#6263=CARTESIAN_POINT('',(9.6804067772671,-0.00800138015036037,1.8));
#6264=CARTESIAN_POINT('',(9.70989875371419,-0.00413283284522582,1.8));
#6265=CARTESIAN_POINT('',(9.739353784679,1.10218211923262E-16,1.8));
#6266=B_SPLINE_SURFACE_WITH_KNOTS('Surf_APDMWQXHON, WingGeom, 0, 13, lower',1,3,((#6267, #6268, #6269, #6273, #6274, #6275, #6279, #6280, #6281, #6285, #6286, #6287, #6291, #6292, #6293, #6297, #6298, #6299, #6303, #6304, #6305, #6309, #6310, #6311, #6315, #6316, #6317, #6321, #6322, #6323, #6327, #6328, #6329, #6333, #6334, #6335, #6339, #6340, #6341, #6345, #6346, #6347, #6351, #6352, #6353, #6357, #6358, #6359, #6363, #6364, #6365, #6369, #6370, #6371, #6375, #6376, #6377, #6381, #6382, #6383, #6387, #6388, #6389, #6393, #6394, #6395, #6399, #6400, #6401, #6405, #6406, #6407, #6411, #6412, #6413, #6417, #6418, #6419, #6423, #6424, #6425, #6429, #6430, #6431, #6435, #6436, #6437, #6441, #6442, #6443, #6447, #6448, #6449, #6453, #6454, #6455, #6459, #6460, #6461, #6465, #6466, #6467, #6468),(#6270, #6271, #6272, #6276, #6277, #6278, #6282, #6283, #6284, #6288, #6289, #6290, #6294, #6295, #6296, #6300, #6301, #6302, #6306, #6307, #6308, #6312, #6313, #6314, #6318, #6319, #6320, #6324, #6325, #6326, #6330, #6331, #6332, #6336, #6337, #6338, #6342, #6343, #6344, #6348, #6349, #6350, #6354, #6355, #6356, #6360, #6361, #6362, #6366, #6367, #6368, #6372, #6373, #6374, #6378, #6379, #6380, #6384, #6385, #6386, #6390, #6391, #6392, #6396, #6397, #6398, #6402, #6403, #6404, #6408, #6409, #6410, #6414, #6415, #6416, #6420, #6421, #6422, #6426, #6427, #6428, #6432, #6433, #6434, #6438, #6439, #6440, #6444, #6445, #6446, #6450, #6451, #6452, #6456, #6457, #6458, #6462, #6463, #6464, #6469, #6470, #6471, #6472)),.UNSPECIFIED.,.F.,.F.,.F.,(2,2),(4,3,3,3,3,3,3,3,3,3,3,3,3,3,3,3,3,3,3,3,3,3,3,3,3,3,3,3,3,3,3,3,3,3,4),(0.,1.),(0.,1.,2.,3.,4.,5.,6.,7.,8.,9.,10.,11.,12.,13.,14.,15.,16.,17.,18.,19.,20.,21.,22.,23.,24.,25.,26.,27.,28.,29.,30.,31.,32.,33.,34.),.PIECEWISE_BEZIER_KNOTS.);
#6267=CARTESIAN_POINT('',(9.739353784679,1.10218211923262E-16,1.8));
#6268=CARTESIAN_POINT('',(9.70989875371421,0.00413283284522518,1.8));
#6269=CARTESIAN_POINT('',(9.6804067772671,0.00800138015036059,1.8));
#6270=CARTESIAN_POINT('',(9.739353784679,1.10218211923262E-16,1.8));
#6271=CARTESIAN_POINT('',(9.7098987537142,-3.20860571856975E-16,1.8));
#6272=CARTESIAN_POINT('',(9.6804067772671,1.10218211923262E-16,1.8));
#6273=CARTESIAN_POINT('',(9.65088611850591,0.0116360087944027,1.8));
#6274=CARTESIAN_POINT('',(9.62136545974472,0.0152706374384449,1.8));
#6275=CARTESIAN_POINT('',(9.59181601887035,0.018671628890257,1.8));
#6276=CARTESIAN_POINT('',(9.65088611850591,1.04146679757343E-16,1.8));
#6277=CARTESIAN_POINT('',(9.62136545974472,1.01544594543378E-16,1.8));
#6278=CARTESIAN_POINT('',(9.59181601887035,1.25830723207053E-16,1.8));
#6279=CARTESIAN_POINT('',(9.56224036051104,0.0218277963335698,1.8));
#6280=CARTESIAN_POINT('',(9.54745253133139,0.0234058800552262,1.8));
#6281=CARTESIAN_POINT('',(9.53265807866308,0.0249221370147153,1.8));
#6282=CARTESIAN_POINT('',(9.56224036051104,1.34504340586937E-16,1.8));
#6283=CARTESIAN_POINT('',(9.54745253133139,1.36239064062914E-16,1.8));
#6284=CARTESIAN_POINT('',(9.53265807866308,1.43177957966821E-16,1.8));
#6285=CARTESIAN_POINT('',(9.51785695343702,0.0263699021637325,1.8));
#6286=CARTESIAN_POINT('',(9.50305582821095,0.0278176673127496,1.8));
#6287=CARTESIAN_POINT('',(9.48824803837803,0.0291978272674866,1.8));
#6288=CARTESIAN_POINT('',(9.51785695343702,1.36239064062914E-16,1.8));
#6289=CARTESIAN_POINT('',(9.50305582821095,1.31034893634983E-16,1.8));
#6290=CARTESIAN_POINT('',(9.48824803837803,1.25830723207053E-16,1.8));
#6291=CARTESIAN_POINT('',(9.47343342037907,0.0305007743928839,1.8));
#6292=CARTESIAN_POINT('',(9.4586188023801,0.0318037215182811,1.8));
#6293=CARTESIAN_POINT('',(9.44379733951343,0.0330285223467798,1.8));
#6294=CARTESIAN_POINT('',(9.47343342037907,1.2756544668303E-16,1.8));
#6295=CARTESIAN_POINT('',(9.4586188023801,1.31034893634983E-16,1.8));
#6296=CARTESIAN_POINT('',(9.44379733951343,1.24095999731076E-16,1.8));
#6297=CARTESIAN_POINT('',(9.42896889460678,0.0341637956449364,1.8));
#6298=CARTESIAN_POINT('',(9.41414044970013,0.0352990689430929,1.8));
#6299=CARTESIAN_POINT('',(9.39930500119102,0.0363419720691845,1.8));
#6300=CARTESIAN_POINT('',(9.42896889460678,1.2756544668303E-16,1.8));
#6301=CARTESIAN_POINT('',(9.41414044970014,1.2756544668303E-16,1.8));
#6302=CARTESIAN_POINT('',(9.39930500119102,1.2756544668303E-16,1.8));
#6303=CARTESIAN_POINT('',(9.38446260901822,0.0372776872049534,1.8));
#6304=CARTESIAN_POINT('',(9.36962021684543,0.0382134023407223,1.8));
#6305=CARTESIAN_POINT('',(9.3547708712146,0.0390387490939578,1.8));
#6306=CARTESIAN_POINT('',(9.38446260901822,1.31034893634983E-16,1.8));
#6307=CARTESIAN_POINT('',(9.36962021684543,1.34504340586937E-16,1.8));
#6308=CARTESIAN_POINT('',(9.3547708712146,1.24095999731076E-16,1.8));
#6309=CARTESIAN_POINT('',(9.33991519020002,0.039731781297528,1.8));
#6310=CARTESIAN_POINT('',(9.33248734969274,0.0400782973993131,1.8));
#6311=CARTESIAN_POINT('',(9.32505792131038,0.0403912962150121,1.8));
#6312=CARTESIAN_POINT('',(9.33991519020003,1.24095999731076E-16,1.8));
#6313=CARTESIAN_POINT('',(9.33248734969274,1.24095999731076E-16,1.8));
#6314=CARTESIAN_POINT('',(9.32505792131038,1.24095999731076E-16,1.8));
#6315=CARTESIAN_POINT('',(9.31762713291056,0.0406666937704993,1.8));
#6316=CARTESIAN_POINT('',(9.31019634451074,0.0409420913259864,1.8));
#6317=CARTESIAN_POINT('',(9.30276406574092,0.041181419959277,1.8));
#6318=CARTESIAN_POINT('',(9.31762713291056,1.24095999731076E-16,1.8));
#6319=CARTESIAN_POINT('',(9.31019634451074,1.24095999731076E-16,1.8));
#6320=CARTESIAN_POINT('',(9.30276406574092,1.24095999731076E-16,1.8));
#6321=CARTESIAN_POINT('',(9.2953308155079,0.0413769889791,1.8));
#6322=CARTESIAN_POINT('',(9.28789756527488,0.041572557998923,1.8));
#6323=CARTESIAN_POINT('',(9.28046305898524,0.0417282588093737,1.8));
#6324=CARTESIAN_POINT('',(9.2953308155079,1.20626552779123E-16,1.8));
#6325=CARTESIAN_POINT('',(9.28789756527488,1.17157105827169E-16,1.8));
#6326=CARTESIAN_POINT('',(9.28046305898524,1.17157105827169E-16,1.8));
#6327=CARTESIAN_POINT('',(9.27302793825888,0.0418356120492131,1.8));
#6328=CARTESIAN_POINT('',(9.2693103778957,0.0418892886691327,1.8));
#6329=CARTESIAN_POINT('',(9.26559256422599,0.0419320682568844,1.8));
#6330=CARTESIAN_POINT('',(9.27302793825888,1.17157105827169E-16,1.8));
#6331=CARTESIAN_POINT('',(9.2693103778957,1.17157105827169E-16,1.8));
#6332=CARTESIAN_POINT('',(9.26559256422599,1.10218211923262E-16,1.8));
#6333=CARTESIAN_POINT('',(9.26187471504135,0.041961650149765,1.8));
#6334=CARTESIAN_POINT('',(9.2581568658567,0.0419912320426455,1.8));
#6335=CARTESIAN_POINT('',(9.2544390067091,0.042007312754822,1.8));
#6336=CARTESIAN_POINT('',(9.26187471504135,1.10218211923262E-16,1.8));
#6337=CARTESIAN_POINT('',(9.2581568658567,1.10218211923262E-16,1.8));
#6338=CARTESIAN_POINT('',(9.2544390067091,1.13687658875215E-16,1.8));
#6339=CARTESIAN_POINT('',(9.25072100765002,0.0420112076255915,1.8));
#6340=CARTESIAN_POINT('',(9.24328500953186,0.0420189973671305,1.8));
#6341=CARTESIAN_POINT('',(9.23584906256794,0.0419721775678554,1.8));
#6342=CARTESIAN_POINT('',(9.25072100765002,1.13687658875215E-16,1.8));
#6343=CARTESIAN_POINT('',(9.24328500953186,1.10218211923262E-16,1.8));
#6344=CARTESIAN_POINT('',(9.23584906256795,1.06748764971308E-16,1.8));
#6345=CARTESIAN_POINT('',(9.22841385666043,0.0418650882229774,1.8));
#6346=CARTESIAN_POINT('',(9.22097865075292,0.0417579988780994,1.8));
#6347=CARTESIAN_POINT('',(9.21354434683066,0.0415890961185063,1.8));
#6348=CARTESIAN_POINT('',(9.22841385666043,1.03279318019355E-16,1.8));
#6349=CARTESIAN_POINT('',(9.22097865075292,9.98098710674009E-17,1.8));
#6350=CARTESIAN_POINT('',(9.21354434683066,1.06748764971308E-16,1.8));
#6351=CARTESIAN_POINT('',(9.20611238791871,0.0413484932772946,1.8));
#6352=CARTESIAN_POINT('',(9.1912484700948,0.0408672875948713,1.8));
#6353=CARTESIAN_POINT('',(9.17639209006127,0.0401082106785261,1.8));
#6354=CARTESIAN_POINT('',(9.20611238791871,1.06748764971308E-16,1.8));
#6355=CARTESIAN_POINT('',(9.1912484700948,9.98098710674009E-17,1.8));
#6356=CARTESIAN_POINT('',(9.17639209006127,1.13687658875215E-16,1.8));
#6357=CARTESIAN_POINT('',(9.16156509588779,0.0389499104240468,1.8));
#6358=CARTESIAN_POINT('',(9.15415159880105,0.0383707602968072,1.8));
#6359=CARTESIAN_POINT('',(9.14674646682234,0.0376876191869539,1.8));
#6360=CARTESIAN_POINT('',(9.16156509588779,8.94015302115401E-17,1.8));
#6361=CARTESIAN_POINT('',(9.15415159880105,7.89931893556793E-17,1.8));
#6362=CARTESIAN_POINT('',(9.14674646682234,8.24626363076329E-17,1.8));
#6363=CARTESIAN_POINT('',(9.13935433938778,0.0368799926473485,1.8));
#6364=CARTESIAN_POINT('',(9.13565827567049,0.0364761793775458,1.8));
#6365=CARTESIAN_POINT('',(9.13196605430557,0.0360389742801573,1.8));
#6366=CARTESIAN_POINT('',(9.13935433938778,8.59320832595865E-17,1.8));
#6367=CARTESIAN_POINT('',(9.13565827567049,8.59320832595865E-17,1.8));
#6368=CARTESIAN_POINT('',(9.13196605430557,8.24626363076329E-17,1.8));
#6369=CARTESIAN_POINT('',(9.12827810317182,0.0355666615529782,1.8));
#6370=CARTESIAN_POINT('',(9.12459015203808,0.0350943488257991,1.8));
#6371=CARTESIAN_POINT('',(9.12090710806915,0.0345844808051554,1.8));
#6372=CARTESIAN_POINT('',(9.12827810317182,7.89931893556793E-17,1.8));
#6373=CARTESIAN_POINT('',(9.12459015203808,7.55237424037256E-17,1.8));
#6374=CARTESIAN_POINT('',(9.12090710806915,7.55237424037256E-17,1.8));
#6375=CARTESIAN_POINT('',(9.11723034362829,0.0340323826144922,1.8));
#6376=CARTESIAN_POINT('',(9.11355357918744,0.0334802844238289,1.8));
#6377=CARTESIAN_POINT('',(9.10988331331601,0.0328850784043944,1.8));
#6378=CARTESIAN_POINT('',(9.1172303436283,8.59320832595865E-17,1.8));
#6379=CARTESIAN_POINT('',(9.11355357918744,9.63404241154473E-17,1.8));
#6380=CARTESIAN_POINT('',(9.10988331331601,7.89931893556793E-17,1.8));
#6381=CARTESIAN_POINT('',(9.10622176655082,0.0322396051768939,1.8));
#6382=CARTESIAN_POINT('',(9.10256021978562,0.0315941319493934,1.8));
#6383=CARTESIAN_POINT('',(9.09890721571238,0.0308988440435979,1.8));
#6384=CARTESIAN_POINT('',(9.10622176655082,7.55237424037256E-17,1.8));
#6385=CARTESIAN_POINT('',(9.10256021978562,6.85848484998184E-17,1.8));
#6386=CARTESIAN_POINT('',(9.09890721571238,7.37890189277488E-17,1.8));
#6387=CARTESIAN_POINT('',(9.09526754690539,0.0301399560834207,1.8));
#6388=CARTESIAN_POINT('',(9.09162787809841,0.0293810681232435,1.8));
#6389=CARTESIAN_POINT('',(9.0880006999808,0.028560591138069,1.8));
#6390=CARTESIAN_POINT('',(9.09526754690539,7.89931893556793E-17,1.8));
#6391=CARTESIAN_POINT('',(9.09162787809841,8.76668067355633E-17,1.8));
#6392=CARTESIAN_POINT('',(9.0880006999808,3.56251024562591E-17,1.8));
#6393=CARTESIAN_POINT('',(9.08439351276747,0.0276596464295058,1.8));
#6394=CARTESIAN_POINT('',(9.08078632555414,0.0267587017209426,1.8));
#6395=CARTESIAN_POINT('',(9.07719868835024,0.0257778836378105,1.8));
#6396=CARTESIAN_POINT('',(9.08439351276747,4.08292728841895E-17,1.8));
#6397=CARTESIAN_POINT('',(9.08078632555414,4.77681667880967E-17,1.8));
#6398=CARTESIAN_POINT('',(9.07719868835024,8.41973597836097E-17,1.8));
#6399=CARTESIAN_POINT('',(9.07364405820793,0.0246877976237396,1.8));
#6400=CARTESIAN_POINT('',(9.07008942806562,0.0235977116096688,1.8));
#6401=CARTESIAN_POINT('',(9.06656698693018,0.0223993314679267,1.8));
#6402=CARTESIAN_POINT('',(9.07364405820793,6.85848484998184E-17,1.8));
#6403=CARTESIAN_POINT('',(9.07008942806562,4.60334433121199E-17,1.8));
#6404=CARTESIAN_POINT('',(9.06656698693018,8.41973597836097E-17,1.8));
#6405=CARTESIAN_POINT('',(9.06310670005389,0.0210385835514035,1.8));
#6406=CARTESIAN_POINT('',(9.06137655661574,0.0203582095931418,1.8));
#6407=CARTESIAN_POINT('',(9.05966326522975,0.0196353395371182,1.8));
#6408=CARTESIAN_POINT('',(9.06310670005389,5.12376137400503E-17,1.8));
#6409=CARTESIAN_POINT('',(9.06137655661574,4.25639963601663E-17,1.8));
#6410=CARTESIAN_POINT('',(9.05966326522975,5.99112311199344E-17,1.8));
#6411=CARTESIAN_POINT('',(9.05797345057506,0.0188601157591093,1.8));
#6412=CARTESIAN_POINT('',(9.05712854324772,0.0184725038701048,1.8));
#6413=CARTESIAN_POINT('',(9.0562901765051,0.0180709251146298,1.8));
#6414=CARTESIAN_POINT('',(9.05797345057506,4.42987198361431E-17,1.8));
#6415=CARTESIAN_POINT('',(9.05712854324772,2.69514850763751E-17,1.8));
#6416=CARTESIAN_POINT('',(9.0562901765051,9.60425031660698E-18,1.8));
#6417=CARTESIAN_POINT('',(9.05545922027632,0.0176542676031325,1.8));
#6418=CARTESIAN_POINT('',(9.05462826404754,0.0172376100916352,1.8));
#6419=CARTESIAN_POINT('',(9.05380501026907,0.0168054177588683,1.8));
#6420=CARTESIAN_POINT('',(9.05545922027632,-8.04090539253863E-19,1.8));
#6421=CARTESIAN_POINT('',(9.05462826404754,-6.00826096718428E-18,1.8));
#6422=CARTESIAN_POINT('',(9.05380501026907,3.04209320283287E-17,1.8));
#6423=CARTESIAN_POINT('',(9.05299240303413,0.01635439767274,1.8));
#6424=CARTESIAN_POINT('',(9.05136718856425,0.0154523575004832,1.8));
#6425=CARTESIAN_POINT('',(9.04977928033309,0.0144799167949675,1.8));
#6426=CARTESIAN_POINT('',(9.05299240303413,5.12376137400503E-17,1.8));
#6427=CARTESIAN_POINT('',(9.05136718856425,9.20036154255053E-17,1.8));
#6428=CARTESIAN_POINT('',(9.04977928033309,-8.23360939101638E-17,1.8));
#6429=CARTESIAN_POINT('',(9.04826220171587,0.0134051069436422,1.8));
#6430=CARTESIAN_POINT('',(9.04750366240726,0.0128677020179795,1.8));
#6431=CARTESIAN_POINT('',(9.04676369176123,0.0123041169294636,1.8));
#6432=CARTESIAN_POINT('',(9.04826220171587,-7.74298444316109E-18,1.8));
#6433=CARTESIAN_POINT('',(9.04750366240726,4.51660815741315E-17,1.8));
#6434=CARTESIAN_POINT('',(9.04676369176123,9.11362536875169E-17,1.8));
#6435=CARTESIAN_POINT('',(9.04604903720292,0.0117096930915949,1.8));
#6436=CARTESIAN_POINT('',(9.0453343826446,0.0111152692537261,1.8));
#6437=CARTESIAN_POINT('',(9.04464566913568,0.0104894512062088,1.8));
#6438=CARTESIAN_POINT('',(9.04604903720292,8.67994449975749E-17,1.8));
#6439=CARTESIAN_POINT('',(9.0453343826446,5.81765076439576E-17,1.8));
#6440=CARTESIAN_POINT('',(9.04464566913568,-6.58562208883841E-17,1.8));
#6441=CARTESIAN_POINT('',(9.04399378876997,0.00982668144488696,1.8));
#6442=CARTESIAN_POINT('',(9.04334190840427,0.00916391168356507,1.8));
#6443=CARTESIAN_POINT('',(9.04272778027492,0.00846352102881903,1.8));
#6444=CARTESIAN_POINT('',(9.04399378876997,1.8277867696491E-17,1.8));
#6445=CARTESIAN_POINT('',(9.04334190840427,1.02411956281366E-16,1.8));
#6446=CARTESIAN_POINT('',(9.04272778027492,1.83943959652276E-16,1.8));
#6447=CARTESIAN_POINT('',(9.0421692453102,0.00772050936762522,1.8));
#6448=CARTESIAN_POINT('',(9.04161071034549,0.00697749770643143,1.8));
#6449=CARTESIAN_POINT('',(9.04110772598498,0.00619128938822273,1.8));
#6450=CARTESIAN_POINT('',(9.0421692453102,5.81765076439576E-17,1.8));
#6451=CARTESIAN_POINT('',(9.04161071034549,-5.63152417705117E-17,1.8));
#6452=CARTESIAN_POINT('',(9.04110772598498,-1.05321179966856E-16,1.8));
#6453=CARTESIAN_POINT('',(9.04068730648503,0.00536245342697853,1.8));
#6454=CARTESIAN_POINT('',(9.04026688698507,0.00453361746573431,1.8));
#6455=CARTESIAN_POINT('',(9.03992879803356,0.00366137571600435,1.8));
#6456=CARTESIAN_POINT('',(9.04068730648503,-3.15954322378422E-17,1.8));
#6457=CARTESIAN_POINT('',(9.04026688698507,2.99872511593345E-17,1.8));
#6458=CARTESIAN_POINT('',(9.03992879803356,1.20409712344626E-16,1.8));
#6459=CARTESIAN_POINT('',(9.03970035453759,0.00276044121388403,1.8));
#6460=CARTESIAN_POINT('',(9.03958613278961,0.00230997396282386,1.8));
#6461=CARTESIAN_POINT('',(9.03949901319777,0.00185231284693636,1.8));
#6462=CARTESIAN_POINT('',(9.03970035453759,1.49683171001734E-16,1.8));
#6463=CARTESIAN_POINT('',(9.03958613278961,1.83510278783282E-16,1.8));
#6464=CARTESIAN_POINT('',(9.03949901319777,1.71475634668693E-16,1.8));
#6465=CARTESIAN_POINT('',(9.03944094499519,0.00139126263678952,1.8));
#6466=CARTESIAN_POINT('',(9.0393828767926,0.000930212426642702,1.8));
#6467=CARTESIAN_POINT('',(9.039353784679,0.00046396803853369,1.8));
#6468=CARTESIAN_POINT('',(9.039353784679,1.10218211923262E-16,1.8));
#6469=CARTESIAN_POINT('',(9.03944094499519,1.57923107512624E-16,1.8));
#6470=CARTESIAN_POINT('',(9.0393828767926,1.31251734069481E-16,1.8));
#6471=CARTESIAN_POINT('',(9.039353784679,1.10272422031886E-16,1.8));
#6472=CARTESIAN_POINT('',(9.039353784679,1.10218211923262E-16,1.8));
#6473=B_SPLINE_SURFACE_WITH_KNOTS('Surf_APDMWQXHON, WingGeom, 0, 16, upper',1,3,((#6474, #6475, #6476, #6480, #6481, #6482, #6486, #6487, #6488, #6492, #6493, #6494, #6498, #6499, #6500, #6504, #6505, #6506, #6510, #6511, #6512, #6516, #6517, #6518, #6522, #6523, #6524, #6528, #6529, #6530, #6534, #6535, #6536, #6540, #6541, #6542, #6546, #6547, #6548, #6552, #6553, #6554, #6558, #6559, #6560, #6564, #6565, #6566, #6570, #6571, #6572, #6576, #6577, #6578, #6582, #6583, #6584, #6588, #6589, #6590, #6594, #6595, #6596, #6600, #6601, #6602, #6606, #6607, #6608, #6612, #6613, #6614, #6618, #6619, #6620, #6624, #6625, #6626, #6630, #6631, #6632, #6636, #6637, #6638, #6642, #6643, #6644, #6648, #6649, #6650, #6654, #6655, #6656, #6660, #6661, #6662, #6666, #6667, #6668, #6672, #6673, #6674, #6675),(#6477, #6478, #6479, #6483, #6484, #6485, #6489, #6490, #6491, #6495, #6496, #6497, #6501, #6502, #6503, #6507, #6508, #6509, #6513, #6514, #6515, #6519, #6520, #6521, #6525, #6526, #6527, #6531, #6532, #6533, #6537, #6538, #6539, #6543, #6544, #6545, #6549, #6550, #6551, #6555, #6556, #6557, #6561, #6562, #6563, #6567, #6568, #6569, #6573, #6574, #6575, #6579, #6580, #6581, #6585, #6586, #6587, #6591, #6592, #6593, #6597, #6598, #6599, #6603, #6604, #6605, #6609, #6610, #6611, #6615, #6616, #6617, #6621, #6622, #6623, #6627, #6628, #6629, #6633, #6634, #6635, #6639, #6640, #6641, #6645, #6646, #6647, #6651, #6652, #6653, #6657, #6658, #6659, #6663, #6664, #6665, #6669, #6670, #6671, #6676, #6677, #6678, #6679)),.UNSPECIFIED.,.F.,.F.,.F.,(2,2),(4,3,3,3,3,3,3,3,3,3,3,3,3,3,3,3,3,3,3,3,3,3,3,3,3,3,3,3,3,3,3,3,3,3,4),(0.,1.),(0.,1.,2.,3.,4.,5.,6.,7.,8.,9.,10.,11.,12.,13.,14.,15.,16.,17.,18.,19.,20.,21.,22.,23.,24.,25.,26.,27.,28.,29.,30.,31.,32.,33.,34.),.PIECEWISE_BEZIER_KNOTS.);
#6474=CARTESIAN_POINT('',(9.039353784679,1.10218211923262E-16,1.8));
#6475=CARTESIAN_POINT('',(9.039353784679,-0.000463968038533469,1.8));
#6476=CARTESIAN_POINT('',(9.0393828767926,-0.00093021242664244,1.8));
#6477=CARTESIAN_POINT('',(9.039353784679,1.10218211923262E-16,1.8));
#6478=CARTESIAN_POINT('',(9.039353784679,1.10272422031886E-16,1.8));
#6479=CARTESIAN_POINT('',(9.0393828767926,1.31251734069481E-16,1.8));
#6480=CARTESIAN_POINT('',(9.03944094499519,-0.0013912626367892,1.8));
#6481=CARTESIAN_POINT('',(9.03949901319777,-0.00185231284693602,1.8));
#6482=CARTESIAN_POINT('',(9.03958613278961,-0.00230997396282349,1.8));
#6483=CARTESIAN_POINT('',(9.03944094499519,1.57923107512624E-16,1.8));
#6484=CARTESIAN_POINT('',(9.03949901319777,1.71475634668693E-16,1.8));
#6485=CARTESIAN_POINT('',(9.03958613278961,1.83510278783282E-16,1.8));
#6486=CARTESIAN_POINT('',(9.03970035453759,-0.00276044121388373,1.8));
#6487=CARTESIAN_POINT('',(9.03992879803356,-0.00366137571600411,1.8));
#6488=CARTESIAN_POINT('',(9.04026688698507,-0.00453361746573425,1.8));
#6489=CARTESIAN_POINT('',(9.03970035453759,1.49683171001734E-16,1.8));
#6490=CARTESIAN_POINT('',(9.03992879803356,1.20409712344626E-16,1.8));
#6491=CARTESIAN_POINT('',(9.04026688698507,2.99872511593345E-17,1.8));
#6492=CARTESIAN_POINT('',(9.04068730648503,-0.0053624534269786,1.8));
#6493=CARTESIAN_POINT('',(9.04110772598498,-0.00619128938822295,1.8));
#6494=CARTESIAN_POINT('',(9.04161071034549,-0.00697749770643154,1.8));
#6495=CARTESIAN_POINT('',(9.04068730648503,-3.15954322378422E-17,1.8));
#6496=CARTESIAN_POINT('',(9.04110772598498,-1.05321179966856E-16,1.8));
#6497=CARTESIAN_POINT('',(9.04161071034549,-5.63152417705117E-17,1.8));
#6498=CARTESIAN_POINT('',(9.0421692453102,-0.0077205093676251,1.8));
#6499=CARTESIAN_POINT('',(9.04272778027492,-0.00846352102881866,1.8));
#6500=CARTESIAN_POINT('',(9.04334190840427,-0.00916391168356487,1.8));
#6501=CARTESIAN_POINT('',(9.0421692453102,5.81765076439576E-17,1.8));
#6502=CARTESIAN_POINT('',(9.04272778027492,1.83943959652276E-16,1.8));
#6503=CARTESIAN_POINT('',(9.04334190840427,1.02411956281366E-16,1.8));
#6504=CARTESIAN_POINT('',(9.04399378876997,-0.00982668144488692,1.8));
#6505=CARTESIAN_POINT('',(9.04464566913568,-0.010489451206209,1.8));
#6506=CARTESIAN_POINT('',(9.0453343826446,-0.011115269253726,1.8));
#6507=CARTESIAN_POINT('',(9.04399378876997,1.8277867696491E-17,1.8));
#6508=CARTESIAN_POINT('',(9.04464566913568,-6.58562208883841E-17,1.8));
#6509=CARTESIAN_POINT('',(9.0453343826446,5.81765076439576E-17,1.8));
#6510=CARTESIAN_POINT('',(9.04604903720292,-0.0117096930915947,1.8));
#6511=CARTESIAN_POINT('',(9.04676369176123,-0.0123041169294634,1.8));
#6512=CARTESIAN_POINT('',(9.04750366240726,-0.0128677020179794,1.8));
#6513=CARTESIAN_POINT('',(9.04604903720292,8.67994449975749E-17,1.8));
#6514=CARTESIAN_POINT('',(9.04676369176123,9.11362536875169E-17,1.8));
#6515=CARTESIAN_POINT('',(9.04750366240726,4.51660815741315E-17,1.8));
#6516=CARTESIAN_POINT('',(9.04826220171587,-0.0134051069436422,1.8));
#6517=CARTESIAN_POINT('',(9.0497792803331,-0.0144799167949676,1.8));
#6518=CARTESIAN_POINT('',(9.05136718856425,-0.015452357500483,1.8));
#6519=CARTESIAN_POINT('',(9.04826220171587,-7.74298444316109E-18,1.8));
#6520=CARTESIAN_POINT('',(9.04977928033309,-8.23360939101638E-17,1.8));
#6521=CARTESIAN_POINT('',(9.05136718856425,9.20036154255053E-17,1.8));
#6522=CARTESIAN_POINT('',(9.05299240303413,-0.0163543976727399,1.8));
#6523=CARTESIAN_POINT('',(9.05380501026907,-0.0168054177588683,1.8));
#6524=CARTESIAN_POINT('',(9.05462826404754,-0.0172376100916352,1.8));
#6525=CARTESIAN_POINT('',(9.05299240303413,5.12376137400503E-17,1.8));
#6526=CARTESIAN_POINT('',(9.05380501026907,3.04209320283287E-17,1.8));
#6527=CARTESIAN_POINT('',(9.05462826404754,-6.00826096718428E-18,1.8));
#6528=CARTESIAN_POINT('',(9.05545922027632,-0.0176542676031325,1.8));
#6529=CARTESIAN_POINT('',(9.0562901765051,-0.0180709251146298,1.8));
#6530=CARTESIAN_POINT('',(9.05712854324772,-0.0184725038701047,1.8));
#6531=CARTESIAN_POINT('',(9.05545922027632,-8.04090539253863E-19,1.8));
#6532=CARTESIAN_POINT('',(9.0562901765051,9.60425031660698E-18,1.8));
#6533=CARTESIAN_POINT('',(9.05712854324772,2.69514850763751E-17,1.8));
#6534=CARTESIAN_POINT('',(9.05797345057506,-0.0188601157591092,1.8));
#6535=CARTESIAN_POINT('',(9.05966326522975,-0.0196353395371181,1.8));
#6536=CARTESIAN_POINT('',(9.06137655661574,-0.0203582095931417,1.8));
#6537=CARTESIAN_POINT('',(9.05797345057506,4.42987198361431E-17,1.8));
#6538=CARTESIAN_POINT('',(9.05966326522975,5.99112311199344E-17,1.8));
#6539=CARTESIAN_POINT('',(9.06137655661574,4.25639963601663E-17,1.8));
#6540=CARTESIAN_POINT('',(9.06310670005389,-0.0210385835514034,1.8));
#6541=CARTESIAN_POINT('',(9.06656698693018,-0.0223993314679265,1.8));
#6542=CARTESIAN_POINT('',(9.07008942806562,-0.0235977116096687,1.8));
#6543=CARTESIAN_POINT('',(9.06310670005389,5.12376137400503E-17,1.8));
#6544=CARTESIAN_POINT('',(9.06656698693018,8.41973597836097E-17,1.8));
#6545=CARTESIAN_POINT('',(9.07008942806562,4.60334433121199E-17,1.8));
#6546=CARTESIAN_POINT('',(9.07364405820793,-0.0246877976237395,1.8));
#6547=CARTESIAN_POINT('',(9.07719868835024,-0.0257778836378103,1.8));
#6548=CARTESIAN_POINT('',(9.08078632555414,-0.0267587017209425,1.8));
#6549=CARTESIAN_POINT('',(9.07364405820793,6.85848484998184E-17,1.8));
#6550=CARTESIAN_POINT('',(9.07719868835024,8.41973597836097E-17,1.8));
#6551=CARTESIAN_POINT('',(9.08078632555414,4.77681667880967E-17,1.8));
#6552=CARTESIAN_POINT('',(9.08439351276747,-0.0276596464295057,1.8));
#6553=CARTESIAN_POINT('',(9.0880006999808,-0.0285605911380689,1.8));
#6554=CARTESIAN_POINT('',(9.09162787809841,-0.0293810681232433,1.8));
#6555=CARTESIAN_POINT('',(9.08439351276747,4.08292728841895E-17,1.8));
#6556=CARTESIAN_POINT('',(9.0880006999808,3.56251024562591E-17,1.8));
#6557=CARTESIAN_POINT('',(9.09162787809841,8.76668067355633E-17,1.8));
#6558=CARTESIAN_POINT('',(9.09526754690539,-0.0301399560834206,1.8));
#6559=CARTESIAN_POINT('',(9.09890721571238,-0.0308988440435978,1.8));
#6560=CARTESIAN_POINT('',(9.10256021978562,-0.0315941319493932,1.8));
#6561=CARTESIAN_POINT('',(9.09526754690539,7.89931893556793E-17,1.8));
#6562=CARTESIAN_POINT('',(9.09890721571238,7.37890189277488E-17,1.8));
#6563=CARTESIAN_POINT('',(9.10256021978562,6.85848484998184E-17,1.8));
#6564=CARTESIAN_POINT('',(9.10622176655082,-0.0322396051768937,1.8));
#6565=CARTESIAN_POINT('',(9.10988331331601,-0.0328850784043942,1.8));
#6566=CARTESIAN_POINT('',(9.11355357918744,-0.0334802844238287,1.8));
#6567=CARTESIAN_POINT('',(9.10622176655082,7.55237424037256E-17,1.8));
#6568=CARTESIAN_POINT('',(9.10988331331601,7.89931893556793E-17,1.8));
#6569=CARTESIAN_POINT('',(9.11355357918744,9.63404241154473E-17,1.8));
#6570=CARTESIAN_POINT('',(9.1172303436283,-0.034032382614492,1.8));
#6571=CARTESIAN_POINT('',(9.12090710806915,-0.0345844808051553,1.8));
#6572=CARTESIAN_POINT('',(9.12459015203808,-0.035094348825799,1.8));
#6573=CARTESIAN_POINT('',(9.1172303436283,8.59320832595865E-17,1.8));
#6574=CARTESIAN_POINT('',(9.12090710806915,7.55237424037256E-17,1.8));
#6575=CARTESIAN_POINT('',(9.12459015203808,7.55237424037256E-17,1.8));
#6576=CARTESIAN_POINT('',(9.12827810317183,-0.035566661552978,1.8));
#6577=CARTESIAN_POINT('',(9.13196605430557,-0.0360389742801571,1.8));
#6578=CARTESIAN_POINT('',(9.13565827567049,-0.0364761793775456,1.8));
#6579=CARTESIAN_POINT('',(9.12827810317182,7.89931893556793E-17,1.8));
#6580=CARTESIAN_POINT('',(9.13196605430557,8.24626363076329E-17,1.8));
#6581=CARTESIAN_POINT('',(9.13565827567049,8.59320832595865E-17,1.8));
#6582=CARTESIAN_POINT('',(9.13935433938778,-0.0368799926473483,1.8));
#6583=CARTESIAN_POINT('',(9.14674646682234,-0.0376876191869537,1.8));
#6584=CARTESIAN_POINT('',(9.15415159880105,-0.038370760296807,1.8));
#6585=CARTESIAN_POINT('',(9.13935433938778,8.59320832595865E-17,1.8));
#6586=CARTESIAN_POINT('',(9.14674646682234,8.24626363076329E-17,1.8));
#6587=CARTESIAN_POINT('',(9.15415159880105,7.89931893556793E-17,1.8));
#6588=CARTESIAN_POINT('',(9.16156509588779,-0.0389499104240466,1.8));
#6589=CARTESIAN_POINT('',(9.17639209006127,-0.0401082106785259,1.8));
#6590=CARTESIAN_POINT('',(9.1912484700948,-0.0408672875948711,1.8));
#6591=CARTESIAN_POINT('',(9.16156509588779,8.94015302115401E-17,1.8));
#6592=CARTESIAN_POINT('',(9.17639209006127,1.13687658875215E-16,1.8));
#6593=CARTESIAN_POINT('',(9.1912484700948,9.98098710674009E-17,1.8));
#6594=CARTESIAN_POINT('',(9.20611238791871,-0.0413484932772944,1.8));
#6595=CARTESIAN_POINT('',(9.21354434683066,-0.041589096118506,1.8));
#6596=CARTESIAN_POINT('',(9.22097865075292,-0.0417579988780992,1.8));
#6597=CARTESIAN_POINT('',(9.20611238791871,1.06748764971308E-16,1.8));
#6598=CARTESIAN_POINT('',(9.21354434683066,1.06748764971308E-16,1.8));
#6599=CARTESIAN_POINT('',(9.22097865075292,9.98098710674009E-17,1.8));
#6600=CARTESIAN_POINT('',(9.22841385666043,-0.0418650882229772,1.8));
#6601=CARTESIAN_POINT('',(9.23584906256795,-0.0419721775678552,1.8));
#6602=CARTESIAN_POINT('',(9.24328500953186,-0.0420189973671302,1.8));
#6603=CARTESIAN_POINT('',(9.22841385666043,1.03279318019355E-16,1.8));
#6604=CARTESIAN_POINT('',(9.23584906256795,1.06748764971308E-16,1.8));
#6605=CARTESIAN_POINT('',(9.24328500953186,1.10218211923262E-16,1.8));
#6606=CARTESIAN_POINT('',(9.25072100765002,-0.0420112076255912,1.8));
#6607=CARTESIAN_POINT('',(9.2544390067091,-0.0420073127548218,1.8));
#6608=CARTESIAN_POINT('',(9.2581568658567,-0.0419912320426453,1.8));
#6609=CARTESIAN_POINT('',(9.25072100765002,1.13687658875215E-16,1.8));
#6610=CARTESIAN_POINT('',(9.2544390067091,1.13687658875215E-16,1.8));
#6611=CARTESIAN_POINT('',(9.2581568658567,1.10218211923262E-16,1.8));
#6612=CARTESIAN_POINT('',(9.26187471504135,-0.0419616501497648,1.8));
#6613=CARTESIAN_POINT('',(9.26559256422599,-0.0419320682568842,1.8));
#6614=CARTESIAN_POINT('',(9.2693103778957,-0.0418892886691325,1.8));
#6615=CARTESIAN_POINT('',(9.26187471504135,1.10218211923262E-16,1.8));
#6616=CARTESIAN_POINT('',(9.26559256422599,1.10218211923262E-16,1.8));
#6617=CARTESIAN_POINT('',(9.2693103778957,1.17157105827169E-16,1.8));
#6618=CARTESIAN_POINT('',(9.27302793825888,-0.0418356120492128,1.8));
#6619=CARTESIAN_POINT('',(9.28046305898524,-0.0417282588093735,1.8));
#6620=CARTESIAN_POINT('',(9.28789756527488,-0.0415725579989228,1.8));
#6621=CARTESIAN_POINT('',(9.27302793825888,1.17157105827169E-16,1.8));
#6622=CARTESIAN_POINT('',(9.28046305898524,1.17157105827169E-16,1.8));
#6623=CARTESIAN_POINT('',(9.28789756527488,1.17157105827169E-16,1.8));
#6624=CARTESIAN_POINT('',(9.2953308155079,-0.0413769889790998,1.8));
#6625=CARTESIAN_POINT('',(9.30276406574092,-0.0411814199592767,1.8));
#6626=CARTESIAN_POINT('',(9.31019634451074,-0.0409420913259862,1.8));
#6627=CARTESIAN_POINT('',(9.2953308155079,1.20626552779123E-16,1.8));
#6628=CARTESIAN_POINT('',(9.30276406574092,1.24095999731076E-16,1.8));
#6629=CARTESIAN_POINT('',(9.31019634451074,1.24095999731076E-16,1.8));
#6630=CARTESIAN_POINT('',(9.31762713291056,-0.040666693770499,1.8));
#6631=CARTESIAN_POINT('',(9.32505792131038,-0.0403912962150118,1.8));
#6632=CARTESIAN_POINT('',(9.33248734969274,-0.0400782973993129,1.8));
#6633=CARTESIAN_POINT('',(9.31762713291056,1.24095999731076E-16,1.8));
#6634=CARTESIAN_POINT('',(9.32505792131038,1.24095999731076E-16,1.8));
#6635=CARTESIAN_POINT('',(9.33248734969274,1.24095999731076E-16,1.8));
#6636=CARTESIAN_POINT('',(9.33991519020003,-0.0397317812975278,1.8));
#6637=CARTESIAN_POINT('',(9.3547708712146,-0.0390387490939576,1.8));
#6638=CARTESIAN_POINT('',(9.36962021684543,-0.038213402340722,1.8));
#6639=CARTESIAN_POINT('',(9.33991519020003,1.24095999731076E-16,1.8));
#6640=CARTESIAN_POINT('',(9.3547708712146,1.24095999731076E-16,1.8));
#6641=CARTESIAN_POINT('',(9.36962021684543,1.34504340586937E-16,1.8));
#6642=CARTESIAN_POINT('',(9.38446260901822,-0.0372776872049531,1.8));
#6643=CARTESIAN_POINT('',(9.39930500119102,-0.0363419720691842,1.8));
#6644=CARTESIAN_POINT('',(9.41414044970014,-0.0352990689430927,1.8));
#6645=CARTESIAN_POINT('',(9.38446260901822,1.31034893634983E-16,1.8));
#6646=CARTESIAN_POINT('',(9.39930500119102,1.2756544668303E-16,1.8));
#6647=CARTESIAN_POINT('',(9.41414044970014,1.2756544668303E-16,1.8));
#6648=CARTESIAN_POINT('',(9.42896889460678,-0.0341637956449361,1.8));
#6649=CARTESIAN_POINT('',(9.44379733951343,-0.0330285223467796,1.8));
#6650=CARTESIAN_POINT('',(9.4586188023801,-0.0318037215182809,1.8));
#6651=CARTESIAN_POINT('',(9.42896889460678,1.2756544668303E-16,1.8));
#6652=CARTESIAN_POINT('',(9.44379733951343,1.24095999731076E-16,1.8));
#6653=CARTESIAN_POINT('',(9.4586188023801,1.31034893634983E-16,1.8));
#6654=CARTESIAN_POINT('',(9.47343342037907,-0.0305007743928836,1.8));
#6655=CARTESIAN_POINT('',(9.48824803837803,-0.0291978272674864,1.8));
#6656=CARTESIAN_POINT('',(9.50305582821095,-0.0278176673127494,1.8));
#6657=CARTESIAN_POINT('',(9.47343342037907,1.2756544668303E-16,1.8));
#6658=CARTESIAN_POINT('',(9.48824803837803,1.25830723207053E-16,1.8));
#6659=CARTESIAN_POINT('',(9.50305582821095,1.31034893634983E-16,1.8));
#6660=CARTESIAN_POINT('',(9.51785695343702,-0.0263699021637322,1.8));
#6661=CARTESIAN_POINT('',(9.53265807866308,-0.0249221370147151,1.8));
#6662=CARTESIAN_POINT('',(9.54745253133139,-0.0234058800552259,1.8));
#6663=CARTESIAN_POINT('',(9.51785695343702,1.36239064062914E-16,1.8));
#6664=CARTESIAN_POINT('',(9.53265807866308,1.43177957966821E-16,1.8));
#6665=CARTESIAN_POINT('',(9.54745253133139,1.36239064062914E-16,1.8));
#6666=CARTESIAN_POINT('',(9.56224036051104,-0.0218277963335695,1.8));
#6667=CARTESIAN_POINT('',(9.59181601887035,-0.0186716288902568,1.8));
#6668=CARTESIAN_POINT('',(9.62136545974472,-0.0152706374384447,1.8));
#6669=CARTESIAN_POINT('',(9.56224036051104,1.34504340586937E-16,1.8));
#6670=CARTESIAN_POINT('',(9.59181601887035,1.25830723207053E-16,1.8));
#6671=CARTESIAN_POINT('',(9.62136545974472,1.01544594543378E-16,1.8));
#6672=CARTESIAN_POINT('',(9.65088611850591,-0.0116360087944025,1.8));
#6673=CARTESIAN_POINT('',(9.6804067772671,-0.00800138015036037,1.8));
#6674=CARTESIAN_POINT('',(9.70989875371419,-0.00413283284522582,1.8));
#6675=CARTESIAN_POINT('',(9.739353784679,1.10218211923262E-16,1.8));
#6676=CARTESIAN_POINT('',(9.65088611850591,1.04146679757343E-16,1.8));
#6677=CARTESIAN_POINT('',(9.6804067772671,1.10218211923262E-16,1.8));
#6678=CARTESIAN_POINT('',(9.7098987537142,-3.20860571856975E-16,1.8));
#6679=CARTESIAN_POINT('',(9.739353784679,1.10218211923262E-16,1.8));
#6680=GEOMETRIC_SET('APDMWQXHON, WingGeom, 0',(#5438,#5645,#5852,#6059,#6266,#6473));
#6681=GEOMETRICALLY_BOUNDED_SURFACE_SHAPE_REPRESENTATION('',(#6680),#15);
#6682=SHAPE_REPRESENTATION_RELATIONSHIP('','',#29,#6681);
ENDSEC;
END-ISO-10303-21;
